antecedents,consequents,antecedent support,consequent support,support,confidence,lift,representativity,leverage,conviction,zhangs_metric,jaccard,certainty,kulczynski
"frozenset({'Hand Sanitizer 200ml', 'Instant Coffee 100g'})","frozenset({'Face Wash 100ml', 'Choco Cookies 150g'})",0.028,0.0274,0.0206,0.7357142857142857,26.850886339937432,1.0,0.0198328,3.6801081081081075,0.9904910304047305,0.5919540229885056,0.7282688522663846,0.7437695516162669
"frozenset({'Face Wash 100ml', 'Choco Cookies 150g'})","frozenset({'Hand Sanitizer 200ml', 'Instant Coffee 100g'})",0.0274,0.028,0.0206,0.7518248175182481,26.850886339937432,1.0,0.0198328,3.916588235294117,0.989879993371785,0.5919540229885056,0.7446757381874981,0.7437695516162669
"frozenset({'Face Wash 100ml', 'Instant Coffee 100g'})","frozenset({'Choco Cookies 150g', 'Hand Sanitizer 200ml'})",0.0278,0.0276,0.0206,0.7410071942446044,26.848086747992912,1.0,0.01983272,3.7545444444444454,0.9902832730490152,0.5919540229885057,0.7336561026785319,0.7436920029194036
"frozenset({'Choco Cookies 150g', 'Hand Sanitizer 200ml'})","frozenset({'Face Wash 100ml', 'Instant Coffee 100g'})",0.0276,0.0278,0.0206,0.7463768115942029,26.848086747992912,1.0,0.01983272,3.833245714285714,0.9900795948768536,0.5919540229885057,0.7391244719133953,0.7436920029194036
"frozenset({'Poha 500g', 'Choco Cookies 150g'})","frozenset({'Ghee 500ml', 'Instant Coffee 100g'})",0.0302,0.0298,0.0234,0.7748344370860927,26.001155606915862,1.0,0.02250004,4.308829411764705,0.9914829562179531,0.6393442622950821,0.7679184055721425,0.7800346682074759
"frozenset({'Ghee 500ml', 'Instant Coffee 100g'})","frozenset({'Poha 500g', 'Choco Cookies 150g'})",0.0298,0.0302,0.0234,0.785234899328859,26.001155606915862,1.0,0.02250004,4.515631249999999,0.991074181550372,0.6393442622950821,0.7785470193120839,0.7800346682074759
"frozenset({'Poha 500g', 'Instant Coffee 100g'})","frozenset({'Choco Cookies 150g', 'Ghee 500ml'})",0.03,0.0308,0.0234,0.78,25.324675324675326,1.0,0.022476,4.405454545454546,0.9902194025905366,0.6256684491978609,0.7730086669418077,0.7698701298701298
"frozenset({'Choco Cookies 150g', 'Ghee 500ml'})","frozenset({'Poha 500g', 'Instant Coffee 100g'})",0.0308,0.03,0.0234,0.7597402597402597,25.324675324675326,1.0,0.022476,4.037297297297297,0.991036752489497,0.6256684491978609,0.752309546123979,0.7698701298701298
"frozenset({'Poha 500g', 'White Bread 400g'})","frozenset({'Toned Milk 1L', 'Ghee 500ml'})",0.0368,0.0364,0.0292,0.7934782608695652,21.79885332059245,1.0,0.02786048,4.665852631578947,0.9905793473808765,0.6636363636363637,0.785676900030682,0.7978380315336837
"frozenset({'Toned Milk 1L', 'Ghee 500ml'})","frozenset({'Poha 500g', 'White Bread 400g'})",0.0364,0.0368,0.0292,0.8021978021978021,21.79885332059245,1.0,0.02786048,4.86951111111111,0.9901681479838732,0.6636363636363637,0.7946405753714721,0.7978380315336837
"frozenset({'Poha 500g', 'Toned Milk 1L'})","frozenset({'Ghee 500ml', 'White Bread 400g'})",0.0368,0.0366,0.0292,0.7934782608695652,21.679733903540033,1.0,0.027853120000000002,4.664884210526315,0.9903176625859009,0.6606334841628961,0.7856324069644646,0.7956462342599192
"frozenset({'Ghee 500ml', 'White Bread 400g'})","frozenset({'Poha 500g', 'Toned Milk 1L'})",0.0366,0.0368,0.0292,0.7978142076502732,21.679733903540033,1.0,0.027853120000000002,4.763935135135135,0.9901120745305582,0.6606334841628961,0.7900895012980411,0.7956462342599192
"frozenset({'Poha 500g', 'Cola 750ml'})","frozenset({'Ghee 500ml', 'Potato Chips 90g'})",0.0344,0.0368,0.0272,0.7906976744186046,21.48634984833165,1.0,0.025934079999999998,4.601955555555555,0.987426287830791,0.6181818181818182,0.7827010739395811,0.7649140546006066
"frozenset({'Ghee 500ml', 'Potato Chips 90g'})","frozenset({'Poha 500g', 'Cola 750ml'})",0.0368,0.0344,0.0272,0.7391304347826086,21.486349848331646,1.0,0.025934079999999998,3.7014666666666662,0.9898866523353527,0.6181818181818182,0.7298368214401498,0.7649140546006066
"frozenset({'Cola 750ml', 'Ghee 500ml'})","frozenset({'Poha 500g', 'Potato Chips 90g'})",0.0358,0.0356,0.0272,0.7597765363128491,21.342037536877786,1.0,0.025925519999999997,4.014595348837209,0.9885336212892126,0.6153846153846155,0.7509088929000924,0.7619107400665369
"frozenset({'Poha 500g', 'Potato Chips 90g'})","frozenset({'Cola 750ml', 'Ghee 500ml'})",0.0356,0.0358,0.0272,0.7640449438202247,21.342037536877786,1.0,0.025925519999999997,4.086371428571428,0.9883286163905627,0.6153846153846155,0.7552841151423199,0.7619107400665369
"frozenset({'Hand Sanitizer 200ml', 'Potato Chips 90g'})","frozenset({'Face Wash 100ml', 'Cola 750ml'})",0.0348,0.0318,0.0236,0.67816091954023,21.325815079881444,1.0,0.02249336,3.008335714285715,0.9874725182099784,0.5488372093023256,0.667590290787265,0.710149642160052
"frozenset({'Face Wash 100ml', 'Cola 750ml'})","frozenset({'Hand Sanitizer 200ml', 'Potato Chips 90g'})",0.0318,0.0348,0.0236,0.7421383647798742,21.325815079881444,1.0,0.02249336,3.7430926829268287,0.9844128016693569,0.5488372093023256,0.7328412399294179,0.710149642160052
"frozenset({'Hand Sanitizer 200ml', 'Cola 750ml'})","frozenset({'Face Wash 100ml', 'Potato Chips 90g'})",0.0342,0.0324,0.0236,0.6900584795321637,21.298101220128512,1.0,0.02249192,3.1218792452830186,0.9867958766070808,0.5488372093023256,0.6796801152668083,0.7092267706302794
"frozenset({'Face Wash 100ml', 'Potato Chips 90g'})","frozenset({'Hand Sanitizer 200ml', 'Cola 750ml'})",0.0324,0.0342,0.0236,0.7283950617283951,21.298101220128512,1.0,0.02249192,3.5559000000000003,0.9849601670391883,0.5488372093023256,0.7187772434545403,0.7092267706302794
"frozenset({'Choco Cookies 150g', 'Cola 750ml'})","frozenset({'Potato Chips 90g', 'Instant Coffee 100g'})",0.0366,0.0378,0.029,0.7923497267759563,20.961632983490908,1.0,0.027616520000000002,4.633752631578947,0.988471863300237,0.6387665198237886,0.7841921916191605,0.7797727469858617
"frozenset({'Potato Chips 90g', 'Instant Coffee 100g'})","frozenset({'Choco Cookies 150g', 'Cola 750ml'})",0.0378,0.0366,0.029,0.7671957671957672,20.961632983490908,1.0,0.027616520000000002,4.13824090909091,0.9897046280434924,0.6387665198237886,0.7583514295160548,0.7797727469858617
"frozenset({'Cola 750ml', 'Instant Coffee 100g'})","frozenset({'Choco Cookies 150g', 'Potato Chips 90g'})",0.038,0.0374,0.029,0.7631578947368421,20.40529130312412,1.0,0.0275788,4.064311111111111,0.9885583195928024,0.6250000000000001,0.7539558432753398,0.7692794821277793
"frozenset({'Choco Cookies 150g', 'Potato Chips 90g'})","frozenset({'Cola 750ml', 'Instant Coffee 100g'})",0.0374,0.038,0.029,0.7754010695187166,20.40529130312412,1.0,0.0275788,4.283190476190476,0.9879421394642383,0.6250000000000001,0.7665291782938841,0.7692794821277793
"frozenset({'Choco Cookies 150g', 'Basmati Rice 5kg'})","frozenset({'Instant Coffee 100g', 'Cooking Oil 1L'})",0.0342,0.0366,0.0236,0.6900584795321637,18.85405681781868,1.0,0.022348279999999998,3.108328301886792,0.9804939086240967,0.49999999999999994,0.6782836615446998,0.6674336113507813
"frozenset({'Instant Coffee 100g', 'Cooking Oil 1L'})","frozenset({'Choco Cookies 150g', 'Basmati Rice 5kg'})",0.0366,0.0342,0.0236,0.6448087431693988,18.85405681781868,1.0,0.022348279999999998,2.719098461538461,0.9829364925774885,0.49999999999999994,0.6322310449051551,0.6674336113507813
"frozenset({'Choco Cookies 150g', 'Toor Dal 1kg'})","frozenset({'Basmati Rice 5kg', 'Instant Coffee 100g'})",0.038,0.0338,0.0242,0.6368421052631579,18.841482404235443,1.0,0.0229156,2.6605507246376807,0.984330166148348,0.5084033613445378,0.6241379686019022,0.6764092183120524
"frozenset({'Basmati Rice 5kg', 'Instant Coffee 100g'})","frozenset({'Choco Cookies 150g', 'Toor Dal 1kg'})",0.0338,0.038,0.0242,0.7159763313609468,18.841482404235443,1.0,0.0229156,3.3870416666666676,0.9800513556558795,0.5084033613445378,0.7047571012068055,0.6764092183120524
"frozenset({'Instant Coffee 100g', 'Toor Dal 1kg'})","frozenset({'Choco Cookies 150g', 'Basmati Rice 5kg'})",0.0378,0.0342,0.0242,0.6402116402116402,18.719638602679538,1.0,0.02290724,2.6843558823529414,0.983766540520948,0.506276150627615,0.6274711536670534,0.6739069896964633
"frozenset({'Choco Cookies 150g', 'Basmati Rice 5kg'})","frozenset({'Instant Coffee 100g', 'Toor Dal 1kg'})",0.0342,0.0378,0.0242,0.7076023391812865,18.719638602679535,1.0,0.02290724,3.2907239999999987,0.98009957060391,0.506276150627615,0.6961155052809046,0.6739069896964633
"frozenset({'Instant Coffee 100g', 'Cooking Oil 1L'})","frozenset({'Choco Cookies 150g', 'Toor Dal 1kg'})",0.0366,0.038,0.0258,0.7049180327868853,18.550474547023295,1.0,0.0244092,3.260111111111111,0.9820355234127194,0.528688524590164,0.6932619883439556,0.6919327006039689
"frozenset({'Choco Cookies 150g', 'Toor Dal 1kg'})","frozenset({'Instant Coffee 100g', 'Cooking Oil 1L'})",0.038,0.0366,0.0258,0.6789473684210526,18.550474547023295,1.0,0.0244092,3.0007540983606558,0.9834646811390997,0.528688524590164,0.6667504343170569,0.6919327006039689
"frozenset({'Basmati Rice 5kg', 'Instant Coffee 100g'})","frozenset({'Choco Cookies 150g', 'Cooking Oil 1L'})",0.0338,0.0382,0.0236,0.6982248520710059,18.27813748876979,1.0,0.02230884,3.1871411764705884,0.9783583424844491,0.48760330578512395,0.6862391890944125,0.6580129495957123
"frozenset({'Choco Cookies 150g', 'Cooking Oil 1L'})","frozenset({'Basmati Rice 5kg', 'Instant Coffee 100g'})",0.0382,0.0338,0.0236,0.6178010471204188,18.27813748876979,1.0,0.02230884,2.528002739726027,0.9828340928555569,0.48760330578512395,0.60443080844589,0.6580129495957123
"frozenset({'Hand Sanitizer 200ml', 'White Bread 400g'})","frozenset({'Face Wash 100ml', 'Toned Milk 1L'})",0.042,0.0396,0.0304,0.7238095238095238,18.278018278018276,1.0,0.0287368,3.477310344827586,0.9867322272277772,0.5937499999999999,0.7124214117133734,0.7457431457431457
"frozenset({'Face Wash 100ml', 'Toned Milk 1L'})","frozenset({'Hand Sanitizer 200ml', 'White Bread 400g'})",0.0396,0.042,0.0304,0.7676767676767676,18.278018278018276,1.0,0.0287368,4.123565217391303,0.9842664240776868,0.5937499999999999,0.7574914067607178,0.7457431457431457
"frozenset({'Choco Cookies 150g', 'Toned Milk 1L'})","frozenset({'White Bread 400g', 'Instant Coffee 100g'})",0.0442,0.0458,0.0368,0.8325791855203619,18.178584836689126,1.0,0.03477564,5.699410810810809,0.9886903299762547,0.6917293233082707,0.8245432671561118,0.8180363176510106
"frozenset({'White Bread 400g', 'Instant Coffee 100g'})","frozenset({'Choco Cookies 150g', 'Toned Milk 1L'})",0.0458,0.0442,0.0368,0.8034934497816594,18.178584836689126,1.0,0.03477564,4.86396,0.9903481632690255,0.6917293233082707,0.7944062039983881,0.8180363176510106
"frozenset({'Face Wash 100ml', 'Toor Dal 1kg'})","frozenset({'Hand Sanitizer 200ml', 'Cooking Oil 1L'})",0.0334,0.0338,0.0204,0.6107784431137725,18.070368139460726,1.0,0.019271080000000003,2.4823907692307694,0.9773026943034611,0.43589743589743596,0.5971625368596281,0.6071643694858804
"frozenset({'Hand Sanitizer 200ml', 'Cooking Oil 1L'})","frozenset({'Face Wash 100ml', 'Toor Dal 1kg'})",0.0338,0.0334,0.0204,0.6035502958579883,18.070368139460726,1.0,0.019271080000000003,2.4381402985074634,0.9777072907407635,0.43589743589743596,0.589851330289663,0.6071643694858804
"frozenset({'Ghee 500ml', 'Toor Dal 1kg'})","frozenset({'Poha 500g', 'Cooking Oil 1L'})",0.0392,0.0382,0.027,0.6887755102040817,18.03077251843146,1.0,0.02550256,3.0903737704918037,0.9830758318685047,0.5357142857142857,0.6764145458557722,0.6977908964632974
"frozenset({'Poha 500g', 'Cooking Oil 1L'})","frozenset({'Ghee 500ml', 'Toor Dal 1kg'})",0.0382,0.0392,0.027,0.7068062827225131,18.03077251843146,1.0,0.02550256,3.277014285714286,0.9820537110202322,0.5357142857142857,0.69484417435732,0.6977908964632974
"frozenset({'Toned Milk 1L', 'Instant Coffee 100g'})","frozenset({'Choco Cookies 150g', 'White Bread 400g'})",0.0454,0.045,0.0368,0.8105726872246696,18.012726382770435,1.0,0.034756999999999996,5.041511627906976,0.989402572440995,0.6865671641791044,0.8016467929054132,0.8141752325012237
"frozenset({'Choco Cookies 150g', 'White Bread 400g'})","frozenset({'Toned Milk 1L', 'Instant Coffee 100g'})",0.045,0.0454,0.0368,0.8177777777777778,18.012726382770435,1.0,0.034756999999999996,5.238658536585367,0.9889881629865696,0.6865671641791044,0.8091114370184138,0.8141752325012237
"frozenset({'Hand Sanitizer 200ml', 'Toor Dal 1kg'})","frozenset({'Face Wash 100ml', 'Cooking Oil 1L'})",0.0362,0.0314,0.0204,0.56353591160221,17.94700355421051,1.0,0.01926332,2.2191974683544307,0.979747242329179,0.4322033898305086,0.5493866524904087,0.6066087201323151
"frozenset({'Face Wash 100ml', 'Cooking Oil 1L'})","frozenset({'Hand Sanitizer 200ml', 'Toor Dal 1kg'})",0.0314,0.0362,0.0204,0.6496815286624205,17.947003554210507,1.0,0.01926332,2.7512109090909096,0.9748920009878821,0.4322033898305086,0.636523686099212,0.6066087201323151
"frozenset({'Face Wash 100ml', 'White Bread 400g'})","frozenset({'Toned Milk 1L', 'Hand Sanitizer 200ml'})",0.0382,0.0444,0.0304,0.7958115183246074,17.923682845148814,1.0,0.02870392,4.679989743589745,0.981709185627825,0.582375478927203,0.7863243180458428,0.740248101504646
"frozenset({'Toned Milk 1L', 'Hand Sanitizer 200ml'})","frozenset({'Face Wash 100ml', 'White Bread 400g'})",0.0444,0.0382,0.0304,0.6846846846846847,17.923682845148814,1.0,0.02870392,3.05028,0.9880785838602366,0.582375478927203,0.672161244213646,0.740248101504646
"frozenset({'Poha 500g', 'Basmati Rice 5kg'})","frozenset({'Ghee 500ml', 'Cooking Oil 1L'})",0.0368,0.0376,0.0248,0.6739130434782609,17.923219241443107,1.0,0.023416319999999997,2.95136,0.9802807844818346,0.5000000000000001,0.6611731540713434,0.6667437557816835
"frozenset({'Ghee 500ml', 'Cooking Oil 1L'})","frozenset({'Poha 500g', 'Basmati Rice 5kg'})",0.0376,0.0368,0.0248,0.6595744680851063,17.923219241443107,1.0,0.023416319999999997,2.8293999999999997,0.981095647976832,0.5000000000000001,0.646568176998657,0.6667437557816835
"frozenset({'Choco Cookies 150g', 'Cooking Oil 1L'})","frozenset({'Instant Coffee 100g', 'Toor Dal 1kg'})",0.0382,0.0378,0.0258,0.675392670157068,17.867530956536193,1.0,0.02435604,2.964196774193548,0.9815268851523548,0.5139442231075698,0.6626404803128955,0.6789661763483753
"frozenset({'Instant Coffee 100g', 'Toor Dal 1kg'})","frozenset({'Choco Cookies 150g', 'Cooking Oil 1L'})",0.0378,0.0382,0.0258,0.6825396825396826,17.867530956536193,1.0,0.02435604,3.0296700000000003,0.9811188506958376,0.5139442231075698,0.6699310485960517,0.6789661763483753
"frozenset({'Poha 500g', 'Cooking Oil 1L'})","frozenset({'Ghee 500ml', 'Basmati Rice 5kg'})",0.0382,0.0366,0.0248,0.6492146596858639,17.73810545589792,1.0,0.02340188,2.7464089552238806,0.9811023014643244,0.49599999999999994,0.6358881665827941,0.6634051440505822
"frozenset({'Ghee 500ml', 'Basmati Rice 5kg'})","frozenset({'Poha 500g', 'Cooking Oil 1L'})",0.0366,0.0382,0.0248,0.6775956284153005,17.73810545589792,1.0,0.02340188,2.983210169491525,0.9794729017525297,0.49599999999999994,0.6647906305004164,0.6634051440505822
"frozenset({'Ghee 500ml', 'Toor Dal 1kg'})","frozenset({'Poha 500g', 'Basmati Rice 5kg'})",0.0392,0.0368,0.0254,0.6479591836734694,17.607586512866018,1.0,0.02395744,2.7360463768115943,0.9816884879398402,0.5019762845849802,0.6345091192623228,0.6690882874889086
"frozenset({'Poha 500g', 'Basmati Rice 5kg'})","frozenset({'Ghee 500ml', 'Toor Dal 1kg'})",0.0368,0.0392,0.0254,0.6902173913043478,17.607586512866014,1.0,0.02395744,3.101529824561403,0.9792424202788605,0.5019762845849802,0.6775784672193461,0.6690882874889086
"frozenset({'Poha 500g', 'Toor Dal 1kg'})","frozenset({'Ghee 500ml', 'Cooking Oil 1L'})",0.0408,0.0376,0.027,0.6617647058823529,17.600125156445557,1.0,0.02546592,2.8453565217391303,0.983300898897229,0.5252918287937743,0.6485501931445895,0.6899249061326658
"frozenset({'Ghee 500ml', 'Cooking Oil 1L'})","frozenset({'Poha 500g', 'Toor Dal 1kg'})",0.0376,0.0408,0.027,0.7180851063829787,17.600125156445557,1.0,0.02546592,3.402445283018868,0.9800314029740463,0.5252918287937743,0.7060937305910955,0.6899249061326658
"frozenset({'Ghee 500ml', 'Basmati Rice 5kg'})","frozenset({'Poha 500g', 'Toor Dal 1kg'})",0.0366,0.0408,0.0254,0.6939890710382514,17.0095360548591,1.0,0.02390672,3.1345285714285716,0.9769664197829537,0.48846153846153845,0.6809727596312044,0.6582690453230472
"frozenset({'Poha 500g', 'Toor Dal 1kg'})","frozenset({'Ghee 500ml', 'Basmati Rice 5kg'})",0.0408,0.0366,0.0254,0.622549019607843,17.009536054859097,1.0,0.02390672,2.552384415584415,0.9812442126969325,0.48846153846153845,0.6082094868256623,0.6582690453230472
"frozenset({'Basmati Rice 5kg', 'Potato Chips 90g'})","frozenset({'Cola 750ml', 'Toor Dal 1kg'})",0.0438,0.0472,0.0322,0.7351598173515982,15.575419859144029,1.0,0.03013264,3.597641379310345,0.9786616537250841,0.5476190476190477,0.7220401105705271,0.7086816035910533
"frozenset({'Cola 750ml', 'Toor Dal 1kg'})","frozenset({'Basmati Rice 5kg', 'Potato Chips 90g'})",0.0472,0.0438,0.0322,0.6822033898305084,15.575419859144029,1.0,0.03013264,3.0088426666666663,0.9821539392232636,0.5476190476190477,0.6676462976683837,0.7086816035910533
"frozenset({'Potato Chips 90g', 'Cooking Oil 1L'})","frozenset({'Cola 750ml', 'Basmati Rice 5kg'})",0.0456,0.0436,0.0308,0.6754385964912281,15.491710928697891,1.0,0.028811840000000002,2.946745945945946,0.9801439130860757,0.5273972602739726,0.6606426144826726,0.690930307419926
"frozenset({'Cola 750ml', 'Basmati Rice 5kg'})","frozenset({'Potato Chips 90g', 'Cooking Oil 1L'})",0.0436,0.0456,0.0308,0.7064220183486238,15.491710928697891,1.0,0.028811840000000002,3.250925,0.9780942604029178,0.5273972602739726,0.6923952413543838,0.690930307419926
"frozenset({'Potato Chips 90g', 'Toor Dal 1kg'})","frozenset({'Cola 750ml', 'Basmati Rice 5kg'})",0.0478,0.0436,0.0322,0.6736401673640167,15.450462554220566,1.0,0.03011592,2.9305076923076916,0.9822274927888472,0.5439189189189189,0.6587621992513767,0.7060861387278798
"frozenset({'Cola 750ml', 'Basmati Rice 5kg'})","frozenset({'Potato Chips 90g', 'Toor Dal 1kg'})",0.0436,0.0478,0.0322,0.7385321100917431,15.450462554220566,1.0,0.03011592,3.641747368421053,0.9779140721806152,0.5439189189189189,0.7254065428394698,0.7060861387278798
"frozenset({'Cola 750ml', 'Cooking Oil 1L'})","frozenset({'Basmati Rice 5kg', 'Potato Chips 90g'})",0.0456,0.0438,0.0308,0.6754385964912281,15.420972522630779,1.0,0.02880272,2.94612972972973,0.9798336617280456,0.5255972696245733,0.6605716340631961,0.6893174717615957
"frozenset({'Basmati Rice 5kg', 'Potato Chips 90g'})","frozenset({'Cola 750ml', 'Cooking Oil 1L'})",0.0438,0.0456,0.0308,0.7031963470319635,15.420972522630779,1.0,0.02880272,3.215593846153847,0.9779891725091474,0.5255972696245733,0.6890154516261143,0.6893174717615957
"frozenset({'Potato Chips 90g', 'Cooking Oil 1L'})","frozenset({'Cola 750ml', 'Toor Dal 1kg'})",0.0456,0.0472,0.033,0.7236842105263158,15.332292595896522,1.0,0.030847680000000002,3.448228571428572,0.9794406766745409,0.5518394648829432,0.7099960228025984,0.7114183764495986
"frozenset({'Cola 750ml', 'Toor Dal 1kg'})","frozenset({'Potato Chips 90g', 'Cooking Oil 1L'})",0.0472,0.0456,0.033,0.6991525423728814,15.33229259589652,1.0,0.030847680000000002,3.1723718309859157,0.981085413327227,0.5518394648829432,0.6847784392004206,0.7114183764495986
"frozenset({'Cola 750ml', 'Cooking Oil 1L'})","frozenset({'Potato Chips 90g', 'Toor Dal 1kg'})",0.0456,0.0478,0.033,0.7236842105263158,15.139837040299494,1.0,0.030820320000000002,3.4460571428571436,0.9785719728720568,0.5463576158940396,0.7098132855768913,0.7070303897819863
"frozenset({'Potato Chips 90g', 'Toor Dal 1kg'})","frozenset({'Cola 750ml', 'Cooking Oil 1L'})",0.0478,0.0456,0.033,0.6903765690376569,15.139837040299492,1.0,0.030820320000000002,3.082454054054054,0.9808329037062496,0.5463576158940396,0.6755831611878216,0.7070303897819863
"frozenset({'Cola 750ml', 'Toor Dal 1kg', 'Cooking Oil 1L'})","frozenset({'Basmati Rice 5kg', 'Potato Chips 90g'})",0.036,0.0438,0.0238,0.6611111111111112,15.093860984271945,1.0,0.022223200000000002,2.821573770491804,0.9686181526552531,0.4250000000000001,0.6455878593506706,0.6022450532724506
"frozenset({'Basmati Rice 5kg', 'Potato Chips 90g'})","frozenset({'Cola 750ml', 'Toor Dal 1kg', 'Cooking Oil 1L'})",0.0438,0.036,0.0238,0.54337899543379,15.093860984271945,1.0,0.022223200000000002,2.11116,0.9765194511186612,0.4250000000000001,0.5263267587487448,0.6022450532724506
"frozenset({'Potato Chips 90g', 'Cooking Oil 1L'})","frozenset({'Cola 750ml', 'Basmati Rice 5kg', 'Toor Dal 1kg'})",0.0456,0.0348,0.0238,0.5219298245614036,14.99798346440815,1.0,0.022213120000000003,2.018950458715597,0.9779174033402129,0.42049469964664316,0.5046931460437252,0.6029189352692076
"frozenset({'Cola 750ml', 'Basmati Rice 5kg', 'Toor Dal 1kg'})","frozenset({'Potato Chips 90g', 'Cooking Oil 1L'})",0.0348,0.0456,0.0238,0.6839080459770116,14.997983464408149,1.0,0.022213120000000003,3.0193745454545464,0.96697510334428,0.42049469964664316,0.6688055804453181,0.6029189352692076
"frozenset({'Cola 750ml', 'Basmati Rice 5kg'})","frozenset({'Potato Chips 90g', 'Toor Dal 1kg', 'Cooking Oil 1L'})",0.0436,0.0364,0.0238,0.5458715596330276,14.996471418489769,1.0,0.02221296,2.121866666666667,0.975865377518636,0.4234875444839858,0.5287168530853338,0.5998588567395907
"frozenset({'Potato Chips 90g', 'Toor Dal 1kg', 'Cooking Oil 1L'})","frozenset({'Cola 750ml', 'Basmati Rice 5kg'})",0.0364,0.0436,0.0238,0.6538461538461539,14.996471418489767,1.0,0.02221296,2.7629333333333337,0.9685737308622079,0.4234875444839858,0.6380658237621851,0.5998588567395907
"frozenset({'Basmati Rice 5kg', 'Potato Chips 90g', 'Toor Dal 1kg'})","frozenset({'Cola 750ml', 'Cooking Oil 1L'})",0.0352,0.0456,0.0238,0.6761363636363636,14.827551834130782,1.0,0.02219488,2.9469192982456143,0.9665816575386372,0.4175438596491228,0.6606625771546141,0.5990330940988836
"frozenset({'Cola 750ml', 'Cooking Oil 1L'})","frozenset({'Basmati Rice 5kg', 'Potato Chips 90g', 'Toor Dal 1kg'})",0.0456,0.0352,0.0238,0.5219298245614036,14.827551834130782,1.0,0.02219488,2.01811376146789,0.9771143998253115,0.4175438596491228,0.5044877949434117,0.5990330940988836
"frozenset({'Cola 750ml', 'Basmati Rice 5kg', 'Cooking Oil 1L'})","frozenset({'Potato Chips 90g', 'Toor Dal 1kg'})",0.0336,0.0478,0.0238,0.7083333333333335,14.8186889818689,1.0,0.022193920000000002,3.264685714285716,0.9649396182313986,0.4131944444444445,0.6936918014422742,0.6031206415620642
"frozenset({'Potato Chips 90g', 'Toor Dal 1kg'})","frozenset({'Cola 750ml', 'Basmati Rice 5kg', 'Cooking Oil 1L'})",0.0478,0.0336,0.0238,0.497907949790795,14.818688981868899,1.0,0.022193920000000002,1.9247466666666668,0.9793296020361516,0.4131944444444445,0.480451106985508,0.6031206415620642
"frozenset({'Cola 750ml', 'Toor Dal 1kg'})","frozenset({'Basmati Rice 5kg', 'Potato Chips 90g', 'Cooking Oil 1L'})",0.0472,0.0342,0.0238,0.5042372881355933,14.74378035484191,1.0,0.022185760000000002,1.948109401709402,0.9783530540679748,0.4131944444444445,0.48668180589728033,0.6000718604420656
"frozenset({'Basmati Rice 5kg', 'Potato Chips 90g', 'Cooking Oil 1L'})","frozenset({'Cola 750ml', 'Toor Dal 1kg'})",0.0342,0.0472,0.0238,0.695906432748538,14.743780354841908,1.0,0.022185760000000002,3.133246153846154,0.9651840856450262,0.4131944444444445,0.6808421838250819,0.6000718604420656
"frozenset({'Toned Milk 1L', 'Cola 750ml'})","frozenset({'Potato Chips 90g', 'White Bread 400g'})",0.057,0.058,0.0484,0.8491228070175438,14.640048396854203,1.0,0.045093999999999995,6.243488372093022,0.9880108323181688,0.7267267267267267,0.8398331284687302,0.8418027828191167
"frozenset({'Potato Chips 90g', 'White Bread 400g'})","frozenset({'Toned Milk 1L', 'Cola 750ml'})",0.058,0.057,0.0484,0.8344827586206895,14.640048396854201,1.0,0.045093999999999995,5.697291666666662,0.9890596760892071,0.7267267267267267,0.8244780048999889,0.8418027828191167
"frozenset({'Toned Milk 1L', 'Toor Dal 1kg'})","frozenset({'Basmati Rice 5kg', 'White Bread 400g'})",0.0534,0.048,0.0374,0.700374531835206,14.591136079900126,1.0,0.0348368,3.1773000000000002,0.9840114521885813,0.584375,0.6852673653731156,0.7397705992509364
"frozenset({'Basmati Rice 5kg', 'White Bread 400g'})","frozenset({'Toned Milk 1L', 'Toor Dal 1kg'})",0.048,0.0534,0.0374,0.7791666666666667,14.591136079900124,1.0,0.0348368,4.286490566037736,0.9784298746236463,0.584375,0.7667089231636031,0.7397705992509364
"frozenset({'Cola 750ml', 'White Bread 400g'})","frozenset({'Toned Milk 1L', 'Potato Chips 90g'})",0.0568,0.0584,0.0484,0.852112676056338,14.590970480416747,1.0,0.04508288,6.367009523809522,0.9875577425889709,0.7245508982035929,0.8429403951320497,0.8404398996720046
"frozenset({'Toned Milk 1L', 'Potato Chips 90g'})","frozenset({'Cola 750ml', 'White Bread 400g'})",0.0584,0.0568,0.0484,0.8287671232876712,14.590970480416745,1.0,0.04508288,5.508287999999999,0.9892358356095129,0.7245508982035929,0.8184553894059279,0.8404398996720046
"frozenset({'White Bread 400g', 'Toor Dal 1kg'})","frozenset({'Toned Milk 1L', 'Basmati Rice 5kg'})",0.054,0.0484,0.0374,0.6925925925925926,14.309764309764311,1.0,0.0347864,3.0955662650602416,0.9832110434025619,0.5753846153846155,0.6769573272305514,0.7326599326599328
"frozenset({'Toned Milk 1L', 'Basmati Rice 5kg'})","frozenset({'White Bread 400g', 'Toor Dal 1kg'})",0.0484,0.054,0.0374,0.7727272727272728,14.309764309764311,1.0,0.0347864,4.162400000000002,0.9774250179264643,0.5753846153846155,0.7597539880837979,0.7326599326599328
"frozenset({'Toned Milk 1L', 'Toor Dal 1kg'})","frozenset({'White Bread 400g', 'Cooking Oil 1L'})",0.0534,0.0464,0.0354,0.6629213483146067,14.287098024021697,1.0,0.03292224,2.829013333333333,0.9824707158895171,0.5496894409937888,0.6465198702963577,0.7129261913986826
"frozenset({'White Bread 400g', 'Cooking Oil 1L'})","frozenset({'Toned Milk 1L', 'Toor Dal 1kg'})",0.0464,0.0534,0.0354,0.7629310344827587,14.287098024021697,1.0,0.03292224,3.99293090909091,0.9752587873962006,0.5496894409937888,0.7495573996226058,0.7129261913986826
"frozenset({'White Bread 400g', 'Toor Dal 1kg'})","frozenset({'Toned Milk 1L', 'Cooking Oil 1L'})",0.054,0.0468,0.0354,0.6555555555555556,14.007597340930674,1.0,0.0328728,2.7673548387096774,0.9816175153187372,0.5412844036697247,0.6386440994078426,0.7059829059829059
"frozenset({'Toned Milk 1L', 'Cooking Oil 1L'})","frozenset({'White Bread 400g', 'Toor Dal 1kg'})",0.0468,0.054,0.0354,0.7564102564102564,14.007597340930674,1.0,0.0328728,3.8835789473684206,0.9742028635034887,0.5412844036697247,0.7425055564590448,0.7059829059829059
"frozenset({'Basmati Rice 5kg', 'White Bread 400g', 'Cooking Oil 1L'})","frozenset({'Toned Milk 1L', 'Toor Dal 1kg'})",0.0318,0.0534,0.0234,0.7358490566037735,13.779944880220476,1.0,0.02170188,3.583557142857142,0.9578917261214307,0.3786407766990292,0.7209476617407284,0.5870256518973924
"frozenset({'Toned Milk 1L', 'Toor Dal 1kg'})","frozenset({'Basmati Rice 5kg', 'White Bread 400g', 'Cooking Oil 1L'})",0.0534,0.0318,0.0234,0.4382022471910112,13.779944880220476,1.0,0.02170188,1.7233959999999997,0.9797493864681694,0.3786407766990292,0.4197503069520876,0.5870256518973924
"frozenset({'White Bread 400g', 'Toor Dal 1kg'})","frozenset({'Toned Milk 1L', 'Basmati Rice 5kg', 'Cooking Oil 1L'})",0.054,0.0324,0.0234,0.43333333333333335,13.374485596707821,1.0,0.0216504,1.707529411764706,0.9780452106033501,0.37142857142857144,0.41435855036516467,0.5777777777777778
"frozenset({'Toned Milk 1L', 'Basmati Rice 5kg', 'Cooking Oil 1L'})","frozenset({'White Bread 400g', 'Toor Dal 1kg'})",0.0324,0.054,0.0234,0.7222222222222223,13.374485596707821,1.0,0.0216504,3.405600000000001,0.9562120393042262,0.37142857142857144,0.706365985435753,0.5777777777777778
"frozenset({'White Bread 400g', 'Cooking Oil 1L'})","frozenset({'Toned Milk 1L', 'Basmati Rice 5kg'})",0.0464,0.0484,0.0298,0.6422413793103449,13.269449985750928,1.0,0.02755424,2.6598939759036146,0.9696297464078195,0.4584615384615384,0.6240451653114175,0.6289719293245939
"frozenset({'Toned Milk 1L', 'Basmati Rice 5kg'})","frozenset({'White Bread 400g', 'Cooking Oil 1L'})",0.0484,0.0464,0.0298,0.615702479338843,13.269449985750928,1.0,0.02755424,2.4814107526881726,0.9716676399479789,0.4584615384615384,0.5970034389039881,0.6289719293245939
"frozenset({'Toned Milk 1L', 'Cooking Oil 1L'})","frozenset({'Basmati Rice 5kg', 'White Bread 400g'})",0.0468,0.048,0.0298,0.6367521367521367,13.265669515669515,1.0,0.0275536,2.6207999999999996,0.9700141100130398,0.4584615384615384,0.6184371184371183,0.628792735042735
"frozenset({'Basmati Rice 5kg', 'White Bread 400g'})","frozenset({'Toned Milk 1L', 'Cooking Oil 1L'})",0.048,0.0468,0.0298,0.6208333333333333,13.265669515669515,1.0,0.0275536,2.513934065934066,0.9712368168744009,0.4584615384615384,0.6022170932997623,0.628792735042735
"frozenset({'Basmati Rice 5kg', 'White Bread 400g'})","frozenset({'Toned Milk 1L', 'Toor Dal 1kg', 'Cooking Oil 1L'})",0.048,0.0374,0.0234,0.4875,13.034759358288769,1.0,0.0216048,1.8782439024390245,0.9698340874811463,0.3774193548387097,0.46758778308747145,0.5565842245989304
"frozenset({'Toned Milk 1L', 'Toor Dal 1kg', 'Cooking Oil 1L'})","frozenset({'Basmati Rice 5kg', 'White Bread 400g'})",0.0374,0.048,0.0234,0.6256684491978609,13.034759358288769,1.0,0.0216048,2.5431999999999997,0.9591544268460952,0.3774193548387097,0.6067945894935514,0.5565842245989304
"frozenset({'Toned Milk 1L', 'Basmati Rice 5kg', 'Toor Dal 1kg'})","frozenset({'White Bread 400g', 'Cooking Oil 1L'})",0.0392,0.0464,0.0234,0.5969387755102041,12.865059817030263,1.0,0.021581120000000002,2.3658936708860763,0.959898090622487,0.37620578778135055,0.577326736063553,0.5506245601688953
"frozenset({'White Bread 400g', 'Cooking Oil 1L'})","frozenset({'Toned Milk 1L', 'Basmati Rice 5kg', 'Toor Dal 1kg'})",0.0464,0.0392,0.0234,0.5043103448275863,12.865059817030263,1.0,0.021581120000000002,1.9383095652173916,0.9671456433201401,0.37620578778135055,0.48408653708116806,0.5506245601688953
"frozenset({'Toned Milk 1L', 'Basmati Rice 5kg'})","frozenset({'White Bread 400g', 'Toor Dal 1kg', 'Cooking Oil 1L'})",0.0484,0.0376,0.0234,0.48347107438016534,12.858273254791632,1.0,0.02158016,1.8632064000000004,0.9691352036875367,0.37380191693290743,0.46329080879069545,0.5529057499560401
"frozenset({'White Bread 400g', 'Toor Dal 1kg', 'Cooking Oil 1L'})","frozenset({'Toned Milk 1L', 'Basmati Rice 5kg'})",0.0376,0.0484,0.0234,0.6223404255319149,12.858273254791632,1.0,0.02158016,2.519729577464789,0.9582596216012675,0.37380191693290743,0.6031320150608606,0.5529057499560401
"frozenset({'Toned Milk 1L', 'Cooking Oil 1L'})","frozenset({'Basmati Rice 5kg', 'White Bread 400g', 'Toor Dal 1kg'})",0.0468,0.039,0.0234,0.5,12.820512820512821,1.0,0.0215748,1.922,0.9672681493915233,0.37500000000000006,0.47970863683662857,0.55
"frozenset({'Basmati Rice 5kg', 'White Bread 400g', 'Toor Dal 1kg'})","frozenset({'Toned Milk 1L', 'Cooking Oil 1L'})",0.039,0.0468,0.0234,0.6,12.82051282051282,1.0,0.0215748,2.383,0.959417273673257,0.37500000000000006,0.580360889634914,0.55
"frozenset({'Choco Cookies 150g', 'Hand Sanitizer 200ml', 'Instant Coffee 100g'})",frozenset({'Face Wash 100ml'}),0.0234,0.157,0.0206,0.8803418803418803,5.60727312319669,1.0,0.0169262,7.045071428571427,0.8413477310820778,0.12891113892365458,0.8580567975585769,0.5057760357123414
frozenset({'Face Wash 100ml'}),"frozenset({'Choco Cookies 150g', 'Hand Sanitizer 200ml', 'Instant Coffee 100g'})",0.157,0.0234,0.0206,0.13121019108280255,5.6072731231966895,1.0,0.0169262,1.1240923753665688,0.9746858768383834,0.12891113892365458,0.1103933965623618,0.5057760357123414
frozenset({'Face Wash 100ml'}),"frozenset({'Hand Sanitizer 200ml', 'Instant Coffee 100g'})",0.157,0.028,0.0238,0.1515923566878981,5.414012738853504,1.0,0.019404,1.1456756756756756,0.9671341846347079,0.14764267990074442,0.12715263033734375,0.5007961783439491
"frozenset({'Hand Sanitizer 200ml', 'Instant Coffee 100g'})",frozenset({'Face Wash 100ml'}),0.028,0.157,0.0238,0.8500000000000001,5.414012738853503,1.0,0.019404,5.620000000000003,0.8387799564270153,0.14764267990074442,0.8220640569395019,0.5007961783439491
"frozenset({'Choco Cookies 150g', 'Hand Sanitizer 200ml'})",frozenset({'Face Wash 100ml'}),0.0276,0.157,0.0234,0.8478260869565217,5.400166158958737,1.0,0.019066800000000002,5.539714285714285,0.8379478741469691,0.14516129032258066,0.8194852751560163,0.4984353364718914
frozenset({'Face Wash 100ml'}),"frozenset({'Choco Cookies 150g', 'Hand Sanitizer 200ml'})",0.157,0.0276,0.0234,0.14904458598726114,5.400166158958737,1.0,0.019066800000000002,1.1427155688622754,0.966572375825045,0.14516129032258066,0.12489159398114062,0.4984353364718914
frozenset({'Ghee 500ml'}),"frozenset({'Poha 500g', 'Basmati Rice 5kg', 'Cooking Oil 1L'})",0.1706,0.0274,0.0248,0.14536928487690504,5.305448353171717,1.0,0.02012556,1.138035390946502,0.9784356355546567,0.14318706697459582,0.12129270499373332,0.525239386964
"frozenset({'Poha 500g', 'Basmati Rice 5kg', 'Cooking Oil 1L'})",frozenset({'Ghee 500ml'}),0.0274,0.1706,0.0248,0.9051094890510948,5.305448353171716,1.0,0.02012556,8.74059999999999,0.8343764303197947,0.14318706697459582,0.8855913781662584,0.525239386964
frozenset({'Poha 500g'}),"frozenset({'Ghee 500ml', 'Toor Dal 1kg', 'Cooking Oil 1L'})",0.1698,0.03,0.027,0.15901060070671377,5.30035335689046,1.0,0.021906,1.1534033613445378,0.9772745523167107,0.15625,0.13300061928527193,0.5295053003533569
"frozenset({'Ghee 500ml', 'Toor Dal 1kg', 'Cooking Oil 1L'})",frozenset({'Poha 500g'}),0.03,0.1698,0.027,0.9,5.30035335689046,1.0,0.021906,8.302000000000003,0.836426116838488,0.15625,0.8795470970850396,0.5295053003533569
frozenset({'Poha 500g'}),"frozenset({'Ghee 500ml', 'Cooking Oil 1L'})",0.1698,0.0376,0.0338,0.199057714958775,5.294088163797207,1.0,0.027415519999999995,1.201584705882353,0.977005612107441,0.19470046082949308,0.16776570548501143,0.5489969425857704
"frozenset({'Ghee 500ml', 'Cooking Oil 1L'})",frozenset({'Poha 500g'}),0.0376,0.1698,0.0338,0.8989361702127658,5.294088163797207,1.0,0.027415519999999995,8.21461052631578,0.8427993133536966,0.19470046082949308,0.8782656832242421,0.5489969425857704
frozenset({'Poha 500g'}),"frozenset({'Ghee 500ml', 'Basmati Rice 5kg', 'Cooking Oil 1L'})",0.1698,0.0276,0.0248,0.14605418138987042,5.291818166299653,1.0,0.02011352,1.1387139310344827,0.976908012837948,0.14368482039397448,0.12181631158974744,0.5223024530137758
"frozenset({'Ghee 500ml', 'Basmati Rice 5kg', 'Cooking Oil 1L'})",frozenset({'Poha 500g'}),0.0276,0.1698,0.0248,0.8985507246376812,5.291818166299653,1.0,0.02011352,8.1834,0.8340487785459322,0.14368482039397448,0.8778014028398954,0.5223024530137758
"frozenset({'Ghee 500ml', 'Toor Dal 1kg'})",frozenset({'Poha 500g'}),0.0392,0.1698,0.035,0.892857142857143,5.258287060407202,1.0,0.028343840000000002,7.748533333333345,0.8428642797668608,0.20114942528735633,0.8709433183054,0.5494909978125526
frozenset({'Poha 500g'}),"frozenset({'Ghee 500ml', 'Toor Dal 1kg'})",0.1698,0.0392,0.035,0.20612485276796233,5.258287060407202,1.0,0.028343840000000002,1.21026587537092,0.9754565165020477,0.20114942528735633,0.17373527557031881,0.5494909978125526
frozenset({'Poha 500g'}),"frozenset({'Ghee 500ml', 'Basmati Rice 5kg'})",0.1698,0.0366,0.0326,0.19199057714958773,5.2456441844149655,1.0,0.026385319999999997,1.1923128279883384,0.9749044136012757,0.18757192174913692,0.16129393517706844,0.5413504798316244
"frozenset({'Ghee 500ml', 'Basmati Rice 5kg'})",frozenset({'Poha 500g'}),0.0366,0.1698,0.0326,0.8907103825136611,5.245644184414965,1.0,0.026385319999999997,7.596329999999992,0.8401138096032583,0.18757192174913692,0.8683574831530487,0.5413504798316244
"frozenset({'Face Wash 100ml', 'Ghee 500ml'})",frozenset({'Poha 500g'}),0.0268,0.1698,0.0238,0.8880597014925373,5.230033577694566,1.0,0.01924936,7.416453333333334,0.8310692957824313,0.13773148148148148,0.8651646609160893,0.5141123006873758
frozenset({'Poha 500g'}),"frozenset({'Face Wash 100ml', 'Ghee 500ml'})",0.1698,0.0268,0.0238,0.14016489988221437,5.230033577694566,1.0,0.01924936,1.1318449315068493,0.9742190299391256,0.13773148148148148,0.11648674463852689,0.5141123006873758
"frozenset({'Ghee 500ml', 'Toor Dal 1kg', 'Basmati Rice 5kg'})",frozenset({'Poha 500g'}),0.0288,0.1698,0.0254,0.8819444444444444,5.194019107446669,1.0,0.02050976,7.032282352941175,0.8314156364721297,0.1466512702078522,0.8577986562809496,0.5157660973694542
frozenset({'Poha 500g'}),"frozenset({'Ghee 500ml', 'Toor Dal 1kg', 'Basmati Rice 5kg'})",0.1698,0.0288,0.0254,0.14958775029446406,5.194019107446668,1.0,0.02050976,1.1420343490304707,0.9726220984602894,0.1466512702078522,0.12436959461950584,0.5157660973694542
"frozenset({'Poha 500g', 'Basmati Rice 5kg'})",frozenset({'Ghee 500ml'}),0.0368,0.1706,0.0326,0.8858695652173912,5.192670370559151,1.0,0.02632192,7.267123809523806,0.8382691641359068,0.18649885583524026,0.8623939778362566,0.538479917426984
frozenset({'Ghee 500ml'}),"frozenset({'Poha 500g', 'Basmati Rice 5kg'})",0.1706,0.0368,0.0326,0.19109026963657677,5.192670370559151,1.0,0.02632192,1.1907385507246377,0.9734999504409279,0.18649885583524026,0.16018508060275827,0.538479917426984
frozenset({'Ghee 500ml'}),"frozenset({'Poha 500g', 'Cooking Oil 1L'})",0.1706,0.0382,0.0338,0.19812426729191088,5.186499143767301,1.0,0.027283079999999998,1.1994377192982455,0.9732236749172068,0.19314285714285714,0.16627601090862018,0.5414705106093062
"frozenset({'Poha 500g', 'Cooking Oil 1L'})",frozenset({'Ghee 500ml'}),0.0382,0.1706,0.0338,0.8848167539267016,5.186499143767301,1.0,0.027283079999999998,7.200699999999999,0.8392511083139232,0.19314285714285714,0.8611246128848584,0.5414705106093062
"frozenset({'Poha 500g', 'Hand Sanitizer 200ml'})",frozenset({'Face Wash 100ml'}),0.0268,0.157,0.0218,0.8134328358208955,5.181100865101246,1.0,0.0175924,4.51848,0.8292137543034047,0.1345679012345679,0.7786866379844549,0.47614316950280444
frozenset({'Face Wash 100ml'}),"frozenset({'Poha 500g', 'Hand Sanitizer 200ml'})",0.157,0.0268,0.0218,0.13885350318471337,5.181100865101245,1.0,0.0175924,1.130121301775148,0.9572844907331833,0.1345679012345679,0.11513923467397592,0.47614316950280444
frozenset({'Ghee 500ml'}),"frozenset({'Poha 500g', 'Hand Sanitizer 200ml'})",0.1706,0.0268,0.0236,0.13833528722157093,5.161764448566079,1.0,0.01902792,1.1294416326530612,0.972109713781251,0.13578826237054087,0.11460674806984271,0.509466151073472
"frozenset({'Poha 500g', 'Hand Sanitizer 200ml'})",frozenset({'Ghee 500ml'}),0.0268,0.1706,0.0236,0.8805970149253731,5.161764448566079,1.0,0.01902792,6.946224999999999,0.8284708144370834,0.13578826237054087,0.8560369121357284,0.509466151073472
frozenset({'Ghee 500ml'}),"frozenset({'Poha 500g', 'Instant Coffee 100g', 'Choco Cookies 150g'})",0.1706,0.0266,0.0234,0.13716295427901523,5.156502040564483,1.0,0.01886204,1.1281388586956522,0.9718713352665607,0.13463751438434984,0.11358429656771649,0.5084311011996581
"frozenset({'Poha 500g', 'Instant Coffee 100g', 'Choco Cookies 150g'})",frozenset({'Ghee 500ml'}),0.0266,0.1706,0.0234,0.8796992481203009,5.156502040564483,1.0,0.01886204,6.894387500000007,0.8280974783954032,0.13463751438434984,0.8549544829036664,0.5084311011996581
frozenset({'Hand Sanitizer 200ml'}),"frozenset({'Face Wash 100ml', 'Instant Coffee 100g'})",0.1662,0.0278,0.0238,0.14320096269554755,5.15111376602689,1.0,0.01917964,1.1346884831460673,0.966499432586659,0.13983548766157466,0.11870084622047682,0.4996580353046084
"frozenset({'Face Wash 100ml', 'Instant Coffee 100g'})",frozenset({'Hand Sanitizer 200ml'}),0.0278,0.1662,0.0238,0.8561151079136692,5.15111376602689,1.0,0.01917964,5.794910000000004,0.8289109513379515,0.13983548766157466,0.8274347660274276,0.4996580353046084
"frozenset({'Hand Sanitizer 200ml', 'Ghee 500ml'})",frozenset({'Poha 500g'}),0.027,0.1698,0.0236,0.8740740740740741,5.147668280766043,1.0,0.0190154,6.592764705882355,0.8280958768094483,0.13625866050808313,0.8483185666996796,0.5065305588273786
frozenset({'Poha 500g'}),"frozenset({'Hand Sanitizer 200ml', 'Ghee 500ml'})",0.1698,0.027,0.0236,0.13898704358068315,5.147668280766043,1.0,0.0190154,1.1300642954856361,0.9705339534275995,0.13625866050808313,0.11509459771909882,0.5065305588273786
"frozenset({'Choco Cookies 150g', 'Basmati Rice 5kg', 'Toor Dal 1kg'})",frozenset({'Instant Coffee 100g'}),0.0266,0.177,0.0242,0.9097744360902256,5.1399685654815,1.0,0.0194918,9.121583333333334,0.8274566272773121,0.13489409141583053,0.8903699101946848,0.5232487999660167
frozenset({'Instant Coffee 100g'}),"frozenset({'Choco Cookies 150g', 'Basmati Rice 5kg', 'Toor Dal 1kg'})",0.177,0.0266,0.0242,0.1367231638418079,5.1399685654815,1.0,0.0194918,1.1275641361256545,0.9786710583131659,0.13489409141583053,0.11313248802322572,0.5232487999660167
"frozenset({'Face Wash 100ml', 'Choco Cookies 150g'})",frozenset({'Hand Sanitizer 200ml'}),0.0274,0.1662,0.0234,0.8540145985401459,5.1384753221428765,1.0,0.01884612,5.711529999999998,0.8280791112376553,0.13748531139835488,0.8249155655314775,0.4974044111834304
frozenset({'Hand Sanitizer 200ml'}),"frozenset({'Face Wash 100ml', 'Choco Cookies 150g'})",0.1662,0.0274,0.0234,0.1407942238267148,5.138475322142876,1.0,0.01884612,1.131975630252101,0.9659267733146361,0.13748531139835488,0.1165887557338215,0.4974044111834304
frozenset({'Hand Sanitizer 200ml'}),"frozenset({'Face Wash 100ml', 'Toor Dal 1kg'})",0.1662,0.0334,0.0284,0.17087845968712398,5.1161215475186825,1.0,0.02284892,1.165812191582003,0.9649069760370813,0.16588785046728974,0.1422289051180674,0.5105889304423644
"frozenset({'Face Wash 100ml', 'Toor Dal 1kg'})",frozenset({'Hand Sanitizer 200ml'}),0.0334,0.1662,0.0284,0.8502994011976048,5.116121547518682,1.0,0.02284892,5.569784000000001,0.8323395785430564,0.16588785046728974,0.8204598239357218,0.5105889304423644
"frozenset({'Face Wash 100ml', 'Toor Dal 1kg', 'Cooking Oil 1L'})",frozenset({'Hand Sanitizer 200ml'}),0.024,0.1662,0.0204,0.8500000000000001,5.114320096269556,1.0,0.0164112,5.55866666666667,0.8242526518804243,0.12014134275618377,0.8201007435835933,0.4863718411552347
frozenset({'Hand Sanitizer 200ml'}),"frozenset({'Face Wash 100ml', 'Toor Dal 1kg', 'Cooking Oil 1L'})",0.1662,0.024,0.0204,0.12274368231046934,5.114320096269555,1.0,0.0164112,1.112559670781893,0.964824404215992,0.12014134275618377,0.1011718056459727,0.4863718411552347
frozenset({'Choco Cookies 150g'}),"frozenset({'Basmati Rice 5kg', 'Instant Coffee 100g', 'Cooking Oil 1L'})",0.1776,0.026,0.0236,0.13288288288288289,5.110880110880111,1.0,0.0189824,1.1232623376623376,0.978038646705797,0.13111111111111112,0.10973601938694343,0.5202875952875953
"frozenset({'Basmati Rice 5kg', 'Instant Coffee 100g', 'Cooking Oil 1L'})",frozenset({'Choco Cookies 150g'}),0.026,0.1776,0.0236,0.9076923076923077,5.11088011088011,1.0,0.0189824,8.909333333333333,0.8258100442000487,0.13111111111111112,0.8877581562406465,0.5202875952875953
"frozenset({'Poha 500g', 'Ghee 500ml', 'Instant Coffee 100g'})",frozenset({'Choco Cookies 150g'}),0.0258,0.1776,0.0234,0.9069767441860466,5.106851037083596,1.0,0.018817920000000002,8.840800000000005,0.8254820523348547,0.13,0.8868880644285586,0.5193667504714017
frozenset({'Choco Cookies 150g'}),"frozenset({'Poha 500g', 'Ghee 500ml', 'Instant Coffee 100g'})",0.1776,0.0258,0.0234,0.13175675675675674,5.106851037083595,1.0,0.018817920000000002,1.1220357976653696,0.9778509428314877,0.13,0.10876283797655178,0.5193667504714017
"frozenset({'Poha 500g', 'Toor Dal 1kg', 'Cooking Oil 1L'})",frozenset({'Ghee 500ml'}),0.031,0.1706,0.027,0.8709677419354839,5.105320878871535,1.0,0.0217114,6.42785,0.8298513167450215,0.15463917525773196,0.8444269856950614,0.5146163445902507
frozenset({'Ghee 500ml'}),"frozenset({'Poha 500g', 'Toor Dal 1kg', 'Cooking Oil 1L'})",0.1706,0.031,0.027,0.15826494724501758,5.1053208788715345,1.0,0.0217114,1.1511935933147632,0.9695272798721073,0.15463917525773196,0.13133637486585922,0.5146163445902507
"frozenset({'Poha 500g', 'Potato Chips 90g'})",frozenset({'Ghee 500ml'}),0.0356,0.1706,0.031,0.8707865168539326,5.104258598205935,1.0,0.02492664,6.418834782608696,0.8337672763275846,0.1769406392694064,0.8442084842704758,0.5262490614750319
frozenset({'Ghee 500ml'}),"frozenset({'Poha 500g', 'Potato Chips 90g'})",0.1706,0.0356,0.031,0.1817116060961313,5.104258598205935,1.0,0.02492664,1.178557593123209,0.969478130323514,0.1769406392694064,0.1515051908918823,0.5262490614750319
frozenset({'Poha 500g'}),"frozenset({'Choco Cookies 150g', 'Ghee 500ml', 'Instant Coffee 100g'})",0.1698,0.027,0.0234,0.13780918727915195,5.104043973301924,1.0,0.0188154,1.1285204918032787,0.9685339955154456,0.13494809688581316,0.11388405681310582,0.5022379269729094
"frozenset({'Choco Cookies 150g', 'Ghee 500ml', 'Instant Coffee 100g'})",frozenset({'Poha 500g'}),0.027,0.1698,0.0234,0.8666666666666667,5.104043973301923,1.0,0.0188154,6.2265000000000015,0.8263894379002293,0.13494809688581316,0.8393961294467197,0.5022379269729094
frozenset({'Choco Cookies 150g'}),"frozenset({'Ghee 500ml', 'Instant Coffee 100g'})",0.1776,0.0298,0.027,0.15202702702702703,5.10157808815527,1.0,0.02170752,1.1441402390438247,0.977604842196282,0.14966740576496673,0.1259812688384117,0.5290336477417015
"frozenset({'Ghee 500ml', 'Instant Coffee 100g'})",frozenset({'Choco Cookies 150g'}),0.0298,0.1776,0.027,0.9060402684563759,5.10157808815527,1.0,0.02170752,8.752685714285716,0.8286767905815526,0.14966740576496673,0.8857493536677722,0.5290336477417015
"frozenset({'Poha 500g', 'Basmati Rice 5kg', 'Toor Dal 1kg'})",frozenset({'Ghee 500ml'}),0.0292,0.1706,0.0254,0.8698630136986301,5.098845332348359,1.0,0.02041848,6.373284210526312,0.8280564126023184,0.14564220183486237,0.8430950249561491,0.5093746487016011
frozenset({'Ghee 500ml'}),"frozenset({'Poha 500g', 'Basmati Rice 5kg', 'Toor Dal 1kg'})",0.1706,0.0292,0.0254,0.1488862837045721,5.098845332348359,1.0,0.02041848,1.1406231404958678,0.9692273515243919,0.14564220183486237,0.12328624197009899,0.5093746487016011
"frozenset({'Ghee 500ml', 'Instant Coffee 100g'})",frozenset({'Poha 500g'}),0.0298,0.1698,0.0258,0.8657718120805369,5.098773922735789,1.0,0.02073996,6.184989999999999,0.8285656757417555,0.14844649021864212,0.8383182511208587,0.5088576374890317
frozenset({'Poha 500g'}),"frozenset({'Ghee 500ml', 'Instant Coffee 100g'})",0.1698,0.0298,0.0258,0.1519434628975265,5.098773922735789,1.0,0.02073996,1.1440275,0.9682900730000618,0.14844649021864212,0.12589513801023142,0.5088576374890317
frozenset({'Ghee 500ml'}),"frozenset({'Face Wash 100ml', 'Poha 500g'})",0.1706,0.0274,0.0238,0.13950762016412663,5.091518984092213,1.0,0.01912556,1.13028310626703,0.9688870966761433,0.13662456946039034,0.1152659059882034,0.504060379425129
"frozenset({'Face Wash 100ml', 'Poha 500g'})",frozenset({'Ghee 500ml'}),0.0274,0.1706,0.0238,0.8686131386861314,5.091518984092212,1.0,0.01912556,6.312655555555558,0.8262337630919115,0.13662456946039034,0.8415880620763582,0.504060379425129
"frozenset({'Poha 500g', 'Ghee 500ml', 'Choco Cookies 150g'})",frozenset({'Instant Coffee 100g'}),0.026,0.177,0.0234,0.9,5.084745762711865,1.0,0.018798000000000002,8.230000000000002,0.8247775496235457,0.13028953229398665,0.8784933171324424,0.5161016949152543
frozenset({'Instant Coffee 100g'}),"frozenset({'Poha 500g', 'Ghee 500ml', 'Choco Cookies 150g'})",0.177,0.026,0.0234,0.13220338983050847,5.084745762711864,1.0,0.018798000000000002,1.1223828125,0.9761036857027138,0.13028953229398665,0.10903838791633313,0.5161016949152543
frozenset({'Hand Sanitizer 200ml'}),"frozenset({'Face Wash 100ml', 'Choco Cookies 150g', 'Instant Coffee 100g'})",0.1662,0.0244,0.0206,0.1239470517448857,5.0797972026592495,1.0,0.01654472,1.1136313186813187,0.9632306879021535,0.1211764705882353,0.10203674840599189,0.48410467341342645
"frozenset({'Face Wash 100ml', 'Choco Cookies 150g', 'Instant Coffee 100g'})",frozenset({'Hand Sanitizer 200ml'}),0.0244,0.1662,0.0206,0.8442622950819672,5.0797972026592495,1.0,0.01654472,5.353873684210524,0.8232285235473713,0.1211764705882353,0.813219351261654,0.48410467341342645
frozenset({'Ghee 500ml'}),"frozenset({'Poha 500g', 'Cola 750ml', 'Potato Chips 90g'})",0.1706,0.0314,0.0272,0.15943728018757325,5.077620388139276,1.0,0.02184316,1.1523232914923291,0.9682389111902298,0.15560640732265443,0.1321879828490329,0.5128396592020669
"frozenset({'Poha 500g', 'Cola 750ml', 'Potato Chips 90g'})",frozenset({'Ghee 500ml'}),0.0314,0.1706,0.0272,0.8662420382165605,5.077620388139276,1.0,0.02184316,6.200752380952382,0.8290908041928314,0.15560640732265443,0.8387292479100079,0.5128396592020669
"frozenset({'Instant Coffee 100g', 'Cooking Oil 1L'})",frozenset({'Choco Cookies 150g'}),0.0366,0.1776,0.033,0.9016393442622951,5.076798109584995,1.0,0.02649984,8.361066666666668,0.8335327533168513,0.18211920529801326,0.8803980353383938,0.543725077536553
frozenset({'Choco Cookies 150g'}),"frozenset({'Instant Coffee 100g', 'Cooking Oil 1L'})",0.1776,0.0366,0.033,0.1858108108108108,5.076798109584995,1.0,0.02649984,1.183263070539419,0.9764414573753094,0.18211920529801326,0.15487939673117168,0.543725077536553
"frozenset({'Hand Sanitizer 200ml', 'Toor Dal 1kg', 'Cooking Oil 1L'})",frozenset({'Face Wash 100ml'}),0.0256,0.157,0.0204,0.796875,5.0756369426751595,1.0,0.0163808,4.150153846153846,0.8240767571396375,0.12577065351418001,0.7590450771055753,0.463405652866242
frozenset({'Face Wash 100ml'}),"frozenset({'Hand Sanitizer 200ml', 'Toor Dal 1kg', 'Cooking Oil 1L'})",0.157,0.0256,0.0204,0.12993630573248408,5.075636942675159,1.0,0.0163808,1.119918008784773,0.9525271555834671,0.12577065351418001,0.10707748946272996,0.463405652866242
"frozenset({'Face Wash 100ml', 'Toned Milk 1L'})",frozenset({'Hand Sanitizer 200ml'}),0.0396,0.1662,0.0334,0.8434343434343433,5.074815544129623,1.0,0.02681848,5.325561290322576,0.836056333813007,0.19373549883990718,0.8122263653566123,0.5221985194909382
frozenset({'Hand Sanitizer 200ml'}),"frozenset({'Face Wash 100ml', 'Toned Milk 1L'})",0.1662,0.0396,0.0334,0.2009626955475331,5.074815544129623,1.0,0.02681848,1.2019463855421688,0.962998924195265,0.19373549883990718,0.16801613447265004,0.5221985194909382
frozenset({'Ghee 500ml'}),frozenset({'Poha 500g'}),0.1706,0.1698,0.1468,0.8604923798358735,5.067681860046369,1.0,0.11783212000000001,5.950929411764709,0.9677732302462172,0.7582644628099173,0.8319590217247331,0.862519452579892
frozenset({'Poha 500g'}),frozenset({'Ghee 500ml'}),0.1698,0.1706,0.1468,0.8645465253239105,5.067681860046369,1.0,0.11783212000000001,6.123135652173915,0.9668406614866448,0.7582644628099173,0.836684983510864,0.862519452579892
frozenset({'Choco Cookies 150g'}),"frozenset({'Basmati Rice 5kg', 'Instant Coffee 100g'})",0.1776,0.0338,0.0304,0.17117117117117117,5.064235833466603,1.0,0.02439712,1.165741304347826,0.9758473274626255,0.16795580110497238,0.14217674515749448,0.5352897275974199
"frozenset({'Basmati Rice 5kg', 'Instant Coffee 100g'})",frozenset({'Choco Cookies 150g'}),0.0338,0.1776,0.0304,0.8994082840236687,5.064235833466602,1.0,0.02439712,8.175623529411768,0.8306115111832573,0.16795580110497238,0.877685170262243,0.5352897275974199
frozenset({'Hand Sanitizer 200ml'}),"frozenset({'Face Wash 100ml', 'Cooking Oil 1L'})",0.1662,0.0314,0.0264,0.1588447653429603,5.058750488629309,1.0,0.02118132,1.1515115879828326,0.9622484136156481,0.15420560747663553,0.13157625990394414,0.4998045482765757
"frozenset({'Face Wash 100ml', 'Cooking Oil 1L'})",frozenset({'Hand Sanitizer 200ml'}),0.0314,0.1662,0.0264,0.8407643312101911,5.058750488629309,1.0,0.02118132,5.236264000000001,0.8283323634861938,0.15420560747663553,0.8090241439316276,0.4998045482765757
frozenset({'Hand Sanitizer 200ml'}),frozenset({'Face Wash 100ml'}),0.1662,0.157,0.1318,0.7930204572803852,5.051085715161689,1.0,0.1057066,4.072866279069769,0.9618886564646711,0.6886102403343783,0.7544726658130311,0.8162554515701289
frozenset({'Face Wash 100ml'}),frozenset({'Hand Sanitizer 200ml'}),0.157,0.1662,0.1318,0.8394904458598726,5.051085715161689,1.0,0.1057066,5.19470634920635,0.9513911764652939,0.6886102403343783,0.8074963370830807,0.8162554515701289
"frozenset({'Hand Sanitizer 200ml', 'Ghee 500ml'})",frozenset({'Face Wash 100ml'}),0.027,0.157,0.0214,0.7925925925925925,5.048360462373201,1.0,0.017161,4.064464285714284,0.824168435611991,0.13161131611316113,0.7539651157681999,0.46444916253833446
frozenset({'Face Wash 100ml'}),"frozenset({'Hand Sanitizer 200ml', 'Ghee 500ml'})",0.157,0.027,0.0214,0.13630573248407643,5.048360462373201,1.0,0.017161,1.1265560471976401,0.9512643983991308,0.13161131611316113,0.11233888230634782,0.46444916253833446
"frozenset({'Poha 500g', 'Choco Cookies 150g'})",frozenset({'Ghee 500ml'}),0.0302,0.1706,0.026,0.8609271523178808,5.046466309014542,1.0,0.02084788,5.963780952380951,0.8268112378444405,0.14874141876430205,0.8323211385554385,0.50666521742506
frozenset({'Ghee 500ml'}),"frozenset({'Poha 500g', 'Choco Cookies 150g'})",0.1706,0.0302,0.026,0.15240328253223914,5.046466309014541,1.0,0.02084788,1.1441762102351314,0.9667730147836248,0.14874141876430205,0.12600874668203665,0.50666521742506
frozenset({'Ghee 500ml'}),"frozenset({'Poha 500g', 'Cola 750ml'})",0.1706,0.0344,0.0296,0.17350527549824152,5.043758008669812,1.0,0.02373136,1.1683075177304967,0.9666447252654149,0.16875712656784495,0.14406097296835288,0.5169851958886557
"frozenset({'Poha 500g', 'Cola 750ml'})",frozenset({'Ghee 500ml'}),0.0344,0.1706,0.0296,0.8604651162790699,5.043758008669812,1.0,0.02373136,5.944033333333337,0.8302973644730065,0.16875712656784495,0.8317640659260548,0.5169851958886557
frozenset({'Ghee 500ml'}),"frozenset({'Poha 500g', 'Instant Coffee 100g'})",0.1706,0.03,0.0258,0.15123094958968347,5.041031652989449,1.0,0.020682,1.1428314917127071,0.9665154412548157,0.14759725400457666,0.12498036040173555,0.5056154747948417
"frozenset({'Poha 500g', 'Instant Coffee 100g'})",frozenset({'Ghee 500ml'}),0.03,0.1706,0.0258,0.86,5.0410316529894486,1.0,0.020682,5.9242857142857135,0.8264205226564373,0.14759725400457666,0.8312032794791415,0.5056154747948417
"frozenset({'Choco Cookies 150g', 'Toned Milk 1L'})",frozenset({'Instant Coffee 100g'}),0.0442,0.177,0.0394,0.8914027149321265,5.036173530689981,1.0,0.031576599999999996,7.578458333333321,0.8384981672142188,0.2167216721672167,0.8680470412298015,0.5570007924943119
frozenset({'Instant Coffee 100g'}),"frozenset({'Choco Cookies 150g', 'Toned Milk 1L'})",0.177,0.0442,0.0394,0.22259887005649717,5.036173530689981,1.0,0.031576599999999996,1.2294811046511627,0.9737989650344475,0.2167216721672167,0.18664874456632893,0.5570007924943119
frozenset({'Instant Coffee 100g'}),"frozenset({'Face Wash 100ml', 'Choco Cookies 150g'})",0.177,0.0274,0.0244,0.1378531073446328,5.031135304548642,1.0,0.019550200000000004,1.1281140235910878,0.9735573571300522,0.13555555555555557,0.11356478238189675,0.5141820281248711
"frozenset({'Face Wash 100ml', 'Choco Cookies 150g'})",frozenset({'Instant Coffee 100g'}),0.0274,0.177,0.0244,0.8905109489051095,5.031135304548641,1.0,0.019550200000000004,7.516733333333335,0.8238101017047428,0.13555555555555557,0.8669634859114331,0.5141820281248711
"frozenset({'Poha 500g', 'Toor Dal 1kg'})",frozenset({'Ghee 500ml'}),0.0408,0.1706,0.035,0.857843137254902,5.028388846746202,1.0,0.028039520000000002,5.834400000000002,0.8352055284165375,0.19841269841269843,0.8286027697792404,0.5315007011010735
frozenset({'Ghee 500ml'}),"frozenset({'Poha 500g', 'Toor Dal 1kg'})",0.1706,0.0408,0.035,0.20515826494724504,5.028388846746202,1.0,0.028039520000000002,1.2067811209439527,0.9659140859140859,0.19841269841269843,0.1713493170842838,0.5315007011010735
frozenset({'Poha 500g'}),"frozenset({'Toned Milk 1L', 'Ghee 500ml', 'White Bread 400g'})",0.1698,0.0342,0.0292,0.17196702002355713,5.028275439285296,1.0,0.023392839999999998,1.1663786628733996,0.9649779059675337,0.16704805491990846,0.14264549598628817,0.5128840948071002
"frozenset({'Toned Milk 1L', 'Ghee 500ml', 'White Bread 400g'})",frozenset({'Poha 500g'}),0.0342,0.1698,0.0292,0.8538011695906432,5.028275439285296,1.0,0.023392839999999998,5.6785679999999985,0.8294933293997168,0.16704805491990846,0.8238992647442099,0.5128840948071002
frozenset({'Hand Sanitizer 200ml'}),"frozenset({'Face Wash 100ml', 'Toned Milk 1L', 'White Bread 400g'})",0.1662,0.0364,0.0304,0.18291215403128763,5.025059176683726,1.0,0.02435032,1.1793101620029456,0.9606588731363069,0.17653890824622534,0.15204665217028607,0.5090384945980614
"frozenset({'Face Wash 100ml', 'Toned Milk 1L', 'White Bread 400g'})",frozenset({'Hand Sanitizer 200ml'}),0.0364,0.1662,0.0304,0.8351648351648351,5.025059176683725,1.0,0.02435032,5.058386666666664,0.8312550523257085,0.17653890824622534,0.8023085094325199,0.5090384945980614
frozenset({'Instant Coffee 100g'}),"frozenset({'Choco Cookies 150g', 'Toned Milk 1L', 'White Bread 400g'})",0.177,0.0414,0.0368,0.20790960451977403,5.02197112366604,1.0,0.0294722,1.2102154065620543,0.973116646415553,0.20264317180616742,0.1737008184016003,0.5483992467043315
"frozenset({'Choco Cookies 150g', 'Toned Milk 1L', 'White Bread 400g'})",frozenset({'Instant Coffee 100g'}),0.0414,0.177,0.0368,0.8888888888888888,5.021971123666039,1.0,0.0294722,7.4069999999999965,0.8354631754642187,0.20264317180616742,0.8649925745916025,0.5483992467043315
frozenset({'Instant Coffee 100g'}),"frozenset({'Choco Cookies 150g', 'Basmati Rice 5kg'})",0.177,0.0342,0.0304,0.17175141242937855,5.021971123666039,1.0,0.0243466,1.166075034106412,0.9731166464155528,0.168141592920354,0.14242225349904591,0.5303201506591337
"frozenset({'Choco Cookies 150g', 'Basmati Rice 5kg'})",frozenset({'Instant Coffee 100g'}),0.0342,0.177,0.0304,0.8888888888888888,5.021971123666039,1.0,0.0243466,7.4069999999999965,0.8292348312279976,0.168141592920354,0.8649925745916025,0.5303201506591337
frozenset({'Poha 500g'}),"frozenset({'Ghee 500ml', 'White Bread 400g'})",0.1698,0.0366,0.0312,0.18374558303886923,5.02037112128058,1.0,0.02498532,1.180269264069264,0.9646007449548765,0.1780821917808219,0.15273571002581401,0.518102299716156
"frozenset({'Ghee 500ml', 'White Bread 400g'})",frozenset({'Poha 500g'}),0.0366,0.1698,0.0312,0.8524590163934426,5.02037112128058,1.0,0.02498532,5.626911111111109,0.8312347295635648,0.1780821917808219,0.8222826022566159,0.518102299716156
frozenset({'Poha 500g'}),"frozenset({'Toned Milk 1L', 'Ghee 500ml'})",0.1698,0.0364,0.031,0.18256772673733804,5.015596888388408,1.0,0.02481928,1.1788132564841498,0.9643723626642627,0.1769406392694064,0.1516892141317331,0.5171080391928449
"frozenset({'Toned Milk 1L', 'Ghee 500ml'})",frozenset({'Poha 500g'}),0.0364,0.1698,0.031,0.8516483516483516,5.015596888388408,1.0,0.02481928,5.596162962962962,0.8308654374054285,0.1769406392694064,0.8213061330382456,0.5171080391928449
frozenset({'Choco Cookies 150g'}),"frozenset({'Instant Coffee 100g', 'Toor Dal 1kg', 'Cooking Oil 1L'})",0.1776,0.029,0.0258,0.14527027027027026,5.009319664492078,1.0,0.0206496,1.1360316205533596,0.9732150936566826,0.1426991150442478,0.1197428118128427,0.5174627213420316
"frozenset({'Instant Coffee 100g', 'Toor Dal 1kg', 'Cooking Oil 1L'})",frozenset({'Choco Cookies 150g'}),0.029,0.1776,0.0258,0.8896551724137931,5.009319664492078,1.0,0.0206496,7.453,0.8242760999209638,0.1426991150442478,0.8658258419428418,0.5174627213420316
frozenset({'Face Wash 100ml'}),"frozenset({'Hand Sanitizer 200ml', 'Toor Dal 1kg'})",0.157,0.0362,0.0284,0.18089171974522295,4.997008832740965,1.0,0.0227166,1.1766454121306376,0.9488496817202146,0.17233009708737865,0.1501262914974299,0.4827110532427772
"frozenset({'Hand Sanitizer 200ml', 'Toor Dal 1kg'})",frozenset({'Face Wash 100ml'}),0.0362,0.157,0.0284,0.7845303867403315,4.997008832740965,1.0,0.0227166,3.912384615384615,0.8299235128555102,0.17233009708737865,0.7444014077584004,0.4827110532427772
"frozenset({'Choco Cookies 150g', 'White Bread 400g'})",frozenset({'Instant Coffee 100g'}),0.045,0.177,0.0398,0.8844444444444445,4.996861268047709,1.0,0.031835,7.122115384615387,0.8375647872872215,0.2184412733260154,0.8595922775752668,0.5546516007532957
frozenset({'Instant Coffee 100g'}),"frozenset({'Choco Cookies 150g', 'White Bread 400g'})",0.177,0.045,0.0398,0.22485875706214692,4.996861268047709,1.0,0.031835,1.232033527696793,0.9719008163539449,0.2184412733260154,0.18833377702842613,0.5546516007532957
frozenset({'Choco Cookies 150g'}),"frozenset({'Poha 500g', 'Instant Coffee 100g'})",0.1776,0.03,0.0266,0.14977477477477477,4.9924924924924925,1.0,0.021272,1.1408741721854303,0.9723969456715719,0.14696132596685083,0.12347914925234513,0.5182207207207207
"frozenset({'Poha 500g', 'Instant Coffee 100g'})",frozenset({'Choco Cookies 150g'}),0.03,0.1776,0.0266,0.8866666666666666,4.992492492492492,1.0,0.021272,7.25647058823529,0.8244322145570111,0.14696132596685083,0.8621919584954604,0.5182207207207207
frozenset({'Hand Sanitizer 200ml'}),"frozenset({'Face Wash 100ml', 'White Bread 400g'})",0.1662,0.0382,0.0316,0.19013237063778585,4.977287189470834,1.0,0.025251160000000005,1.187601485884101,0.9583681239771552,0.18287037037037043,0.1579666985212995,0.5086787507639191
"frozenset({'Face Wash 100ml', 'White Bread 400g'})",frozenset({'Hand Sanitizer 200ml'}),0.0382,0.1662,0.0316,0.8272251308900525,4.977287189470833,1.0,0.025251160000000005,4.825933333333336,0.8308248510835433,0.18287037037037043,0.7927861967978561,0.5086787507639191
frozenset({'Instant Coffee 100g'}),"frozenset({'Poha 500g', 'Choco Cookies 150g'})",0.177,0.0302,0.0266,0.15028248587570622,4.976241254162457,1.0,0.0212546,1.1413204787234044,0.9708932111566889,0.14728682170542637,0.12382190748165212,0.5155385939312306
"frozenset({'Poha 500g', 'Choco Cookies 150g'})",frozenset({'Instant Coffee 100g'}),0.0302,0.177,0.0266,0.8807947019867549,4.976241254162457,1.0,0.0212546,6.904055555555552,0.8239277302350535,0.14728682170542637,0.8551575965817193,0.5155385939312306
"frozenset({'Choco Cookies 150g', 'Basmati Rice 5kg', 'Cooking Oil 1L'})",frozenset({'Instant Coffee 100g'}),0.0268,0.177,0.0236,0.8805970149253731,4.975124378109453,1.0,0.0188564,6.892624999999999,0.8210028771064529,0.1309655937846837,0.854917393590976,0.5069651741293533
frozenset({'Instant Coffee 100g'}),"frozenset({'Choco Cookies 150g', 'Basmati Rice 5kg', 'Cooking Oil 1L'})",0.177,0.0268,0.0236,0.13333333333333333,4.975124378109452,1.0,0.0188564,1.122923076923077,0.9708383961117862,0.1309655937846837,0.10946705028086039,0.5069651741293533
"frozenset({'Hand Sanitizer 200ml', 'Cooking Oil 1L'})",frozenset({'Face Wash 100ml'}),0.0338,0.157,0.0264,0.7810650887573966,4.97493687106622,1.0,0.021093399999999998,3.850459459459461,0.8269431010581911,0.16058394160583941,0.7402907339945392,0.47460897749971737
frozenset({'Face Wash 100ml'}),"frozenset({'Hand Sanitizer 200ml', 'Cooking Oil 1L'})",0.157,0.0338,0.0264,0.1681528662420382,4.97493687106622,1.0,0.021093399999999998,1.161511485451761,0.9477964700384629,0.16058394160583941,0.1390528526620143,0.47460897749971737
"frozenset({'Face Wash 100ml', 'Choco Cookies 150g', 'Hand Sanitizer 200ml'})",frozenset({'Instant Coffee 100g'}),0.0234,0.177,0.0206,0.8803418803418803,4.973682939784635,1.0,0.0164582,6.87792857142857,0.818084935053057,0.1145717463848721,0.8546073880217258,0.4983630305664204
frozenset({'Instant Coffee 100g'}),"frozenset({'Face Wash 100ml', 'Choco Cookies 150g', 'Hand Sanitizer 200ml'})",0.177,0.0234,0.0206,0.11638418079096045,4.973682939784634,1.0,0.0164582,1.1052314578005116,0.9707676155198245,0.1145717463848721,0.09521214498357612,0.4983630305664204
frozenset({'Choco Cookies 150g'}),"frozenset({'Basmati Rice 5kg', 'Instant Coffee 100g', 'Toor Dal 1kg'})",0.1776,0.0274,0.0242,0.13626126126126126,4.973038732162819,1.0,0.01933376,1.1260349413298567,0.9714441907579509,0.13384955752212388,0.11192809095338396,0.509736470046689
"frozenset({'Basmati Rice 5kg', 'Instant Coffee 100g', 'Toor Dal 1kg'})",frozenset({'Choco Cookies 150g'}),0.0274,0.1776,0.0242,0.8832116788321167,4.973038732162819,1.0,0.01933376,7.041799999999995,0.8214226840215287,0.13384955752212388,0.8579908546110369,0.509736470046689
"frozenset({'Choco Cookies 150g', 'Ghee 500ml'})",frozenset({'Poha 500g'}),0.0308,0.1698,0.026,0.8441558441558441,4.9714714025668085,1.0,0.02077016,5.327116666666665,0.8242388647258644,0.14891179839633448,0.8122811902623995,0.4986385816774509
frozenset({'Poha 500g'}),"frozenset({'Choco Cookies 150g', 'Ghee 500ml'})",0.1698,0.0308,0.026,0.1531213191990577,4.971471402566808,1.0,0.02077016,1.1444378303198885,0.962240794618535,0.14891179839633448,0.12620854230195802,0.4986385816774509
"frozenset({'Poha 500g', 'White Bread 400g'})",frozenset({'Ghee 500ml'}),0.0368,0.1706,0.0312,0.8478260869565217,4.969672256486059,1.0,0.02492192,5.450342857142857,0.829297640344152,0.17707150964812712,0.8165253037816755,0.5153550129976043
frozenset({'Ghee 500ml'}),"frozenset({'Poha 500g', 'White Bread 400g'})",0.1706,0.0368,0.0312,0.18288393903868697,4.969672256486059,1.0,0.02492192,1.1787799139167863,0.963081127537361,0.17707150964812712,0.15166521910162684,0.5153550129976043
frozenset({'Poha 500g'}),"frozenset({'Ghee 500ml', 'Potato Chips 90g'})",0.1698,0.0368,0.031,0.18256772673733804,4.961079530905925,1.0,0.02475136,1.1783239193083574,0.9617332784171712,0.1765375854214123,0.1513369255993958,0.5124795155425821
"frozenset({'Ghee 500ml', 'Potato Chips 90g'})",frozenset({'Poha 500g'}),0.0368,0.1698,0.031,0.842391304347826,4.961079530905924,1.0,0.02475136,5.267475862068965,0.8289358053799163,0.1765375854214123,0.8101557508405516,0.5124795155425821
"frozenset({'Choco Cookies 150g', 'Toor Dal 1kg', 'Cooking Oil 1L'})",frozenset({'Instant Coffee 100g'}),0.0294,0.177,0.0258,0.8775510204081632,4.957915369537646,1.0,0.020596200000000002,6.721166666666665,0.8224833356494904,0.14285714285714285,0.8512163066927866,0.511656866136285
frozenset({'Instant Coffee 100g'}),"frozenset({'Choco Cookies 150g', 'Toor Dal 1kg', 'Cooking Oil 1L'})",0.177,0.0294,0.0258,0.14576271186440679,4.957915369537646,1.0,0.020596200000000002,1.136218253968254,0.9699906750685242,0.14285714285714285,0.11988740146755283,0.511656866136285
"frozenset({'Face Wash 100ml', 'Basmati Rice 5kg'})",frozenset({'Hand Sanitizer 200ml'}),0.0306,0.1662,0.0252,0.823529411764706,4.955050612302684,1.0,0.020114280000000002,4.724866666666668,0.8233811783430105,0.14685314685314688,0.788353815980698,0.48757698025058405
frozenset({'Hand Sanitizer 200ml'}),"frozenset({'Face Wash 100ml', 'Basmati Rice 5kg'})",0.1662,0.0306,0.0252,0.1516245487364621,4.955050612302683,1.0,0.020114280000000002,1.1426544680851065,0.9572867765479903,0.14685314685314688,0.12484479960435538,0.48757698025058405
frozenset({'Instant Coffee 100g'}),"frozenset({'Choco Cookies 150g', 'Ghee 500ml'})",0.177,0.0308,0.027,0.15254237288135594,4.952674444199868,1.0,0.0215484,1.143656,0.9697313352234374,0.14933628318584072,0.12561119777275687,0.5145828747523663
"frozenset({'Choco Cookies 150g', 'Ghee 500ml'})",frozenset({'Instant Coffee 100g'}),0.0308,0.177,0.027,0.8766233766233766,4.952674444199868,1.0,0.0215484,6.6706315789473685,0.8234511853991837,0.14933628318584072,0.8500891575010652,0.5145828747523663
frozenset({'Choco Cookies 150g'}),"frozenset({'Instant Coffee 100g', 'Toor Dal 1kg'})",0.1776,0.0378,0.0332,0.18693693693693694,4.945421612088279,1.0,0.02648672,1.1834260387811633,0.9700787586142233,0.18221734357848518,0.15499577731961853,0.5326219076219076
"frozenset({'Instant Coffee 100g', 'Toor Dal 1kg'})",frozenset({'Choco Cookies 150g'}),0.0378,0.1776,0.0332,0.8783068783068783,4.945421612088278,1.0,0.02648672,6.75798260869565,0.8291340377097665,0.18221734357848518,0.8520268461902702,0.5326219076219076
"frozenset({'Cola 750ml', 'Ghee 500ml', 'Potato Chips 90g'})",frozenset({'Poha 500g'}),0.0324,0.1698,0.0272,0.8395061728395061,4.944088179266821,1.0,0.02169848,5.172784615384614,0.8244504292002042,0.15542857142857142,0.8066805261858662,0.4998473149238756
frozenset({'Poha 500g'}),"frozenset({'Cola 750ml', 'Ghee 500ml', 'Potato Chips 90g'})",0.1698,0.0324,0.0272,0.16018845700824497,4.94408817926682,1.0,0.02169848,1.1521632538569426,0.9608988620743406,0.15542857142857142,0.13206744213336605,0.4998473149238756
"frozenset({'Face Wash 100ml', 'Instant Coffee 100g'})",frozenset({'Choco Cookies 150g'}),0.0278,0.1776,0.0244,0.8776978417266188,4.941992352064295,1.0,0.019462720000000003,6.724329411764711,0.8204612826747516,0.13480662983425415,0.8512862861461804,0.5075426145570031
frozenset({'Choco Cookies 150g'}),"frozenset({'Face Wash 100ml', 'Instant Coffee 100g'})",0.1776,0.0278,0.0244,0.1373873873873874,4.941992352064295,1.0,0.019462720000000003,1.1270412532637075,0.96990814569114,0.13480662983425415,0.11272103207918886,0.5075426145570031
frozenset({'Hand Sanitizer 200ml'}),"frozenset({'Face Wash 100ml', 'Potato Chips 90g'})",0.1662,0.0324,0.0266,0.16004813477737667,4.93975724621533,1.0,0.02121512,1.1519707736389686,0.9565374217505868,0.15465116279069768,0.13192242122506892,0.49051789454918215
"frozenset({'Face Wash 100ml', 'Potato Chips 90g'})",frozenset({'Hand Sanitizer 200ml'}),0.0324,0.1662,0.0266,0.8209876543209876,4.939757246215329,1.0,0.02121512,4.657779310344827,0.8242671581806936,0.15465116279069768,0.7853054141532594,0.49051789454918215
frozenset({'Instant Coffee 100g'}),"frozenset({'Choco Cookies 150g', 'Cola 750ml'})",0.177,0.0366,0.032,0.18079096045197743,4.9396437281961045,1.0,0.0255218,1.1760124137931034,0.9690841433778858,0.1762114537444934,0.14966883999582462,0.5275539501713439
"frozenset({'Choco Cookies 150g', 'Cola 750ml'})",frozenset({'Instant Coffee 100g'}),0.0366,0.177,0.032,0.8743169398907104,4.939643728196104,1.0,0.0255218,6.5482173913043455,0.8278557712269047,0.1762114537444934,0.8472866827347636,0.5275539501713439
"frozenset({'Poha 500g', 'Toned Milk 1L'})",frozenset({'Ghee 500ml'}),0.0368,0.1706,0.031,0.842391304347826,4.937815383047046,1.0,0.02472192,5.262399999999999,0.8279498446040081,0.17573696145124718,0.8099726360595926,0.5120514552219787
frozenset({'Ghee 500ml'}),"frozenset({'Poha 500g', 'Toned Milk 1L'})",0.1706,0.0368,0.031,0.1817116060961313,4.937815383047046,1.0,0.02472192,1.17709111747851,0.9615159034513873,0.17573696145124718,0.15044809603003664,0.5120514552219787
frozenset({'Instant Coffee 100g'}),"frozenset({'Choco Cookies 150g', 'Toor Dal 1kg'})",0.177,0.038,0.0332,0.18757062146892656,4.936068986024384,1.0,0.026474,1.1841029207232268,0.9689060006734106,0.18261826182618263,0.15547881649576564,0.5306274159976212
"frozenset({'Choco Cookies 150g', 'Toor Dal 1kg'})",frozenset({'Instant Coffee 100g'}),0.038,0.177,0.0332,0.8736842105263158,4.936068986024384,1.0,0.026474,6.515416666666669,0.8289081481852567,0.18261826182618263,0.8465178742725588,0.5306274159976212
"frozenset({'Poha 500g', 'Toned Milk 1L', 'White Bread 400g'})",frozenset({'Ghee 500ml'}),0.0348,0.1706,0.0292,0.839080459770115,4.918408322216384,1.0,0.02326312,5.154128571428575,0.8254063321392685,0.16572077185017026,0.8059807810105076,0.5051205346916225
frozenset({'Ghee 500ml'}),"frozenset({'Poha 500g', 'Toned Milk 1L', 'White Bread 400g'})",0.1706,0.0348,0.0292,0.17116060961313012,4.918408322216383,1.0,0.02326312,1.1645199434229139,0.9605524376426597,0.16572077185017026,0.14127705098749493,0.5051205346916225
frozenset({'Instant Coffee 100g'}),"frozenset({'Choco Cookies 150g', 'Cola 750ml', 'Potato Chips 90g'})",0.177,0.0334,0.029,0.16384180790960454,4.905443350586962,1.0,0.023088200000000003,1.1560013513513514,0.9673691708216368,0.15986769570011028,0.1349491081208406,0.5160526404817484
"frozenset({'Choco Cookies 150g', 'Cola 750ml', 'Potato Chips 90g'})",frozenset({'Instant Coffee 100g'}),0.0334,0.177,0.029,0.8682634730538923,4.905443350586962,1.0,0.023088200000000003,6.247318181818184,0.8236549012892685,0.15986769570011028,0.8399313159828582,0.5160526404817484
frozenset({'Choco Cookies 150g'}),"frozenset({'White Bread 400g', 'Instant Coffee 100g'})",0.1776,0.0458,0.0398,0.2240990990990991,4.892993430111335,1.0,0.03166592,1.2297962264150943,0.9674442250161313,0.2167755991285403,0.18685715688440485,0.546547366143436
"frozenset({'White Bread 400g', 'Instant Coffee 100g'})",frozenset({'Choco Cookies 150g'}),0.0458,0.1776,0.0398,0.868995633187773,4.892993430111334,1.0,0.03166592,6.277653333333335,0.8338148508208617,0.2167755991285403,0.8407048068917473,0.546547366143436
frozenset({'Choco Cookies 150g'}),"frozenset({'Toned Milk 1L', 'Instant Coffee 100g'})",0.1776,0.0454,0.0394,0.22184684684684683,4.886494423939357,1.0,0.03133696,1.2267507959479016,0.9671137095340615,0.2145969498910675,0.18483851544819488,0.5448441282692383
"frozenset({'Toned Milk 1L', 'Instant Coffee 100g'})",frozenset({'Choco Cookies 150g'}),0.0454,0.1776,0.0394,0.8678414096916298,4.886494423939357,1.0,0.03133696,6.22282666666666,0.8331807193806957,0.2145969498910675,0.8393013250141413,0.5448441282692383
frozenset({'Instant Coffee 100g'}),"frozenset({'Choco Cookies 150g', 'Cooking Oil 1L'})",0.177,0.0382,0.033,0.18644067796610173,4.8806460200550195,1.0,0.0262386,1.1822125,0.9661106815420303,0.18111964873765093,0.154128382164797,0.52515751175792
"frozenset({'Choco Cookies 150g', 'Cooking Oil 1L'})",frozenset({'Instant Coffee 100g'}),0.0382,0.177,0.033,0.8638743455497383,4.880646020055019,1.0,0.0262386,6.045884615384619,0.8266885952475472,0.18111964873765093,0.8345982327457332,0.52515751175792
frozenset({'Choco Cookies 150g'}),"frozenset({'Face Wash 100ml', 'Hand Sanitizer 200ml', 'Instant Coffee 100g'})",0.1776,0.0238,0.0206,0.11599099099099099,4.873571050041638,1.0,0.016373119999999998,1.1042873885350317,0.9664538551622528,0.11393805309734513,0.09443863039437717,0.4907686047391929
"frozenset({'Face Wash 100ml', 'Hand Sanitizer 200ml', 'Instant Coffee 100g'})",frozenset({'Choco Cookies 150g'}),0.0238,0.1776,0.0206,0.8655462184873949,4.873571050041638,1.0,0.016373119999999998,6.1165999999999965,0.8141893571864749,0.11393805309734513,0.8365104796782525,0.4907686047391929
frozenset({'Poha 500g'}),"frozenset({'Cola 750ml', 'Ghee 500ml'})",0.1698,0.0358,0.0296,0.17432273262661954,4.869350073369261,1.0,0.02352116,1.167768616262482,0.9571594601105561,0.1681818181818182,0.14366597451422894,0.50056918754236
"frozenset({'Cola 750ml', 'Ghee 500ml'})",frozenset({'Poha 500g'}),0.0358,0.1698,0.0296,0.8268156424581006,4.869350073369261,1.0,0.02352116,4.793735483870968,0.8241379213687863,0.1681818181818182,0.7913944139461583,0.50056918754236
"frozenset({'Hand Sanitizer 200ml', 'Potato Chips 90g'})",frozenset({'Face Wash 100ml'}),0.0348,0.157,0.0266,0.764367816091954,4.868584815872318,1.0,0.0211364,3.577609756097561,0.8232506255277646,0.16101694915254236,0.7204837676061139,0.46689728384215534
frozenset({'Face Wash 100ml'}),"frozenset({'Hand Sanitizer 200ml', 'Potato Chips 90g'})",0.157,0.0348,0.0266,0.16942675159235668,4.868584815872318,1.0,0.0211364,1.1620889570552146,0.9425877861914574,0.16101694915254236,0.13948067922954482,0.46689728384215534
"frozenset({'Choco Cookies 150g', 'Potato Chips 90g'})",frozenset({'Instant Coffee 100g'}),0.0374,0.177,0.0322,0.8609625668449197,4.864195292909151,1.0,0.025580199999999997,5.919269230769226,0.8252816840518625,0.17672886937431395,0.831060227029064,0.5214417353998609
frozenset({'Instant Coffee 100g'}),"frozenset({'Choco Cookies 150g', 'Potato Chips 90g'})",0.177,0.0374,0.0322,0.18192090395480226,4.864195292909151,1.0,0.025580199999999997,1.1766588397790054,0.9652687108971117,0.17672886937431395,0.15013598998005637,0.5214417353998609
frozenset({'Choco Cookies 150g'}),"frozenset({'Toned Milk 1L', 'White Bread 400g', 'Instant Coffee 100g'})",0.1776,0.0426,0.0368,0.2072072072072072,4.864018948525991,1.0,0.029234239999999998,1.2076295454545454,0.9659638809000168,0.20065430752453653,0.17193148862252683,0.5355284862327117
"frozenset({'Toned Milk 1L', 'White Bread 400g', 'Instant Coffee 100g'})",frozenset({'Choco Cookies 150g'}),0.0426,0.1776,0.0368,0.863849765258216,4.864018948525991,1.0,0.029234239999999998,6.040386206896553,0.8297563146565426,0.20065430752453653,0.834447671763395,0.5355284862327117
"frozenset({'Hand Sanitizer 200ml', 'Basmati Rice 5kg'})",frozenset({'Face Wash 100ml'}),0.033,0.157,0.0252,0.7636363636363636,4.863925883034163,1.0,0.020019000000000002,3.5665384615384603,0.8215147486088542,0.1529126213592233,0.7196160897228512,0.46207295888824546
frozenset({'Face Wash 100ml'}),"frozenset({'Hand Sanitizer 200ml', 'Basmati Rice 5kg'})",0.157,0.033,0.0252,0.16050955414012738,4.863925883034163,1.0,0.020019000000000002,1.1518892261001517,0.942354403208496,0.1529126213592233,0.131860966018746,0.46207295888824546
"frozenset({'Face Wash 100ml', 'Cola 750ml', 'Potato Chips 90g'})",frozenset({'Hand Sanitizer 200ml'}),0.0292,0.1662,0.0236,0.8082191780821918,4.862931276066137,1.0,0.01874696,4.347671428571429,0.8182557806596692,0.13736903376018628,0.7699918182803931,0.47510838567166147
frozenset({'Hand Sanitizer 200ml'}),"frozenset({'Face Wash 100ml', 'Cola 750ml', 'Potato Chips 90g'})",0.1662,0.0292,0.0236,0.14199759326113118,4.862931276066136,1.0,0.01874696,1.1314653576437588,0.9527017412621813,0.13736903376018628,0.11619035152568107,0.47510838567166147
frozenset({'Hand Sanitizer 200ml'}),"frozenset({'Face Wash 100ml', 'Cola 750ml'})",0.1662,0.0318,0.0256,0.15403128760529486,4.843751182556442,1.0,0.02031484,1.1444867709815079,0.9517251589110098,0.14849187935034805,0.12624590746260572,0.4795313670730877
"frozenset({'Face Wash 100ml', 'Cola 750ml'})",frozenset({'Hand Sanitizer 200ml'}),0.0318,0.1662,0.0256,0.8050314465408805,4.843751182556442,1.0,0.02031484,4.276587096774194,0.8196121023548854,0.14849187935034805,0.7661686813874796,0.4795313670730877
frozenset({'Instant Coffee 100g'}),frozenset({'Choco Cookies 150g'}),0.177,0.1776,0.152,0.8587570621468926,4.835343818394666,1.0,0.1205648,5.822591999999998,0.963778218328324,0.7502467917077985,0.8282551825716107,0.8573064590013741
frozenset({'Choco Cookies 150g'}),frozenset({'Instant Coffee 100g'}),0.1776,0.177,0.152,0.8558558558558558,4.835343818394666,1.0,0.1205648,5.709562499999996,0.9644813639156257,0.7502467917077985,0.8248552319026194,0.8573064590013741
"frozenset({'Face Wash 100ml', 'Ghee 500ml'})",frozenset({'Hand Sanitizer 200ml'}),0.0268,0.1662,0.0214,0.7985074626865671,4.804497368751909,1.0,0.01694584,4.138118518518518,0.8136679842200891,0.12470862470862472,0.7583442824257222,0.46363399608455913
frozenset({'Hand Sanitizer 200ml'}),"frozenset({'Face Wash 100ml', 'Ghee 500ml'})",0.1662,0.0268,0.0214,0.12876052948255115,4.804497368751909,1.0,0.01694584,1.1170292817679557,0.9497021854677269,0.12470862470862472,0.10476832047117875,0.46363399608455913
frozenset({'Choco Cookies 150g'}),"frozenset({'Cola 750ml', 'Potato Chips 90g', 'Instant Coffee 100g'})",0.1776,0.034,0.029,0.16328828828828829,4.80259671436142,1.0,0.0229616,1.1545195154777925,0.9627666711391385,0.1588170865279299,0.13383880775185122,0.5081147323794383
"frozenset({'Cola 750ml', 'Potato Chips 90g', 'Instant Coffee 100g'})",frozenset({'Choco Cookies 150g'}),0.034,0.1776,0.029,0.8529411764705882,4.80259671436142,1.0,0.0229616,5.592319999999999,0.819647319197544,0.1588170865279299,0.8211833371480888,0.5081147323794383
frozenset({'Choco Cookies 150g'}),"frozenset({'Potato Chips 90g', 'Instant Coffee 100g'})",0.1776,0.0378,0.0322,0.1813063063063063,4.796463129796463,1.0,0.025486719999999997,1.1752869325997248,0.9624429030620876,0.17576419213973798,0.14914394752266297,0.5165790790790791
"frozenset({'Potato Chips 90g', 'Instant Coffee 100g'})",frozenset({'Choco Cookies 150g'}),0.0378,0.1776,0.0322,0.8518518518518519,4.796463129796463,1.0,0.025486719999999997,5.551200000000001,0.8226076111808989,0.17576419213973798,0.8198587692751117,0.5165790790790791
"frozenset({'Toned Milk 1L', 'Hand Sanitizer 200ml', 'White Bread 400g'})",frozenset({'Face Wash 100ml'}),0.0404,0.157,0.0304,0.7524752475247525,4.792835971495239,1.0,0.0240572,3.40572,0.8246720124613326,0.18203592814371258,0.7063763315833362,0.47305291038658004
frozenset({'Face Wash 100ml'}),"frozenset({'Toned Milk 1L', 'Hand Sanitizer 200ml', 'White Bread 400g'})",0.157,0.0404,0.0304,0.19363057324840766,4.792835971495239,1.0,0.0240572,1.1900252764612953,0.9387369669725917,0.18203592814371258,0.1596817145148058,0.47305291038658004
"frozenset({'Hand Sanitizer 200ml', 'White Bread 400g'})",frozenset({'Face Wash 100ml'}),0.042,0.157,0.0316,0.7523809523809524,4.792235365483773,1.0,0.025006000000000004,3.4044230769230768,0.8260220395866917,0.1887694145758662,0.7062644749477489,0.4768274188656354
frozenset({'Face Wash 100ml'}),"frozenset({'Hand Sanitizer 200ml', 'White Bread 400g'})",0.157,0.042,0.0316,0.20127388535031848,4.792235365483773,1.0,0.025006000000000004,1.1994098883572566,0.9387059477153626,0.1887694145758662,0.16625666529260802,0.4768274188656354
"frozenset({'Toned Milk 1L', 'Hand Sanitizer 200ml'})",frozenset({'Face Wash 100ml'}),0.0444,0.157,0.0334,0.7522522522522522,4.791415619441097,1.0,0.0264292,3.402654545454545,0.8280592435890045,0.19880952380952382,0.7061118057559338,0.48249555287771845
frozenset({'Face Wash 100ml'}),"frozenset({'Toned Milk 1L', 'Hand Sanitizer 200ml'})",0.157,0.0444,0.0334,0.2127388535031847,4.791415619441096,1.0,0.0264292,1.2138284789644012,0.9386635980707624,0.19880952380952382,0.17616037411383917,0.48249555287771845
"frozenset({'Choco Cookies 150g', 'Hand Sanitizer 200ml'})",frozenset({'Instant Coffee 100g'}),0.0276,0.177,0.0234,0.8478260869565217,4.789977892409728,1.0,0.0185148,5.4082857142857135,0.8136885738695693,0.1291390728476821,0.8150985260711078,0.4900147383935151
frozenset({'Instant Coffee 100g'}),"frozenset({'Choco Cookies 150g', 'Hand Sanitizer 200ml'})",0.177,0.0276,0.0234,0.13220338983050847,4.789977892409727,1.0,0.0185148,1.1205390625,0.9613982615197683,0.1291390728476821,0.10757238773190916,0.4900147383935151
"frozenset({'Hand Sanitizer 200ml', 'Cola 750ml', 'Potato Chips 90g'})",frozenset({'Face Wash 100ml'}),0.0314,0.157,0.0236,0.7515923566878981,4.787212462980243,1.0,0.018670199999999998,3.3936153846153854,0.816756317872729,0.14320388349514562,0.7053290114921686,0.45095541401273886
frozenset({'Face Wash 100ml'}),"frozenset({'Hand Sanitizer 200ml', 'Cola 750ml', 'Potato Chips 90g'})",0.157,0.0314,0.0236,0.1503184713375796,4.787212462980243,1.0,0.018670199999999998,1.1399565217391303,0.9384462271548345,0.14320388349514562,0.12277356115793889,0.45095541401273886
frozenset({'Hand Sanitizer 200ml'}),"frozenset({'Face Wash 100ml', 'Poha 500g'})",0.1662,0.0274,0.0218,0.1311672683513839,4.7871265821672955,1.0,0.01724612,1.1194329639889198,0.948796380448967,0.12689173457508732,0.10669059053195958,0.46339385315379417
"frozenset({'Face Wash 100ml', 'Poha 500g'})",frozenset({'Hand Sanitizer 200ml'}),0.0274,0.1662,0.0218,0.7956204379562044,4.7871265821672955,1.0,0.01724612,4.079664285714286,0.8133934012115449,0.12689173457508732,0.7548817917440686,0.46339385315379417
frozenset({'Face Wash 100ml'}),"frozenset({'Hand Sanitizer 200ml', 'Cola 750ml'})",0.157,0.0342,0.0256,0.16305732484076435,4.767758036279659,1.0,0.0202306,1.1539619482496195,0.9374351275207592,0.15458937198067635,0.13342029906892144,0.45579766826833534
"frozenset({'Hand Sanitizer 200ml', 'Cola 750ml'})",frozenset({'Face Wash 100ml'}),0.0342,0.157,0.0256,0.7485380116959064,4.767758036279658,1.0,0.0202306,3.3523953488372085,0.8182416778836199,0.15458937198067635,0.7017058264482875,0.45579766826833534
"frozenset({'Cola 750ml', 'Instant Coffee 100g'})",frozenset({'Choco Cookies 150g'}),0.038,0.1776,0.032,0.8421052631578948,4.74158368895211,1.0,0.0252512,5.208533333333335,0.8202702702702703,0.17429193899782133,0.8080073725168955,0.5111427216690375
frozenset({'Choco Cookies 150g'}),"frozenset({'Cola 750ml', 'Instant Coffee 100g'})",0.1776,0.038,0.032,0.18018018018018017,4.74158368895211,1.0,0.0252512,1.1734285714285713,0.9595087548638133,0.17429193899782133,0.14779644509374237,0.5111427216690375
frozenset({'Choco Cookies 150g'}),"frozenset({'Hand Sanitizer 200ml', 'Instant Coffee 100g'})",0.1776,0.028,0.0234,0.13175675675675674,4.705598455598455,1.0,0.0184272,1.119501945525292,0.9575476404270179,0.12843029637760703,0.10674563452341229,0.4837355212355212
"frozenset({'Hand Sanitizer 200ml', 'Instant Coffee 100g'})",frozenset({'Choco Cookies 150g'}),0.028,0.1776,0.0234,0.8357142857142857,4.705598455598455,1.0,0.0184272,5.0059130434782615,0.8101719953571807,0.12843029637760703,0.800236242356865,0.4837355212355212
frozenset({'Potato Chips 90g'}),"frozenset({'Cola 750ml', 'Toor Dal 1kg', 'Basmati Rice 5kg'})",0.2184,0.0348,0.0322,0.14743589743589744,4.23666371942234,1.0,0.02459968,1.1321142857142859,0.977437586222242,0.14570135746606336,0.11669695134262063,0.5363616268788682
"frozenset({'Cola 750ml', 'Toor Dal 1kg', 'Basmati Rice 5kg'})",frozenset({'Potato Chips 90g'}),0.0348,0.2184,0.0322,0.9252873563218391,4.23666371942234,1.0,0.02459968,10.461415384615389,0.7915097569325573,0.14570135746606336,0.904410640125178,0.5363616268788682
"frozenset({'Basmati Rice 5kg', 'Potato Chips 90g', 'Toor Dal 1kg'})",frozenset({'Cola 750ml'}),0.0352,0.2164,0.0322,0.9147727272727272,4.227230717526465,1.0,0.02458272,9.19423999999999,0.7912919872686258,0.14676390154968097,0.8912362522622859,0.5317856242648293
frozenset({'Cola 750ml'}),"frozenset({'Basmati Rice 5kg', 'Potato Chips 90g', 'Toor Dal 1kg'})",0.2164,0.0352,0.0322,0.1487985212569316,4.227230717526465,1.0,0.02458272,1.13345667752443,0.9742706857028717,0.14676390154968097,0.11774307758803026,0.5317856242648293
"frozenset({'Cola 750ml', 'Basmati Rice 5kg', 'Toor Dal 1kg', 'Cooking Oil 1L'})",frozenset({'Potato Chips 90g'}),0.0258,0.2184,0.0238,0.9224806201550388,4.223812363347247,1.0,0.018165280000000002,10.08264000000001,0.7834603354788847,0.10798548094373867,0.9008196266057303,0.5157274895646989
frozenset({'Potato Chips 90g'}),"frozenset({'Cola 750ml', 'Basmati Rice 5kg', 'Toor Dal 1kg', 'Cooking Oil 1L'})",0.2184,0.0258,0.0238,0.10897435897435898,4.223812363347247,1.0,0.018165280000000002,1.093346762589928,0.9765187548919262,0.10798548094373867,0.08537708784064768,0.5157274895646989
"frozenset({'Face Wash 100ml', 'Hand Sanitizer 200ml', 'Cola 750ml'})",frozenset({'Potato Chips 90g'}),0.0256,0.2184,0.0236,0.9218749999999999,4.221039377289377,1.0,0.018008959999999997,10.004479999999985,0.7831399070440566,0.10707803992740471,0.9000447799385873,0.514966804029304
frozenset({'Potato Chips 90g'}),"frozenset({'Face Wash 100ml', 'Hand Sanitizer 200ml', 'Cola 750ml'})",0.2184,0.0256,0.0236,0.10805860805860805,4.221039377289377,1.0,0.018008959999999997,1.0924484599589321,0.9763197612893152,0.10707803992740471,0.08462500827032846,0.514966804029304
"frozenset({'Cola 750ml', 'Toor Dal 1kg'})",frozenset({'Potato Chips 90g'}),0.0472,0.2184,0.0434,0.9194915254237288,4.2101260321599305,1.0,0.03309152,9.708294736842104,0.80024918068308,0.19531953195319532,0.8969952986485783,0.5591047370708387
frozenset({'Potato Chips 90g'}),"frozenset({'Cola 750ml', 'Toor Dal 1kg'})",0.2184,0.0472,0.0434,0.1987179487179487,4.2101260321599305,1.0,0.03309152,1.1890943999999999,0.9755340575164263,0.19531953195319532,0.1590238756485608,0.5591047370708387
"frozenset({'Cola 750ml', 'Poha 500g', 'Ghee 500ml'})",frozenset({'Potato Chips 90g'}),0.0296,0.2184,0.0272,0.9189189189189189,4.207504207504207,1.0,0.020735359999999998,9.639733333333325,0.785582658454973,0.12318840579710144,0.8962626905308583,0.5217305217305217
frozenset({'Potato Chips 90g'}),"frozenset({'Cola 750ml', 'Poha 500g', 'Ghee 500ml'})",0.2184,0.0296,0.0272,0.12454212454212453,4.207504207504207,1.0,0.020735359999999998,1.1084485355648537,0.9753446926365223,0.12318840579710144,0.09783813328743253,0.5217305217305217
frozenset({'Potato Chips 90g'}),"frozenset({'Face Wash 100ml', 'Cola 750ml'})",0.2184,0.0318,0.0292,0.1336996336996337,4.204390996843827,1.0,0.022254879999999998,1.1176262156448202,0.9751195300121984,0.13212669683257916,0.10524647149311475,0.5259693137051628
"frozenset({'Face Wash 100ml', 'Cola 750ml'})",frozenset({'Potato Chips 90g'}),0.0318,0.2184,0.0292,0.9182389937106917,4.204390996843826,1.0,0.022254879999999998,9.559569230769219,0.78718593746905,0.13212669683257916,0.8953927759860436,0.5259693137051628
"frozenset({'Hand Sanitizer 200ml', 'Cola 750ml'})",frozenset({'Potato Chips 90g'}),0.0342,0.2184,0.0314,0.9181286549707601,4.203885782833151,1.0,0.023930719999999996,9.546685714285701,0.7891124878487586,0.1419529837251356,0.8952516056432448,0.5309507743718269
frozenset({'Potato Chips 90g'}),"frozenset({'Hand Sanitizer 200ml', 'Cola 750ml'})",0.2184,0.0342,0.0314,0.14377289377289376,4.203885782833151,1.0,0.023930719999999996,1.1279717647058822,0.9750829590127063,0.1419529837251356,0.1134529858903435,0.5309507743718269
frozenset({'Cola 750ml'}),"frozenset({'Basmati Rice 5kg', 'Potato Chips 90g'})",0.2164,0.0438,0.0398,0.18391866913123844,4.199056372859325,1.0,0.030321680000000004,1.1716969422423558,0.9722450947950575,0.18058076225045375,0.14653698926086428,0.5462972341089982
"frozenset({'Basmati Rice 5kg', 'Potato Chips 90g'})",frozenset({'Cola 750ml'}),0.0438,0.2164,0.0398,0.9086757990867581,4.199056372859325,1.0,0.030321680000000004,8.58042000000001,0.7967488561821868,0.18058076225045375,0.8834555884210797,0.5462972341089982
frozenset({'Potato Chips 90g'}),"frozenset({'Cola 750ml', 'Toor Dal 1kg', 'Cooking Oil 1L'})",0.2184,0.036,0.033,0.1510989010989011,4.197191697191697,1.0,0.025137600000000003,1.1355857605177992,0.9745975621103564,0.14905149051490515,0.11939720031006337,0.5338827838827839
frozenset({'Potato Chips 90g'}),"frozenset({'Cola 750ml', 'Basmati Rice 5kg', 'Cooking Oil 1L'})",0.2184,0.0336,0.0308,0.14102564102564102,4.197191697191697,1.0,0.02346176,1.1250626865671642,0.9745975621103565,0.13924050632911392,0.11116063847851927,0.5288461538461539
"frozenset({'Cola 750ml', 'Basmati Rice 5kg', 'Cooking Oil 1L'})",frozenset({'Potato Chips 90g'}),0.0336,0.2184,0.0308,0.9166666666666667,4.197191697191697,1.0,0.02346176,9.379200000000008,0.7882299819385912,0.13924050632911392,0.8933810986011601,0.5288461538461539
"frozenset({'Cola 750ml', 'Toor Dal 1kg', 'Cooking Oil 1L'})",frozenset({'Potato Chips 90g'}),0.036,0.2184,0.033,0.9166666666666667,4.197191697191697,1.0,0.025137600000000003,9.379200000000008,0.7901923802338741,0.14905149051490515,0.8933810986011601,0.5338827838827839
frozenset({'Cola 750ml'}),"frozenset({'Potato Chips 90g', 'Toor Dal 1kg'})",0.2164,0.0478,0.0434,0.20055452865064693,4.1957014362060026,1.0,0.03305608,1.1910756069364161,0.972002079496028,0.19655797101449277,0.1604227354029058,0.5542521597228129
"frozenset({'Potato Chips 90g', 'Toor Dal 1kg'})",frozenset({'Cola 750ml'}),0.0478,0.2164,0.0434,0.9079497907949791,4.1957014362060026,1.0,0.03305608,8.512745454545453,0.7998958511794659,0.19655797101449277,0.8825290847307032,0.5542521597228129
"frozenset({'Potato Chips 90g', 'Cooking Oil 1L'})",frozenset({'Cola 750ml'}),0.0456,0.2164,0.0414,0.9078947368421052,4.195447027921004,1.0,0.03153216,8.507657142857136,0.7980368575142437,0.18766999093381684,0.8824588270062598,0.5496035606576515
frozenset({'Cola 750ml'}),"frozenset({'Potato Chips 90g', 'Cooking Oil 1L'})",0.2164,0.0456,0.0414,0.19131238447319776,4.195447027921003,1.0,0.03153216,1.1801837714285714,0.9719836355431268,0.18766999093381684,0.15267433410854753,0.5496035606576515
frozenset({'Cola 750ml'}),"frozenset({'Potato Chips 90g', 'Toor Dal 1kg', 'Cooking Oil 1L'})",0.2164,0.0364,0.033,0.15249537892791126,4.189433487030529,1.0,0.02512304,1.1369849509269356,0.9715470168762664,0.15013648771610555,0.12048088307172194,0.5295443927606589
"frozenset({'Potato Chips 90g', 'Toor Dal 1kg', 'Cooking Oil 1L'})",frozenset({'Cola 750ml'}),0.0364,0.2164,0.033,0.9065934065934066,4.189433487030529,1.0,0.02512304,8.389129411764705,0.7900625180824433,0.15013648771610555,0.8807981196955164,0.5295443927606589
frozenset({'Potato Chips 90g'}),"frozenset({'Cola 750ml', 'Basmati Rice 5kg'})",0.2184,0.0436,0.0398,0.18223443223443223,4.179688812716336,1.0,0.03027776,1.1695283314669653,0.9733210576937914,0.1791179117911791,0.1449544460836807,0.54753923446584
"frozenset({'Cola 750ml', 'Basmati Rice 5kg'})",frozenset({'Potato Chips 90g'}),0.0436,0.2184,0.0398,0.9128440366972478,4.179688812716336,1.0,0.03027776,8.967831578947376,0.7954284177054237,0.1791179117911791,0.8884903233076353,0.54753923446584
frozenset({'Potato Chips 90g'}),"frozenset({'Poha 500g', 'Cola 750ml'})",0.2184,0.0344,0.0314,0.14377289377289376,4.17944458642133,1.0,0.02388704,1.1277381818181818,0.9733031703707568,0.1418247515808491,0.11326935974823298,0.5282817957236562
"frozenset({'Poha 500g', 'Cola 750ml'})",frozenset({'Potato Chips 90g'}),0.0344,0.2184,0.0314,0.9127906976744186,4.17944458642133,1.0,0.02388704,8.962346666666662,0.787835292006818,0.1418247515808491,0.8884220799314465,0.5282817957236562
"frozenset({'Choco Cookies 150g', 'Cola 750ml'})",frozenset({'Potato Chips 90g'}),0.0366,0.2184,0.0334,0.912568306010929,4.17842630957385,1.0,0.025406559999999998,8.93955,0.7895738520882254,0.1507220216606498,0.8881375460733483,0.532749354470666
frozenset({'Potato Chips 90g'}),"frozenset({'Choco Cookies 150g', 'Cola 750ml'})",0.2184,0.0366,0.0334,0.15293040293040291,4.17842630957385,1.0,0.025406559999999998,1.1373327567567568,0.9732285684516331,0.1507220216606498,0.12074984734316267,0.532749354470666
frozenset({'Potato Chips 90g'}),frozenset({'Cola 750ml'}),0.2184,0.2164,0.1974,0.9038461538461537,4.176738234039528,1.0,0.15013823999999998,8.149439999999991,0.9731048150003266,0.8315080033698398,0.877292182039502,0.9080228920801933
frozenset({'Cola 750ml'}),frozenset({'Potato Chips 90g'}),0.2164,0.2184,0.1974,0.9121996303142328,4.176738234039528,1.0,0.15013823999999998,8.902012631578936,0.9706211375756193,0.8315080033698398,0.8876658525002978,0.9080228920801933
frozenset({'Cola 750ml'}),"frozenset({'Hand Sanitizer 200ml', 'Potato Chips 90g'})",0.2164,0.0348,0.0314,0.14510166358595192,4.169588034079078,1.0,0.02386928,1.1290231351351352,0.9700971833412992,0.14285714285714285,0.114278557382876,0.5237002570803323
"frozenset({'Hand Sanitizer 200ml', 'Potato Chips 90g'})",frozenset({'Cola 750ml'}),0.0348,0.2164,0.0314,0.9022988505747126,4.169588034079078,1.0,0.02386928,8.02037647058823,0.7875757903711583,0.14285714285714285,0.8753175734746205,0.5237002570803323
"frozenset({'Basmati Rice 5kg', 'Potato Chips 90g', 'Toor Dal 1kg', 'Cooking Oil 1L'})",frozenset({'Cola 750ml'}),0.0264,0.2164,0.0238,0.9015151515151516,4.165966504228981,1.0,0.018087040000000002,7.956553846153853,0.780566622704957,0.10867579908675798,0.8743174470586417,0.5057483336133983
frozenset({'Cola 750ml'}),"frozenset({'Basmati Rice 5kg', 'Potato Chips 90g', 'Toor Dal 1kg', 'Cooking Oil 1L'})",0.2164,0.0264,0.0238,0.1099815157116451,4.165966504228981,1.0,0.018087040000000002,1.0939098650051922,0.9698311177457201,0.10867579908675798,0.08584790027901099,0.5057483336133983
frozenset({'Cola 750ml'}),"frozenset({'Face Wash 100ml', 'Potato Chips 90g'})",0.2164,0.0324,0.0292,0.13493530499075784,4.164669907122156,1.0,0.02218864,1.1185290598290598,0.969735747201186,0.13296903460837886,0.10596869056506598,0.5180849364459962
"frozenset({'Face Wash 100ml', 'Potato Chips 90g'})",frozenset({'Cola 750ml'}),0.0324,0.2164,0.0292,0.9012345679012346,4.164669907122156,1.0,0.02218864,7.93395,0.7853296109000095,0.13296903460837886,0.8739593771072417,0.5180849364459962
frozenset({'Cola 750ml'}),"frozenset({'Choco Cookies 150g', 'Potato Chips 90g', 'Instant Coffee 100g'})",0.2164,0.0322,0.029,0.13401109057301294,4.161835110963135,1.0,0.022031920000000003,1.1175662753468516,0.9695270282163667,0.1320582877959927,0.10519848168321237,0.5173161042927177
"frozenset({'Choco Cookies 150g', 'Potato Chips 90g', 'Instant Coffee 100g'})",frozenset({'Cola 750ml'}),0.0322,0.2164,0.029,0.9006211180124224,4.161835110963135,1.0,0.022031920000000003,7.8849750000000025,0.7849983253878331,0.1320582877959927,0.8731765160954854,0.5173161042927177
frozenset({'Cola 750ml'}),"frozenset({'Basmati Rice 5kg', 'Potato Chips 90g', 'Cooking Oil 1L'})",0.2164,0.0342,0.0308,0.1423290203327172,4.161667261190561,1.0,0.023399120000000002,1.1260728448275863,0.9695146609388571,0.14012738853503184,0.11195798336375769,0.5214569078271772
"frozenset({'Basmati Rice 5kg', 'Potato Chips 90g', 'Cooking Oil 1L'})",frozenset({'Cola 750ml'}),0.0342,0.2164,0.0308,0.9005847953216374,4.16166726119056,1.0,0.023399120000000002,7.882094117647054,0.7866138831141938,0.14012738853503184,0.8731301624829472,0.5214569078271772
frozenset({'Potato Chips 90g'}),"frozenset({'Toned Milk 1L', 'Cola 750ml'})",0.2184,0.057,0.0518,0.23717948717948717,4.161043634727845,1.0,0.039351199999999996,1.2362016806722689,0.9719494315195442,0.2316636851520572,0.191070506022786,0.5729757085020243
"frozenset({'Toned Milk 1L', 'Cola 750ml'})",frozenset({'Potato Chips 90g'}),0.057,0.2184,0.0518,0.9087719298245613,4.161043634727845,1.0,0.039351199999999996,8.567538461538456,0.8055945659339084,0.2316636851520572,0.8832803605739014,0.5729757085020243
"frozenset({'Cola 750ml', 'Cooking Oil 1L'})",frozenset({'Potato Chips 90g'}),0.0456,0.2184,0.0414,0.9078947368421052,4.157027183342972,1.0,0.03144096,8.48594285714285,0.7957287073144065,0.18598382749326142,0.8821580563486504,0.5487275882012723
frozenset({'Potato Chips 90g'}),"frozenset({'Cola 750ml', 'Cooking Oil 1L'})",0.2184,0.0456,0.0414,0.18956043956043955,4.157027183342972,1.0,0.03144096,1.1776325423728813,0.9716523519202528,0.18598382749326142,0.15083868352937924,0.5487275882012723
frozenset({'Cola 750ml'}),"frozenset({'Potato Chips 90g', 'Instant Coffee 100g'})",0.2164,0.0378,0.034,0.15711645101663588,4.15651986816497,1.0,0.025820080000000002,1.1415574561403508,0.9691349127706214,0.1544050862851953,0.12400379444672198,0.5282936752437677
"frozenset({'Potato Chips 90g', 'Instant Coffee 100g'})",frozenset({'Cola 750ml'}),0.0378,0.2164,0.034,0.8994708994708995,4.1565198681649695,1.0,0.025820080000000002,7.794757894736846,0.7892476799491361,0.1544050862851953,0.8717086516984425,0.5282936752437677
"frozenset({'Choco Cookies 150g', 'Cola 750ml', 'Instant Coffee 100g'})",frozenset({'Potato Chips 90g'}),0.032,0.2184,0.029,0.90625,4.149496336996337,1.0,0.0220112,8.337066666666667,0.7840980336278143,0.13098464317976513,0.880053735926305,0.5195169413919414
frozenset({'Potato Chips 90g'}),"frozenset({'Choco Cookies 150g', 'Cola 750ml', 'Instant Coffee 100g'})",0.2184,0.032,0.029,0.13278388278388278,4.149496336996337,1.0,0.0220112,1.1162154171066525,0.9710937775738538,0.13098464317976513,0.10411558138830866,0.5195169413919414
"frozenset({'Cola 750ml', 'Ghee 500ml'})",frozenset({'Potato Chips 90g'}),0.0358,0.2184,0.0324,0.9050279329608939,4.143900791945485,1.0,0.024581279999999997,8.229788235294121,0.7868507378982385,0.14607754733994588,0.8784901905845623,0.5266897906562711
frozenset({'Potato Chips 90g'}),"frozenset({'Cola 750ml', 'Ghee 500ml'})",0.2184,0.0358,0.0324,0.14835164835164832,4.143900791945484,1.0,0.024581279999999997,1.1321574193548385,0.9706774328063991,0.14607754733994588,0.11673060397391447,0.5266897906562711
"frozenset({'Cola 750ml', 'White Bread 400g'})",frozenset({'Potato Chips 90g'}),0.0568,0.2184,0.0514,0.9049295774647887,4.143450446267347,1.0,0.038994879999999996,8.221274074074074,0.8043418712025951,0.22966934763181412,0.8783643519252671,0.5701387814063871
frozenset({'Potato Chips 90g'}),"frozenset({'Cola 750ml', 'White Bread 400g'})",0.2184,0.0568,0.0514,0.23534798534798534,4.143450446267347,1.0,0.038994879999999996,1.2335022754491018,0.9706438752792833,0.22966934763181412,0.1893002389185595,0.5701387814063871
"frozenset({'Toned Milk 1L', 'Cola 750ml', 'White Bread 400g'})",frozenset({'Potato Chips 90g'}),0.0536,0.2184,0.0484,0.9029850746268656,4.134547044994806,1.0,0.03669376,8.056492307692302,0.8010730528213045,0.21645796064400713,0.8758765028491116,0.5622983981192936
frozenset({'Potato Chips 90g'}),"frozenset({'Toned Milk 1L', 'Cola 750ml', 'White Bread 400g'})",0.2184,0.0536,0.0484,0.2216117216117216,4.134547044994806,1.0,0.03669376,1.2158456470588235,0.9699789370395121,0.21645796064400713,0.17752717837248688,0.5622983981192936
frozenset({'Cola 750ml'}),"frozenset({'Choco Cookies 150g', 'Potato Chips 90g'})",0.2164,0.0374,0.0334,0.1543438077634011,4.126839779770083,1.0,0.02530664,1.138287650273224,0.9669267896060864,0.15154264972776765,0.12148743794244866,0.5236959680528235
"frozenset({'Choco Cookies 150g', 'Potato Chips 90g'})",frozenset({'Cola 750ml'}),0.0374,0.2164,0.0334,0.8930481283422459,4.126839779770083,1.0,0.02530664,7.326659999999993,0.787122202716943,0.15154264972776765,0.863512159701692,0.5236959680528235
frozenset({'Cola 750ml'}),"frozenset({'Face Wash 100ml', 'Hand Sanitizer 200ml', 'Potato Chips 90g'})",0.2164,0.0266,0.0236,0.10905730129390018,4.099898544883466,1.0,0.01784376,1.092550622406639,0.9648947491369689,0.10756608933454878,0.08471060334281917,0.4981376732033411
"frozenset({'Face Wash 100ml', 'Hand Sanitizer 200ml', 'Potato Chips 90g'})",frozenset({'Cola 750ml'}),0.0266,0.2164,0.0236,0.887218045112782,4.099898544883466,1.0,0.01784376,6.947920000000003,0.7767531594655114,0.10756608933454878,0.8560720330688898,0.4981376732033411
frozenset({'Cola 750ml'}),"frozenset({'Toned Milk 1L', 'Potato Chips 90g'})",0.2164,0.0584,0.0518,0.23937153419593343,4.098827640341326,1.0,0.03916224,1.2379236938031593,0.9648134242314947,0.2322869955156951,0.19219576698803464,0.5631789177828982
"frozenset({'Toned Milk 1L', 'Potato Chips 90g'})",frozenset({'Cola 750ml'}),0.0584,0.2164,0.0518,0.886986301369863,4.098827640341326,1.0,0.03916224,6.933672727272726,0.8029182234789711,0.2322869955156951,0.855776290671086,0.5631789177828982
frozenset({'Potato Chips 90g'}),"frozenset({'Cola 750ml', 'Instant Coffee 100g'})",0.2184,0.038,0.034,0.15567765567765568,4.096780412569887,1.0,0.025700800000000003,1.1393752711496745,0.9671262568486966,0.1528776978417266,0.12232604540296849,0.5252072488914594
"frozenset({'Cola 750ml', 'Instant Coffee 100g'})",frozenset({'Potato Chips 90g'}),0.038,0.2184,0.034,0.8947368421052633,4.096780412569887,1.0,0.025700800000000003,7.425200000000008,0.7857649504708328,0.1528776978417266,0.8653234929698864,0.5252072488914594
"frozenset({'Potato Chips 90g', 'White Bread 400g'})",frozenset({'Cola 750ml'}),0.058,0.2164,0.0514,0.8862068965517241,4.095225954490407,1.0,0.0388488,6.886181818181818,0.8023495006072022,0.23049327354260088,0.8547816443998522,0.5618650009560839
frozenset({'Cola 750ml'}),"frozenset({'Potato Chips 90g', 'White Bread 400g'})",0.2164,0.058,0.0514,0.23752310536044363,4.095225954490407,1.0,0.0388488,1.2354472727272727,0.9645395987391329,0.23049327354260088,0.19057654496862383,0.5618650009560839
"frozenset({'Poha 500g', 'Potato Chips 90g'})",frozenset({'Cola 750ml'}),0.0356,0.2164,0.0314,0.8820224719101123,4.075889426571683,1.0,0.023696159999999997,6.641942857142853,0.7825122118105181,0.14233907524932002,0.8494416435810519,0.5135620677480321
frozenset({'Cola 750ml'}),"frozenset({'Poha 500g', 'Potato Chips 90g'})",0.2164,0.0356,0.0314,0.14510166358595192,4.075889426571683,1.0,0.023696159999999997,1.1280873513513514,0.9630612264804284,0.14233907524932002,0.11354382371002895,0.5135620677480321
"frozenset({'Ghee 500ml', 'Potato Chips 90g'})",frozenset({'Cola 750ml'}),0.0368,0.2164,0.0324,0.8804347826086956,4.06855259985534,1.0,0.024436479999999997,6.553745454545449,0.7830277675238914,0.1467391304347826,0.8474154959273807,0.515078759141686
frozenset({'Cola 750ml'}),"frozenset({'Ghee 500ml', 'Potato Chips 90g'})",0.2164,0.0368,0.0324,0.1497227356746765,4.06855259985534,1.0,0.024436479999999997,1.1328069565217391,0.9624966126582597,0.1467391304347826,0.11723705946291164,0.515078759141686
"frozenset({'Potato Chips 90g', 'Toned Milk 1L', 'White Bread 400g'})",frozenset({'Cola 750ml'}),0.055,0.2164,0.0484,0.88,4.066543438077634,1.0,0.036497999999999996,6.53,0.797979797979798,0.2170403587443946,0.8468606431852986,0.551829944547135
frozenset({'Cola 750ml'}),"frozenset({'Potato Chips 90g', 'Toned Milk 1L', 'White Bread 400g'})",0.2164,0.055,0.0484,0.22365988909426984,4.066543438077633,1.0,0.036497999999999996,1.21725,0.9623416399832938,0.2170403587443946,0.1784760731156295,0.551829944547135
"frozenset({'Poha 500g', 'Ghee 500ml', 'Potato Chips 90g'})",frozenset({'Cola 750ml'}),0.031,0.2164,0.0272,0.8774193548387096,4.054618090751893,1.0,0.0204916,6.3925263157894685,0.7774691920111698,0.12352406902815621,0.8435673236839071,0.5015562578260091
frozenset({'Cola 750ml'}),"frozenset({'Poha 500g', 'Ghee 500ml', 'Potato Chips 90g'})",0.2164,0.031,0.0272,0.12569316081330867,4.054618090751893,1.0,0.0204916,1.1083065539112051,0.9614186409632767,0.12352406902815621,0.09772256017885311,0.5015562578260091
frozenset({'Toor Dal 1kg'}),"frozenset({'Toned Milk 1L', 'Basmati Rice 5kg', 'White Bread 400g'})",0.2068,0.0454,0.0374,0.18085106382978725,3.9835036085856217,1.0,0.02801128,1.165355844155844,0.9442318531043279,0.17411545623836125,0.14189300631655902,0.502319805042647
"frozenset({'Toned Milk 1L', 'Basmati Rice 5kg', 'White Bread 400g'})",frozenset({'Toor Dal 1kg'}),0.0454,0.2068,0.0374,0.8237885462555066,3.9835036085856217,1.0,0.02801128,4.501409999999999,0.7845848584562674,0.17411545623836125,0.7778473855969573,0.502319805042647
"frozenset({'Toor Dal 1kg', 'Cooking Oil 1L'})","frozenset({'Basmati Rice 5kg', 'Instant Coffee 100g'})",0.1544,0.0338,0.0206,0.133419689119171,3.947328080448846,1.0,0.01538128,1.1149572496263078,0.8829991457780308,0.12291169451073986,0.10310462545970916,0.37144357237023645
"frozenset({'Basmati Rice 5kg', 'Instant Coffee 100g'})","frozenset({'Toor Dal 1kg', 'Cooking Oil 1L'})",0.0338,0.1544,0.0206,0.6094674556213019,3.947328080448846,1.0,0.01538128,2.1652484848484854,0.7727841830572376,0.12291169451073986,0.5381592426931195,0.37144357237023645
"frozenset({'Toned Milk 1L', 'White Bread 400g', 'Cooking Oil 1L'})",frozenset({'Toor Dal 1kg'}),0.0434,0.2068,0.0354,0.815668202764977,3.944236957277451,1.0,0.026424879999999998,4.30311,0.7803319430516034,0.16480446927374298,0.7676099379286144,0.4934240433554092
frozenset({'Toor Dal 1kg'}),"frozenset({'Toned Milk 1L', 'White Bread 400g', 'Cooking Oil 1L'})",0.2068,0.0434,0.0354,0.17117988394584138,3.944236957277451,1.0,0.026424879999999998,1.1541708284714118,0.9410811103418605,0.16480446927374298,0.13357713145080638,0.4934240433554092
frozenset({'Toor Dal 1kg'}),"frozenset({'Basmati Rice 5kg', 'White Bread 400g'})",0.2068,0.048,0.039,0.1885880077369439,3.928916827852998,1.0,0.029073599999999998,1.1732634088200238,0.9398347492144767,0.18072289156626503,0.14767647871527723,0.500544003868472
"frozenset({'Basmati Rice 5kg', 'White Bread 400g'})",frozenset({'Toor Dal 1kg'}),0.048,0.2068,0.039,0.8125,3.928916827852998,1.0,0.029073599999999998,4.2304,0.7830639948287006,0.18072289156626503,0.7636157337367625,0.500544003868472
frozenset({'Cooking Oil 1L'}),"frozenset({'Choco Cookies 150g', 'Basmati Rice 5kg'})",0.1996,0.0342,0.0268,0.1342685370741483,3.9259806162031663,1.0,0.01997368,1.1155884259259259,0.9311426376364057,0.1294685990338164,0.10361206986347928,0.45894713403415016
"frozenset({'Choco Cookies 150g', 'Basmati Rice 5kg'})",frozenset({'Cooking Oil 1L'}),0.0342,0.1996,0.0268,0.783625730994152,3.9259806162031663,1.0,0.01997368,3.6991459459459453,0.7716779531623308,0.1294685990338164,0.7296673300776512,0.45894713403415016
frozenset({'Toor Dal 1kg'}),"frozenset({'Poha 500g', 'Cooking Oil 1L'})",0.2068,0.0382,0.031,0.14990328820116053,3.92416984819792,1.0,0.02310024,1.1314006825938565,0.9394465863061832,0.14485981308411214,0.11613982969552977,0.4807108064042452
"frozenset({'Poha 500g', 'Cooking Oil 1L'})",frozenset({'Toor Dal 1kg'}),0.0382,0.2068,0.031,0.8115183246073299,3.92416984819792,1.0,0.02310024,4.2083666666666675,0.77476505745276,0.14485981308411214,0.7623781197772691,0.4807108064042452
"frozenset({'Basmati Rice 5kg', 'Instant Coffee 100g'})",frozenset({'Toor Dal 1kg'}),0.0338,0.2068,0.0274,0.8106508875739646,3.919975278404084,1.0,0.02041016,4.189087500000003,0.7709546163992584,0.12851782363977488,0.761284527955074,0.47157302599201134
frozenset({'Toor Dal 1kg'}),"frozenset({'Basmati Rice 5kg', 'Instant Coffee 100g'})",0.2068,0.0338,0.0274,0.13249516441005801,3.9199752784040838,1.0,0.02041016,1.1137690078037903,0.9391028118569887,0.12851782363977488,0.10214775865251297,0.47157302599201134
"frozenset({'White Bread 400g', 'Cooking Oil 1L'})",frozenset({'Toor Dal 1kg'}),0.0464,0.2068,0.0376,0.810344827586207,3.918495297805643,1.0,0.02800448,4.1823272727272744,0.7810402684563759,0.1743970315398887,0.7608986732050013,0.49608150470219436
frozenset({'Toor Dal 1kg'}),"frozenset({'White Bread 400g', 'Cooking Oil 1L'})",0.2068,0.0464,0.0376,0.18181818181818182,3.918495297805643,1.0,0.02800448,1.1655111111111112,0.9389813414019164,0.1743970315398887,0.14200732153752288,0.49608150470219436
frozenset({'Toor Dal 1kg'}),"frozenset({'Toned Milk 1L', 'Basmati Rice 5kg'})",0.2068,0.0484,0.0392,0.18955512572533847,3.916428217465671,1.0,0.02919088,1.1741699284009546,0.9388115306637027,0.1814814814814815,0.14833451631498368,0.49973624054861965
"frozenset({'Toned Milk 1L', 'Basmati Rice 5kg'})",frozenset({'Toor Dal 1kg'}),0.0484,0.2068,0.0392,0.8099173553719008,3.916428217465671,1.0,0.02919088,4.172921739130434,0.78254025443721,0.1814814814814815,0.7603597521077923,0.49973624054861965
"frozenset({'Cola 750ml', 'Potato Chips 90g', 'Basmati Rice 5kg'})",frozenset({'Toor Dal 1kg'}),0.0398,0.2068,0.0322,0.8090452261306532,3.9122109580785938,1.0,0.02396936,4.153863157894736,0.7752448053653418,0.1501865671641791,0.7592602447436374,0.4823756111310906
frozenset({'Toor Dal 1kg'}),"frozenset({'Cola 750ml', 'Potato Chips 90g', 'Basmati Rice 5kg'})",0.2068,0.0398,0.0322,0.15570599613152802,3.9122109580785933,1.0,0.02396936,1.1372815578465063,0.938464526111701,0.1501865671641791,0.12071026466520311,0.4823756111310906
frozenset({'Cooking Oil 1L'}),"frozenset({'Basmati Rice 5kg', 'Potato Chips 90g'})",0.1996,0.0438,0.0342,0.1713426853707415,3.911933455953002,1.0,0.02545752,1.1539148730350666,0.9299999123245395,0.16347992351816445,0.1333849460057953,0.47608230158948034
"frozenset({'Basmati Rice 5kg', 'Potato Chips 90g'})",frozenset({'Cooking Oil 1L'}),0.0438,0.1996,0.0342,0.7808219178082192,3.911933455953002,1.0,0.02545752,3.651825,0.7784688661624779,0.16347992351816445,0.7261643151027226,0.47608230158948034
"frozenset({'Toor Dal 1kg', 'Cooking Oil 1L'})","frozenset({'Basmati Rice 5kg', 'Potato Chips 90g'})",0.1544,0.0438,0.0264,0.17098445595854922,3.9037547022499823,1.0,0.01963728,1.15341625,0.8796551130988217,0.15366705471478462,0.1330103074237076,0.3868620909929732
"frozenset({'Basmati Rice 5kg', 'Potato Chips 90g'})","frozenset({'Toor Dal 1kg', 'Cooking Oil 1L'})",0.0438,0.1544,0.0264,0.6027397260273972,3.903754702249982,1.0,0.01963728,2.1285793103448274,0.7779087676598657,0.15366705471478462,0.5302030818677829,0.3868620909929732
"frozenset({'Choco Cookies 150g', 'Instant Coffee 100g', 'Toor Dal 1kg'})",frozenset({'Cooking Oil 1L'}),0.0332,0.1996,0.0258,0.7771084337349398,3.8933288263273536,1.0,0.01917328,3.5909837837837837,0.7686702395499578,0.12463768115942028,0.7215247797787853,0.45318347538450393
frozenset({'Cooking Oil 1L'}),"frozenset({'Choco Cookies 150g', 'Instant Coffee 100g', 'Toor Dal 1kg'})",0.1996,0.0332,0.0258,0.12925851703406813,3.893328826327353,1.0,0.01917328,1.1103180667433832,0.9284737476223129,0.12463768115942028,0.09935717525244944,0.45318347538450393
frozenset({'Cooking Oil 1L'}),"frozenset({'Choco Cookies 150g', 'Basmati Rice 5kg', 'Instant Coffee 100g'})",0.1996,0.0304,0.0236,0.11823647294589178,3.8893576626938087,1.0,0.017532159999999998,1.0996145454545454,0.9281460964433037,0.11434108527131782,0.09059042176762766,0.447276131209788
"frozenset({'Choco Cookies 150g', 'Basmati Rice 5kg', 'Instant Coffee 100g'})",frozenset({'Cooking Oil 1L'}),0.0304,0.1996,0.0236,0.7763157894736842,3.8893576626938087,1.0,0.017532159999999998,3.5782588235294113,0.7661800078312915,0.11434108527131782,0.7205344696073016,0.447276131209788
"frozenset({'Basmati Rice 5kg', 'Potato Chips 90g'})",frozenset({'Toor Dal 1kg'}),0.0438,0.2068,0.0352,0.8036529680365297,3.8861362090741283,1.0,0.02614216,4.0397860465116295,0.7766942062330056,0.16341689879294338,0.7524621382205368,0.4869328669969883
frozenset({'Toor Dal 1kg'}),"frozenset({'Basmati Rice 5kg', 'Potato Chips 90g'})",0.2068,0.0438,0.0352,0.1702127659574468,3.8861362090741283,1.0,0.02614216,1.1523435897435899,0.9363023197175995,0.16341689879294338,0.1322032691460435,0.4869328669969883
frozenset({'Cooking Oil 1L'}),"frozenset({'Cola 750ml', 'Potato Chips 90g', 'Basmati Rice 5kg'})",0.1996,0.0398,0.0308,0.15430861723446895,3.8771009355394206,1.0,0.022855920000000002,1.1354023696682465,0.9271305905488814,0.1476510067114094,0.11925496483489789,0.46408898198406867
"frozenset({'Cola 750ml', 'Potato Chips 90g', 'Basmati Rice 5kg'})",frozenset({'Cooking Oil 1L'}),0.0398,0.1996,0.0308,0.7738693467336684,3.8771009355394206,1.0,0.022855920000000002,3.539546666666667,0.7728341227612214,0.1476510067114094,0.717477944444863,0.46408898198406867
frozenset({'Cooking Oil 1L'}),"frozenset({'Choco Cookies 150g', 'Toor Dal 1kg'})",0.1996,0.038,0.0294,0.14729458917835672,3.87617339943044,1.0,0.0218152,1.1281739130434782,0.9270534800626898,0.14121037463976946,0.11361183906274087,0.4604893998523362
"frozenset({'Choco Cookies 150g', 'Toor Dal 1kg'})",frozenset({'Cooking Oil 1L'}),0.038,0.1996,0.0294,0.7736842105263158,3.8761733994304395,1.0,0.0218152,3.536651162790697,0.7713239141810572,0.14121037463976946,0.7172466398379757,0.4604893998523362
"frozenset({'Cola 750ml', 'Basmati Rice 5kg', 'Potato Chips 90g'})","frozenset({'Toor Dal 1kg', 'Cooking Oil 1L'})",0.0398,0.1544,0.0238,0.5979899497487438,3.87299190251777,1.0,0.01765488,2.1034300000000004,0.772549136296885,0.13967136150234744,0.524586033288486,0.3760675137344755
"frozenset({'Toor Dal 1kg', 'Cooking Oil 1L'})","frozenset({'Cola 750ml', 'Basmati Rice 5kg', 'Potato Chips 90g'})",0.1544,0.0398,0.0238,0.15414507772020725,3.8729919025177697,1.0,0.01765488,1.1351828483920368,0.8772489128101572,0.13967136150234744,0.11908464665716231,0.3760675137344755
frozenset({'Cooking Oil 1L'}),"frozenset({'Poha 500g', 'Ghee 500ml', 'Toor Dal 1kg'})",0.1996,0.035,0.027,0.13527054108216433,3.864872602347552,1.0,0.020013999999999997,1.1159559675550406,0.9261110185647916,0.13005780346820808,0.10390729645820138,0.4533495562553678
"frozenset({'Poha 500g', 'Ghee 500ml', 'Toor Dal 1kg'})",frozenset({'Cooking Oil 1L'}),0.035,0.1996,0.027,0.7714285714285714,3.864872602347552,1.0,0.020013999999999997,3.501749999999999,0.7681443101132219,0.13005780346820808,0.7144285000356964,0.4533495562553678
frozenset({'Toor Dal 1kg'}),"frozenset({'Toned Milk 1L', 'Cooking Oil 1L'})",0.2068,0.0468,0.0374,0.18085106382978725,3.8643389707219495,1.0,0.02772176,1.1636467532467534,0.9344724273975853,0.17298797409805736,0.14063267292256318,0.4899981814875432
"frozenset({'Toned Milk 1L', 'Cooking Oil 1L'})",frozenset({'Toor Dal 1kg'}),0.0468,0.2068,0.0374,0.7991452991452992,3.8643389707219495,1.0,0.02772176,3.94912340425532,0.7776159561600553,0.17298797409805736,0.7467792475356773,0.4899981814875432
frozenset({'Toor Dal 1kg'}),"frozenset({'Poha 500g', 'Ghee 500ml', 'Cooking Oil 1L'})",0.2068,0.0338,0.027,0.13056092843326886,3.862749361931032,1.0,0.02001016,1.111291212458287,0.9343381707476514,0.12640449438202248,0.10014585844883965,0.4646887482403031
"frozenset({'Poha 500g', 'Ghee 500ml', 'Cooking Oil 1L'})",frozenset({'Toor Dal 1kg'}),0.0338,0.2068,0.027,0.7988165680473374,3.8627493619310314,1.0,0.02001016,3.9426705882352957,0.7670430936007422,0.12640449438202248,0.7463648109522659,0.4646887482403031
frozenset({'Cooking Oil 1L'}),"frozenset({'Cola 750ml', 'Basmati Rice 5kg'})",0.1996,0.0436,0.0336,0.1683366733466934,3.8609328749241603,1.0,0.02489744,1.149984578313253,0.9257811570405274,0.16030534351145037,0.13042312144154475,0.4694894375907779
"frozenset({'Cola 750ml', 'Basmati Rice 5kg'})",frozenset({'Cooking Oil 1L'}),0.0436,0.1996,0.0336,0.7706422018348623,3.86093287492416,1.0,0.02489744,3.489743999999999,0.7747754476110813,0.16030534351145037,0.7134460292789384,0.4694894375907779
"frozenset({'Potato Chips 90g', 'Cooking Oil 1L'})",frozenset({'Toor Dal 1kg'}),0.0456,0.2068,0.0364,0.7982456140350878,3.859988462452068,1.0,0.02696992,3.9315130434782617,0.7763326363494008,0.1685185185185185,0.7456450000442357,0.48713054396145106
frozenset({'Toor Dal 1kg'}),"frozenset({'Potato Chips 90g', 'Cooking Oil 1L'})",0.2068,0.0456,0.0364,0.1760154738878143,3.8599884624520677,1.0,0.02696992,1.158274178403756,0.9341047253301413,0.1685185185185185,0.13664655688161598,0.48713054396145106
"frozenset({'Cola 750ml', 'Basmati Rice 5kg'})",frozenset({'Toor Dal 1kg'}),0.0436,0.2068,0.0348,0.7981651376146789,3.859599311482973,1.0,0.025783519999999997,3.929945454545454,0.774681876961979,0.16141001855287568,0.7455435421264233,0.48322183379766825
frozenset({'Toor Dal 1kg'}),"frozenset({'Cola 750ml', 'Basmati Rice 5kg'})",0.2068,0.0436,0.0348,0.16827852998065762,3.859599311482973,1.0,0.025783519999999997,1.1499041860465116,0.9340717941583924,0.16141001855287568,0.1303623274578185,0.48322183379766825
frozenset({'Toor Dal 1kg'}),"frozenset({'Ghee 500ml', 'Cooking Oil 1L'})",0.2068,0.0376,0.03,0.1450676982591876,3.858183464340096,1.0,0.02222432,1.1257031674208144,0.9339519246932256,0.13992537313432835,0.11166635313714424,0.47147001934235977
"frozenset({'Ghee 500ml', 'Cooking Oil 1L'})",frozenset({'Toor Dal 1kg'}),0.0376,0.2068,0.03,0.7978723404255319,3.858183464340096,1.0,0.02222432,3.924252631578947,0.7697533942920477,0.13992537313432835,0.7451744079999142,0.47147001934235977
"frozenset({'Cola 750ml', 'Potato Chips 90g', 'Cooking Oil 1L'})",frozenset({'Toor Dal 1kg'}),0.0414,0.2068,0.033,0.7971014492753624,3.8544557508479804,1.0,0.024438480000000002,3.909342857142859,0.7725432923012726,0.1533457249070632,0.7442025331257721,0.47833795868023443
frozenset({'Toor Dal 1kg'}),"frozenset({'Cola 750ml', 'Potato Chips 90g', 'Cooking Oil 1L'})",0.2068,0.0414,0.033,0.1595744680851064,3.8544557508479804,1.0,0.024438480000000002,1.140612658227848,0.9336359051941503,0.1533457249070632,0.12327818494169246,0.47833795868023443
"frozenset({'Basmati Rice 5kg', 'Instant Coffee 100g'})",frozenset({'Cooking Oil 1L'}),0.0338,0.1996,0.026,0.7692307692307693,3.853861569292431,1.0,0.01925352,3.468400000000001,0.7664251707720969,0.1253616200578592,0.7116826202283474,0.44974564513642673
frozenset({'Cooking Oil 1L'}),"frozenset({'Basmati Rice 5kg', 'Instant Coffee 100g'})",0.1996,0.0338,0.026,0.13026052104208416,3.853861569292431,1.0,0.01925352,1.1109073732718893,0.9251874062968516,0.1253616200578592,0.09983494208454168,0.44974564513642673
"frozenset({'Choco Cookies 150g', 'Basmati Rice 5kg', 'Instant Coffee 100g'})",frozenset({'Toor Dal 1kg'}),0.0304,0.2068,0.0242,0.7960526315789473,3.8493840985442325,1.0,0.01791328,3.889238709677419,0.7634263426342635,0.11361502347417839,0.7428802717838469,0.456536954087346
frozenset({'Toor Dal 1kg'}),"frozenset({'Choco Cookies 150g', 'Basmati Rice 5kg', 'Instant Coffee 100g'})",0.2068,0.0304,0.0242,0.11702127659574467,3.8493840985442325,1.0,0.01791328,1.098101204819277,0.9332049695135928,0.11361502347417839,0.08933712520188188,0.456536954087346
"frozenset({'Instant Coffee 100g', 'Toor Dal 1kg'})",frozenset({'Cooking Oil 1L'}),0.0378,0.1996,0.029,0.7671957671957672,3.843666168315467,1.0,0.02145512,3.4380818181818182,0.7688959926604979,0.13915547024952016,0.7091401389252464,0.4562431741790459
frozenset({'Cooking Oil 1L'}),"frozenset({'Instant Coffee 100g', 'Toor Dal 1kg'})",0.1996,0.0378,0.029,0.14529058116232466,3.843666168315467,1.0,0.02145512,1.1257627198124267,0.9243274914267003,0.13915547024952016,0.11171334562702626,0.4562431741790459
frozenset({'Toor Dal 1kg'}),"frozenset({'Poha 500g', 'Basmati Rice 5kg'})",0.2068,0.0368,0.0292,0.14119922630560927,3.8369354974350345,1.0,0.02158976,1.1215639639639639,0.932142388383451,0.13619402985074627,0.10838790106479368,0.4673387435875872
"frozenset({'Poha 500g', 'Basmati Rice 5kg'})",frozenset({'Toor Dal 1kg'}),0.0368,0.2068,0.0292,0.7934782608695652,3.8369354974350345,1.0,0.02158976,3.8407578947368415,0.767623902061621,0.13619402985074627,0.7396347212173036,0.4673387435875872
"frozenset({'Ghee 500ml', 'Toor Dal 1kg'})",frozenset({'Cooking Oil 1L'}),0.0392,0.1996,0.03,0.7653061224489796,3.8341990102654284,1.0,0.02217568,3.4103999999999997,0.7693477657507632,0.14367816091954022,0.7067792634295097,0.45780336182569215
frozenset({'Cooking Oil 1L'}),"frozenset({'Ghee 500ml', 'Toor Dal 1kg'})",0.1996,0.0392,0.03,0.1503006012024048,3.8341990102654284,1.0,0.02217568,1.1307528301886793,0.9235249042145595,0.14367816091954022,0.1156334317260666,0.45780336182569215
"frozenset({'Cola 750ml', 'Basmati Rice 5kg'})","frozenset({'Toor Dal 1kg', 'Cooking Oil 1L'})",0.0436,0.1544,0.0258,0.591743119266055,3.832533155868232,1.0,0.01906816,2.0712449438202247,0.7727686835970807,0.14982578397212543,0.5171985800213518,0.379420782430955
"frozenset({'Toor Dal 1kg', 'Cooking Oil 1L'})","frozenset({'Cola 750ml', 'Basmati Rice 5kg'})",0.1544,0.0436,0.0258,0.1670984455958549,3.832533155868232,1.0,0.01906816,1.1482749611197511,0.8740255073229046,0.14982578397212543,0.1291284458342272,0.379420782430955
frozenset({'Toor Dal 1kg'}),"frozenset({'Instant Coffee 100g', 'Cooking Oil 1L'})",0.2068,0.0366,0.029,0.1402321083172147,3.831478369322806,1.0,0.02143112,1.1205349831271092,0.9316744048550611,0.13526119402985076,0.10756913879719192,0.46629091754658547
"frozenset({'Instant Coffee 100g', 'Cooking Oil 1L'})",frozenset({'Toor Dal 1kg'}),0.0366,0.2068,0.029,0.7923497267759563,3.831478369322806,1.0,0.02143112,3.8198842105263155,0.7670792380434238,0.13526119402985076,0.7382119601310594,0.46629091754658547
frozenset({'Toor Dal 1kg'}),"frozenset({'Basmati Rice 5kg', 'Instant Coffee 100g', 'Cooking Oil 1L'})",0.2068,0.026,0.0206,0.09961315280464217,3.831275107870853,1.0,0.0152232,1.0817572502685284,0.9316569481368329,0.09707822808671066,0.07557818563104945,0.4459604225561673
"frozenset({'Basmati Rice 5kg', 'Instant Coffee 100g', 'Cooking Oil 1L'})",frozenset({'Toor Dal 1kg'}),0.026,0.2068,0.0206,0.7923076923076924,3.831275107870853,1.0,0.0152232,3.8191111111111127,0.7587169314806324,0.09707822808671066,0.7381589666007217,0.4459604225561673
"frozenset({'Toor Dal 1kg', 'Cooking Oil 1L'})","frozenset({'Choco Cookies 150g', 'Basmati Rice 5kg'})",0.1544,0.0342,0.0202,0.13082901554404144,3.825409811229282,1.0,0.014919519999999999,1.1111737704918032,0.8734509212510655,0.1199524940617577,0.1000507512363237,0.3607361451989213
"frozenset({'Choco Cookies 150g', 'Basmati Rice 5kg'})","frozenset({'Toor Dal 1kg', 'Cooking Oil 1L'})",0.0342,0.1544,0.0202,0.5906432748538011,3.8254098112292816,1.0,0.014919519999999999,2.0656799999999995,0.7647443559845735,0.1199524940617577,0.5158979125517988,0.3607361451989213
frozenset({'Cooking Oil 1L'}),"frozenset({'Cola 750ml', 'Toor Dal 1kg'})",0.1996,0.0472,0.036,0.18036072144288576,3.821201725484868,1.0,0.02657888,1.1624625916870415,0.9224165694930313,0.17077798861480076,0.1397572643187298,0.4715362929248327
"frozenset({'Cola 750ml', 'Toor Dal 1kg'})",frozenset({'Cooking Oil 1L'}),0.0472,0.1996,0.036,0.7627118644067796,3.821201725484868,1.0,0.02657888,3.3731142857142853,0.7748763877227354,0.17077798861480076,0.7035380614777357,0.4715362929248327
frozenset({'Toor Dal 1kg'}),"frozenset({'Cola 750ml', 'Cooking Oil 1L'})",0.2068,0.0456,0.036,0.17408123791102512,3.8175710068207263,1.0,0.026569919999999997,1.1555615925058549,0.9304757102033955,0.166358595194085,0.13461990560669018,0.4817774610607757
"frozenset({'Cola 750ml', 'Cooking Oil 1L'})",frozenset({'Toor Dal 1kg'}),0.0456,0.2068,0.036,0.7894736842105262,3.8175710068207263,1.0,0.026569919999999997,3.7676999999999983,0.7733165688739871,0.166358595194085,0.7345860870026806,0.4817774610607757
"frozenset({'Potato Chips 90g', 'Toor Dal 1kg'})",frozenset({'Cooking Oil 1L'}),0.0478,0.1996,0.0364,0.7615062761506276,3.815161704161461,1.0,0.02685912,3.3560631578947366,0.7749295443057257,0.17251184834123223,0.7020318292736477,0.4719355028047727
frozenset({'Cooking Oil 1L'}),"frozenset({'Potato Chips 90g', 'Toor Dal 1kg'})",0.1996,0.0478,0.0364,0.18236472945891785,3.815161704161461,1.0,0.02685912,1.1645779411764707,0.9218989406395703,0.17251184834123223,0.14131981669703617,0.4719355028047727
frozenset({'Cooking Oil 1L'}),"frozenset({'Poha 500g', 'Ghee 500ml', 'Basmati Rice 5kg'})",0.1996,0.0326,0.0248,0.12424849699398798,3.8113035887726374,1.0,0.01829304,1.1046512585812358,0.9215674420854089,0.11957569913211186,0.09473692060573492,0.4424923466565032
"frozenset({'Poha 500g', 'Ghee 500ml', 'Basmati Rice 5kg'})",frozenset({'Cooking Oil 1L'}),0.0326,0.1996,0.0248,0.7607361963190185,3.8113035887726374,1.0,0.01829304,3.345261538461539,0.7624794093913183,0.11957569913211186,0.7010697105435013,0.4424923466565032
frozenset({'Cooking Oil 1L'}),"frozenset({'Cola 750ml', 'Potato Chips 90g', 'Toor Dal 1kg'})",0.1996,0.0434,0.033,0.1653306613226453,3.809462242457265,1.0,0.024337360000000002,1.146082593037215,0.9214089924734603,0.15714285714285717,0.1274625353571454,0.4628496624585577
"frozenset({'Cola 750ml', 'Potato Chips 90g', 'Toor Dal 1kg'})",frozenset({'Cooking Oil 1L'}),0.0434,0.1996,0.033,0.7603686635944701,3.809462242457265,1.0,0.024337360000000002,3.3401307692307696,0.7709552138571583,0.15714285714285717,0.7006105242309721,0.4628496624585577
"frozenset({'Poha 500g', 'Toor Dal 1kg'})",frozenset({'Cooking Oil 1L'}),0.0408,0.1996,0.031,0.7598039215686274,3.806632873590318,1.0,0.02285632,3.332277551020408,0.7686620570905862,0.14804202483285578,0.6999049494860412,0.4575572714055562
frozenset({'Cooking Oil 1L'}),"frozenset({'Poha 500g', 'Toor Dal 1kg'})",0.1996,0.0408,0.031,0.15531062124248496,3.8066328735903174,1.0,0.02285632,1.1355653618030843,0.9211652238396931,0.14804202483285578,0.11938138161226537,0.4575572714055562
frozenset({'Toor Dal 1kg'}),"frozenset({'Ghee 500ml', 'Basmati Rice 5kg'})",0.2068,0.0366,0.0288,0.13926499032882012,3.8050543805688557,1.0,0.02123112,1.1192759550561797,0.9293893931753235,0.1342031686859273,0.10656527956074333,0.4630751181152297
"frozenset({'Ghee 500ml', 'Basmati Rice 5kg'})",frozenset({'Toor Dal 1kg'}),0.0366,0.2068,0.0288,0.7868852459016393,3.8050543805688553,1.0,0.02123112,3.7219384615384614,0.7651979101792263,0.1342031686859273,0.7313228011871399,0.4630751181152297
frozenset({'Cooking Oil 1L'}),"frozenset({'Choco Cookies 150g', 'Basmati Rice 5kg', 'Toor Dal 1kg'})",0.1996,0.0266,0.0202,0.10120240480961923,3.8046016845721518,1.0,0.01489064,1.0830024526198438,0.9209900000494803,0.09805825242718445,0.0766410569237921,0.43030045052511035
"frozenset({'Choco Cookies 150g', 'Basmati Rice 5kg', 'Toor Dal 1kg'})",frozenset({'Cooking Oil 1L'}),0.0266,0.1996,0.0202,0.7593984962406015,3.8046016845721518,1.0,0.01489064,3.3266625000000003,0.7573047010885596,0.09805825242718445,0.6993984210902068,0.43030045052511035
"frozenset({'Toned Milk 1L', 'Basmati Rice 5kg', 'White Bread 400g', 'Cooking Oil 1L'})",frozenset({'Toor Dal 1kg'}),0.0298,0.2068,0.0234,0.785234899328859,3.7970739812807497,1.0,0.01723736,3.6933374999999997,0.7592654259320927,0.10975609756097561,0.729242182714144,0.4491938519855127
frozenset({'Toor Dal 1kg'}),"frozenset({'Toned Milk 1L', 'Basmati Rice 5kg', 'White Bread 400g', 'Cooking Oil 1L'})",0.2068,0.0298,0.0234,0.11315280464216634,3.7970739812807497,1.0,0.01723736,1.093987786259542,0.9286930361060466,0.10975609756097561,0.08591301241204531,0.4491938519855127
"frozenset({'Face Wash 100ml', 'Hand Sanitizer 200ml', 'White Bread 400g'})",frozenset({'Toned Milk 1L'}),0.0316,0.254,0.0304,0.9620253164556961,3.7875012458885675,1.0,0.0223736,19.64466666666662,0.7599893475945129,0.11912225705329152,0.9490955984660806,0.5408551779128874
frozenset({'Toned Milk 1L'}),"frozenset({'Face Wash 100ml', 'Hand Sanitizer 200ml', 'White Bread 400g'})",0.254,0.0316,0.0304,0.11968503937007874,3.7875012458885675,1.0,0.0223736,1.1000608228980324,0.9865598984055313,0.11912225705329152,0.09095935498768973,0.5408551779128874
"frozenset({'Hand Sanitizer 200ml', 'White Bread 400g'})",frozenset({'Toned Milk 1L'}),0.042,0.254,0.0404,0.9619047619047618,3.7870266216722905,1.0,0.029731999999999998,19.582499999999957,0.7682052130056429,0.15805946791862285,0.9489339971913697,0.560479940007499
frozenset({'Toned Milk 1L'}),"frozenset({'Hand Sanitizer 200ml', 'White Bread 400g'})",0.254,0.042,0.0404,0.1590551181102362,3.7870266216722905,1.0,0.029731999999999998,1.139194756554307,0.9865155416345923,0.15805946791862285,0.1221869708875117,0.560479940007499
"frozenset({'Toor Dal 1kg', 'Cooking Oil 1L'})","frozenset({'Ghee 500ml', 'Basmati Rice 5kg'})",0.1544,0.0366,0.0214,0.13860103626943004,3.786913559274045,1.0,0.01574896,1.1184132330827068,0.8703083139550306,0.12617924528301885,0.10587610158753379,0.3616502449106713
"frozenset({'Ghee 500ml', 'Basmati Rice 5kg'})","frozenset({'Toor Dal 1kg', 'Cooking Oil 1L'})",0.0366,0.1544,0.0214,0.5846994535519126,3.7869135592740446,1.0,0.01574896,2.0361157894736843,0.7638911254726736,0.12617924528301885,0.5088687955911927,0.3616502449106713
"frozenset({'Potato Chips 90g', 'Cooking Oil 1L'})",frozenset({'Basmati Rice 5kg'}),0.0456,0.1982,0.0342,0.75,3.784056508577195,1.0,0.025162080000000003,3.2072000000000003,0.7708857222687903,0.16316793893129772,0.6882015465203293,0.46127648839556007
frozenset({'Basmati Rice 5kg'}),"frozenset({'Potato Chips 90g', 'Cooking Oil 1L'})",0.1982,0.0456,0.0342,0.1725529767911201,3.784056508577195,1.0,0.025162080000000003,1.1534273170731708,0.9176020620271057,0.16316793893129772,0.1330186261432524,0.46127648839556007
frozenset({'Toor Dal 1kg'}),"frozenset({'Hand Sanitizer 200ml', 'Basmati Rice 5kg'})",0.2068,0.033,0.0258,0.12475822050290135,3.780552136451556,1.0,0.0189756,1.1048375690607735,0.927242022305879,0.12056074766355139,0.09488957652833645,0.4532882011605415
frozenset({'Toor Dal 1kg'}),"frozenset({'Choco Cookies 150g', 'Instant Coffee 100g', 'Cooking Oil 1L'})",0.2068,0.033,0.0258,0.12475822050290135,3.780552136451556,1.0,0.0189756,1.1048375690607735,0.927242022305879,0.12056074766355139,0.09488957652833645,0.4532882011605415
"frozenset({'Choco Cookies 150g', 'Instant Coffee 100g', 'Cooking Oil 1L'})",frozenset({'Toor Dal 1kg'}),0.033,0.2068,0.0258,0.7818181818181817,3.7805521364515555,1.0,0.0189756,3.635499999999999,0.7605877684519372,0.12056074766355139,0.7249346719845963,0.4532882011605415
"frozenset({'Hand Sanitizer 200ml', 'Basmati Rice 5kg'})",frozenset({'Toor Dal 1kg'}),0.033,0.2068,0.0258,0.7818181818181817,3.7805521364515555,1.0,0.0189756,3.635499999999999,0.7605877684519372,0.12056074766355139,0.7249346719845963,0.4532882011605415
frozenset({'Cooking Oil 1L'}),"frozenset({'Ghee 500ml', 'Basmati Rice 5kg'})",0.1996,0.0366,0.0276,0.13827655310621242,3.7780478990768422,1.0,0.02029464,1.1179920930232559,0.918681963366143,0.13231064237775647,0.1055392911627698,0.44618745688097505
"frozenset({'Ghee 500ml', 'Basmati Rice 5kg'})",frozenset({'Cooking Oil 1L'}),0.0366,0.1996,0.0276,0.7540983606557377,3.778047899076842,1.0,0.02029464,3.254959999999999,0.7632479172495961,0.13231064237775647,0.6927765625384029,0.44618745688097505
"frozenset({'Potato Chips 90g', 'Toor Dal 1kg'})","frozenset({'Basmati Rice 5kg', 'Cooking Oil 1L'})",0.0478,0.1462,0.0264,0.5523012552301255,3.777710364091146,1.0,0.01941164,1.9070859813084111,0.7722005817468955,0.1575178997613365,0.47563979296102776,0.3664379053168412
"frozenset({'Basmati Rice 5kg', 'Cooking Oil 1L'})","frozenset({'Potato Chips 90g', 'Toor Dal 1kg'})",0.1462,0.0478,0.0264,0.18057455540355677,3.7777103640911456,1.0,0.01941164,1.1620337228714523,0.8611962918006488,0.1575178997613365,0.13943977673131355,0.3664379053168412
frozenset({'Toor Dal 1kg'}),"frozenset({'Poha 500g', 'Basmati Rice 5kg', 'Cooking Oil 1L'})",0.2068,0.0274,0.0214,0.1034816247582205,3.776701633511697,1.0,0.01573368,1.084863430420712,0.9269020317559065,0.10056390977443608,0.07822498946969,0.4422517612842197
"frozenset({'Poha 500g', 'Basmati Rice 5kg', 'Cooking Oil 1L'})",frozenset({'Toor Dal 1kg'}),0.0274,0.2068,0.0214,0.7810218978102189,3.7767016335116965,1.0,0.01573368,3.622279999999999,0.7559312066510232,0.10056390977443608,0.7239307839261458,0.4422517612842197
frozenset({'Toned Milk 1L'}),"frozenset({'Basmati Rice 5kg', 'White Bread 400g', 'Toor Dal 1kg'})",0.254,0.039,0.0374,0.14724409448818898,3.775489602261256,1.0,0.027494000000000005,1.1269344413665743,0.985433900589239,0.14632237871674492,0.11263693495128926,0.553109226731274
"frozenset({'Basmati Rice 5kg', 'White Bread 400g', 'Toor Dal 1kg'})",frozenset({'Toned Milk 1L'}),0.039,0.254,0.0374,0.958974358974359,3.775489602261256,1.0,0.027494000000000005,18.183750000000014,0.7649674191879005,0.14632237871674492,0.9450058431291676,0.553109226731274
"frozenset({'Potato Chips 90g', 'Cooking Oil 1L'})","frozenset({'Basmati Rice 5kg', 'Toor Dal 1kg'})",0.0456,0.1534,0.0264,0.5789473684210527,3.7741027928360666,1.0,0.01940496,2.010675,0.7701554522593917,0.15295480880648898,0.5026545811729892,0.3755232278871886
"frozenset({'Basmati Rice 5kg', 'Toor Dal 1kg'})","frozenset({'Potato Chips 90g', 'Cooking Oil 1L'})",0.1534,0.0456,0.0264,0.17209908735332463,3.774102792836066,1.0,0.01940496,1.1527949606299213,0.8682215492987994,0.15295480880648898,0.1325430504540283,0.3755232278871886
frozenset({'Toor Dal 1kg'}),"frozenset({'Poha 500g', 'Ghee 500ml', 'Basmati Rice 5kg'})",0.2068,0.0326,0.0254,0.12282398452611218,3.767606887304055,1.0,0.01865832,1.1028573318632857,0.9260962273815622,0.11869158878504672,0.09326440409976451,0.4509825444102954
"frozenset({'Poha 500g', 'Ghee 500ml', 'Basmati Rice 5kg'})",frozenset({'Toor Dal 1kg'}),0.0326,0.2068,0.0254,0.7791411042944786,3.767606887304055,1.0,0.01865832,3.591433333333334,0.7593338097571377,0.11869158878504672,0.7215596372850209,0.4509825444102954
"frozenset({'Basmati Rice 5kg', 'Instant Coffee 100g', 'Toor Dal 1kg'})",frozenset({'Cooking Oil 1L'}),0.0274,0.1996,0.0206,0.7518248175182481,3.766657402396033,1.0,0.015130959999999999,3.2251411764705877,0.7552052450742579,0.0998062015503876,0.6899360538708748,0.42751561517194975
frozenset({'Cooking Oil 1L'}),"frozenset({'Basmati Rice 5kg', 'Instant Coffee 100g', 'Toor Dal 1kg'})",0.1996,0.0274,0.0206,0.10320641282565131,3.766657402396033,1.0,0.015130959999999999,1.084530502793296,0.9176819357311634,0.0998062015503876,0.07794202429123104,0.42751561517194975
"frozenset({'Poha 500g', 'Basmati Rice 5kg'})","frozenset({'Toor Dal 1kg', 'Cooking Oil 1L'})",0.0368,0.1544,0.0214,0.5815217391304348,3.7663325073214686,1.0,0.01571808,2.0206545454545455,0.7625516192132145,0.1260306242638398,0.5051108551684423,0.36006138769993246
"frozenset({'Toor Dal 1kg', 'Cooking Oil 1L'})","frozenset({'Poha 500g', 'Basmati Rice 5kg'})",0.1544,0.0368,0.0214,0.13860103626943004,3.7663325073214686,1.0,0.01571808,1.118181052631579,0.8686018444018073,0.1260306242638398,0.10569044463188335,0.36006138769993246
"frozenset({'Toned Milk 1L', 'Toor Dal 1kg'})",frozenset({'White Bread 400g'}),0.0534,0.2546,0.0512,0.9588014981273408,3.7659131898167355,1.0,0.03760436,18.092890909090915,0.7758928335622227,0.19937694704049846,0.9447296728298105,0.5799506312317773
frozenset({'White Bread 400g'}),"frozenset({'Toned Milk 1L', 'Toor Dal 1kg'})",0.2546,0.0534,0.0512,0.20109976433621368,3.7659131898167355,1.0,0.03760436,1.1848788593903639,0.9853235259592165,0.19937694704049846,0.15603186597952004,0.5799506312317773
frozenset({'Toor Dal 1kg'}),"frozenset({'Choco Cookies 150g', 'Basmati Rice 5kg'})",0.2068,0.0342,0.0266,0.12862669245647967,3.761014399312271,1.0,0.01952744,1.1083653718091009,0.9255096895036381,0.12406716417910445,0.09777044155775488,0.45320223511712865
"frozenset({'Choco Cookies 150g', 'Basmati Rice 5kg'})",frozenset({'Toor Dal 1kg'}),0.0342,0.2068,0.0266,0.7777777777777777,3.761014399312271,1.0,0.01952744,3.5693999999999986,0.760110049403899,0.12406716417910445,0.7198408696139406,0.45320223511712865
"frozenset({'Basmati Rice 5kg', 'Potato Chips 90g', 'Toor Dal 1kg'})",frozenset({'Cooking Oil 1L'}),0.0352,0.1996,0.0264,0.75,3.7575150300601203,1.0,0.01937408,3.2016,0.7606412382531785,0.12667946257197696,0.6876561719140429,0.4411322645290581
frozenset({'Cooking Oil 1L'}),"frozenset({'Basmati Rice 5kg', 'Potato Chips 90g', 'Toor Dal 1kg'})",0.1996,0.0352,0.0264,0.13226452905811623,3.75751503006012,1.0,0.01937408,1.111859584295612,0.9168748958853906,0.12667946257197696,0.10060585515973904,0.4411322645290581
"frozenset({'Cola 750ml', 'Potato Chips 90g', 'Cooking Oil 1L'})",frozenset({'Basmati Rice 5kg'}),0.0414,0.1982,0.0308,0.7439613526570049,3.7535890648688444,1.0,0.02259452,3.131558490566039,0.765270510836962,0.14750957854406133,0.6806701829097092,0.44967996997128756
frozenset({'Basmati Rice 5kg'}),"frozenset({'Cola 750ml', 'Potato Chips 90g', 'Cooking Oil 1L'})",0.1982,0.0414,0.0308,0.15539858728557016,3.7535890648688444,1.0,0.02259452,1.1349732377538828,0.9149268043007129,0.14750957854406133,0.1189219562753705,0.44967996997128756
"frozenset({'Face Wash 100ml', 'White Bread 400g'})",frozenset({'Toned Milk 1L'}),0.0382,0.254,0.0364,0.9528795811518326,3.751494413983593,1.0,0.026697200000000004,15.831777777777816,0.7625697238922442,0.1422986708365911,0.9368358996673359,0.548093333883003
frozenset({'Toned Milk 1L'}),"frozenset({'Face Wash 100ml', 'White Bread 400g'})",0.254,0.0382,0.0364,0.14330708661417324,3.751494413983593,1.0,0.026697200000000004,1.122689338235294,0.9831629496508854,0.1422986708365911,0.10928164547117201,0.548093333883003
"frozenset({'Cola 750ml', 'Potato Chips 90g', 'Toor Dal 1kg'})","frozenset({'Basmati Rice 5kg', 'Cooking Oil 1L'})",0.0434,0.1462,0.0238,0.5483870967741936,3.750937734433609,1.0,0.017454920000000002,1.890557142857143,0.7666736357934351,0.14354644149577805,0.4710553956127824,0.3555888972243061
"frozenset({'Basmati Rice 5kg', 'Cooking Oil 1L'})","frozenset({'Cola 750ml', 'Potato Chips 90g', 'Toor Dal 1kg'})",0.1462,0.0434,0.0238,0.16279069767441862,3.7509377344336086,1.0,0.017454920000000002,1.1426055555555557,0.8589833684703678,0.14354644149577805,0.12480733605939642,0.3555888972243061
frozenset({'Toor Dal 1kg'}),"frozenset({'Ghee 500ml', 'Basmati Rice 5kg', 'Cooking Oil 1L'})",0.2068,0.0276,0.0214,0.1034816247582205,3.749334230370308,1.0,0.01569232,1.0846403451995685,0.9244654328144367,0.10046948356807511,0.07803540184926007,0.4394219717994001
"frozenset({'Ghee 500ml', 'Basmati Rice 5kg', 'Cooking Oil 1L'})",frozenset({'Toor Dal 1kg'}),0.0276,0.2068,0.0214,0.7753623188405797,3.749334230370308,1.0,0.01569232,3.5310193548387097,0.7540991169358404,0.10046948356807511,0.7167956616749618,0.4394219717994001
"frozenset({'Basmati Rice 5kg', 'Toor Dal 1kg'})","frozenset({'Cola 750ml', 'Potato Chips 90g', 'Cooking Oil 1L'})",0.1534,0.0414,0.0238,0.15514993481095177,3.7475829664481104,1.0,0.01744924,1.1346391975308643,0.8660067854214683,0.13918128654970763,0.11866256500203606,0.3650145809320459
"frozenset({'Cola 750ml', 'Potato Chips 90g', 'Cooking Oil 1L'})","frozenset({'Basmati Rice 5kg', 'Toor Dal 1kg'})",0.0414,0.1534,0.0238,0.5748792270531401,3.74758296644811,1.0,0.01744924,1.9914340909090908,0.7648251038366526,0.13918128654970763,0.4978493114258683,0.3650145809320459
"frozenset({'Toned Milk 1L', 'Basmati Rice 5kg', 'Toor Dal 1kg'})",frozenset({'White Bread 400g'}),0.0392,0.2546,0.0374,0.9540816326530613,3.7473748336726684,1.0,0.027419680000000002,16.233155555555598,0.7630584138886044,0.14586583463338534,0.9383976826577156,0.550489363066515
frozenset({'White Bread 400g'}),"frozenset({'Toned Milk 1L', 'Basmati Rice 5kg', 'Toor Dal 1kg'})",0.2546,0.0392,0.0374,0.1468970934799686,3.7473748336726684,1.0,0.027419680000000002,1.126241620626151,0.9835612074915093,0.14586583463338534,0.1120910631556709,0.550489363066515
frozenset({'Toned Milk 1L'}),"frozenset({'Basmati Rice 5kg', 'White Bread 400g', 'Toor Dal 1kg', 'Cooking Oil 1L'})",0.254,0.0246,0.0234,0.09212598425196851,3.744958709429614,1.0,0.0171516,1.0743781439722464,0.9825393551935107,0.09169278996865203,0.06922901809715862,0.5216727482235453
"frozenset({'Basmati Rice 5kg', 'White Bread 400g', 'Toor Dal 1kg', 'Cooking Oil 1L'})",frozenset({'Toned Milk 1L'}),0.0246,0.254,0.0234,0.951219512195122,3.744958709429614,1.0,0.0171516,15.29300000000002,0.7514602819093283,0.09169278996865203,0.934610606159681,0.5216727482235453
"frozenset({'Cola 750ml', 'Potato Chips 90g', 'Toor Dal 1kg'})",frozenset({'Basmati Rice 5kg'}),0.0434,0.1982,0.0322,0.7419354838709677,3.7433677289150746,1.0,0.02359812,3.1069750000000003,0.7661100455417285,0.15377268385864376,0.6781435318919529,0.452198821652941
frozenset({'Basmati Rice 5kg'}),"frozenset({'Cola 750ml', 'Potato Chips 90g', 'Toor Dal 1kg'})",0.1982,0.0434,0.0322,0.16246215943491424,3.7433677289150746,1.0,0.02359812,1.1421573493975905,0.9140195429848059,0.15377268385864376,0.1244638923634897,0.452198821652941
frozenset({'Basmati Rice 5kg'}),frozenset({'Toor Dal 1kg'}),0.1982,0.2068,0.1534,0.773965691220989,3.7425807119003336,1.0,0.11241224000000001,3.5092017857142874,0.9139494806828052,0.6096979332273449,0.7150349107677623,0.7578725941598174
frozenset({'Toor Dal 1kg'}),frozenset({'Basmati Rice 5kg'}),0.2068,0.1982,0.1534,0.741779497098646,3.742580711900333,1.0,0.11241224000000001,3.1050981273408236,0.9238586656725583,0.6096979332273449,0.67794898615446,0.7578725941598174
"frozenset({'Basmati Rice 5kg', 'White Bread 400g', 'Cooking Oil 1L'})",frozenset({'Toor Dal 1kg'}),0.0318,0.2068,0.0246,0.7735849056603773,3.740739389073391,1.0,0.01802376,3.503299999999999,0.7567374207102947,0.11495327102803739,0.7145548482859018,0.44627020911645554
frozenset({'Toor Dal 1kg'}),"frozenset({'Basmati Rice 5kg', 'White Bread 400g', 'Cooking Oil 1L'})",0.2068,0.0318,0.0246,0.11895551257253384,3.740739389073391,1.0,0.01802376,1.0989229418221735,0.9236928526622633,0.11495327102803739,0.09001808776341029,0.44627020911645554
frozenset({'Toor Dal 1kg'}),frozenset({'Cooking Oil 1L'}),0.2068,0.1996,0.1544,0.746615087040619,3.7405565482996943,1.0,0.11312272000000001,3.158830534351145,0.92367637875308,0.6126984126984127,0.6834271452281596,0.7600810906144979
frozenset({'Cooking Oil 1L'}),frozenset({'Toor Dal 1kg'}),0.1996,0.2068,0.1544,0.7735470941883767,3.740556548299694,1.0,0.11312272000000001,3.5027150442477875,0.9153674458107733,0.6126984126984127,0.7145071787548875,0.7600810906144979
"frozenset({'Basmati Rice 5kg', 'Cooking Oil 1L'})","frozenset({'Cola 750ml', 'Toor Dal 1kg'})",0.1462,0.0472,0.0258,0.17647058823529413,3.738783649052842,1.0,0.01889936,1.1569714285714285,0.8579682985867104,0.15393794749403342,0.13567442090186202,0.3615403788634098
"frozenset({'Cola 750ml', 'Toor Dal 1kg'})","frozenset({'Basmati Rice 5kg', 'Cooking Oil 1L'})",0.0472,0.1462,0.0258,0.5466101694915254,3.7387836490528414,1.0,0.01889936,1.8831476635514017,0.7688217184438848,0.15393794749403342,0.4689741971088374,0.3615403788634098
"frozenset({'Face Wash 100ml', 'Hand Sanitizer 200ml', 'Cooking Oil 1L'})",frozenset({'Toor Dal 1kg'}),0.0264,0.2068,0.0204,0.7727272727272728,3.736592227888166,1.0,0.01494048,3.4900800000000016,0.7522354874571028,0.09586466165413533,0.7134736166506213,0.4356866537717602
frozenset({'Toor Dal 1kg'}),"frozenset({'Cola 750ml', 'Basmati Rice 5kg', 'Potato Chips 90g', 'Cooking Oil 1L'})",0.2068,0.0308,0.0238,0.11508704061895551,3.736592227888166,1.0,0.01743056,1.0952489617486338,0.923318798018451,0.11131898971000936,0.08696558049830325,0.4439071566731141
frozenset({'Toor Dal 1kg'}),"frozenset({'Face Wash 100ml', 'Hand Sanitizer 200ml', 'Cooking Oil 1L'})",0.2068,0.0264,0.0204,0.09864603481624758,3.736592227888166,1.0,0.01494048,1.0801527896995708,0.9233187980184508,0.09586466165413533,0.07420504808571034,0.4356866537717602
"frozenset({'Cola 750ml', 'Basmati Rice 5kg', 'Potato Chips 90g', 'Cooking Oil 1L'})",frozenset({'Toor Dal 1kg'}),0.0308,0.2068,0.0238,0.7727272727272727,3.7365922278881656,1.0,0.01743056,3.49008,0.7556505061785341,0.11131898971000936,0.7134736166506211,0.4439071566731141
"frozenset({'Ghee 500ml', 'Toor Dal 1kg'})","frozenset({'Basmati Rice 5kg', 'Cooking Oil 1L'})",0.0392,0.1462,0.0214,0.5459183673469388,3.7340517602389793,1.0,0.01566896,1.8802786516853933,0.7620674360151587,0.13048780487804876,0.4681639345829688,0.3461465981741534
"frozenset({'Basmati Rice 5kg', 'Cooking Oil 1L'})","frozenset({'Ghee 500ml', 'Toor Dal 1kg'})",0.1462,0.0392,0.0214,0.14637482900136797,3.734051760238979,1.0,0.01566896,1.125552564102564,0.8575713194230082,0.13048780487804876,0.11154749063422978,0.3461465981741534
"frozenset({'Potato Chips 90g', 'White Bread 400g'})",frozenset({'Toned Milk 1L'}),0.058,0.254,0.055,0.9482758620689655,3.733369535704589,1.0,0.040268,14.422666666666668,0.7772244740397607,0.2140077821011673,0.9306646944624203,0.5824056475699159
frozenset({'Toned Milk 1L'}),"frozenset({'Potato Chips 90g', 'White Bread 400g'})",0.254,0.058,0.055,0.21653543307086615,3.7333695357045884,1.0,0.040268,1.2023517587939698,0.9814282232512795,0.2140077821011673,0.16829663807947576,0.5824056475699159
frozenset({'Toned Milk 1L'}),"frozenset({'White Bread 400g', 'Toor Dal 1kg'})",0.254,0.054,0.0512,0.2015748031496063,3.7328667249927094,1.0,0.037484,1.1848323471400395,0.9813798592493299,0.19937694704049846,0.15599873483045065,0.5748614756488772
"frozenset({'White Bread 400g', 'Toor Dal 1kg'})",frozenset({'Toned Milk 1L'}),0.054,0.254,0.0512,0.9481481481481482,3.7328667249927094,1.0,0.037484,14.387142857142868,0.7738999735729388,0.19937694704049846,0.9304934961771424,0.5748614756488772
"frozenset({'Basmati Rice 5kg', 'Potato Chips 90g', 'Cooking Oil 1L'})",frozenset({'Toor Dal 1kg'}),0.0342,0.2068,0.0264,0.7719298245614035,3.7327360955580438,1.0,0.01932744,3.4778769230769226,0.7580244357009734,0.12301957129543335,0.7124682609195707,0.44979469951474427
frozenset({'Toor Dal 1kg'}),"frozenset({'Basmati Rice 5kg', 'Potato Chips 90g', 'Cooking Oil 1L'})",0.2068,0.0342,0.0264,0.1276595744680851,3.7327360955580438,1.0,0.01932744,1.1071365853658537,0.922970247100353,0.12301957129543335,0.09676907689799658,0.44979469951474427
"frozenset({'Toned Milk 1L', 'Basmati Rice 5kg', 'Cooking Oil 1L'})",frozenset({'Toor Dal 1kg'}),0.0324,0.2068,0.025,0.771604938271605,3.7311650786828094,1.0,0.018299680000000002,3.4729297297297315,0.7564977263331956,0.11671335200746964,0.7120586715476614,0.446247343410464
frozenset({'Toor Dal 1kg'}),"frozenset({'Toned Milk 1L', 'Basmati Rice 5kg', 'Cooking Oil 1L'})",0.2068,0.0324,0.025,0.12088974854932302,3.7311650786828094,1.0,0.018299680000000002,1.100658305830583,0.9228280383257691,0.11671335200746964,0.09145281991455459,0.446247343410464
frozenset({'Cooking Oil 1L'}),"frozenset({'Poha 500g', 'Basmati Rice 5kg'})",0.1996,0.0368,0.0274,0.1372745490981964,3.730286660277076,1.0,0.02005472,1.1164617886178863,0.9144478855462781,0.13110047846889952,0.10431327771822714,0.4409198832447504
"frozenset({'Poha 500g', 'Basmati Rice 5kg'})",frozenset({'Cooking Oil 1L'}),0.0368,0.1996,0.0274,0.7445652173913044,3.730286660277076,1.0,0.02005472,3.133480851063831,0.7598879646919029,0.13110047846889952,0.6808660886947832,0.4409198832447504
"frozenset({'Basmati Rice 5kg', 'Cooking Oil 1L'})","frozenset({'Instant Coffee 100g', 'Toor Dal 1kg'})",0.1462,0.0378,0.0206,0.1409028727770178,3.727589226905233,1.0,0.01507364,1.1200130573248408,0.8570275205989442,0.12607099143206854,0.10715326624092476,0.34293820887528137
"frozenset({'Instant Coffee 100g', 'Toor Dal 1kg'})","frozenset({'Basmati Rice 5kg', 'Cooking Oil 1L'})",0.0378,0.1462,0.0206,0.544973544973545,3.7275892269052324,1.0,0.01507364,1.8763744186046514,0.7604760934186018,0.12607099143206854,0.46705732604069455,0.34293820887528137
"frozenset({'Basmati Rice 5kg', 'White Bread 400g'})",frozenset({'Toned Milk 1L'}),0.048,0.254,0.0454,0.9458333333333334,3.723753280839895,1.0,0.033208,13.772307692307713,0.7683337652241513,0.1769290724863601,0.9273905272564791,0.5622867454068242
frozenset({'Toned Milk 1L'}),"frozenset({'Basmati Rice 5kg', 'White Bread 400g'})",0.254,0.048,0.0454,0.17874015748031497,3.723753280839895,1.0,0.033208,1.1591946308724832,0.9805009979804183,0.1769290724863601,0.13733209819360817,0.5622867454068242
frozenset({'Toned Milk 1L'}),"frozenset({'Poha 500g', 'White Bread 400g'})",0.254,0.0368,0.0348,0.13700787401574802,3.7230400547757614,1.0,0.025452799999999998,1.1161167883211678,0.9804320359927274,0.1359375,0.10403641405289453,0.5413300239643958
"frozenset({'Poha 500g', 'White Bread 400g'})",frozenset({'Toned Milk 1L'}),0.0368,0.254,0.0348,0.9456521739130435,3.7230400547757614,1.0,0.025452799999999998,13.726399999999995,0.759346240501012,0.1359375,0.927147686210514,0.5413300239643958
"frozenset({'Ghee 500ml', 'Basmati Rice 5kg', 'Toor Dal 1kg'})",frozenset({'Cooking Oil 1L'}),0.0288,0.1996,0.0214,0.7430555555555556,3.7227232242262303,1.0,0.01565152,3.1150702702702704,0.7530677916519115,0.10338164251207729,0.6789799544672108,0.42513499220663553
frozenset({'Cooking Oil 1L'}),"frozenset({'Ghee 500ml', 'Basmati Rice 5kg', 'Toor Dal 1kg'})",0.1996,0.0288,0.0214,0.10721442885771543,3.7227232242262303,1.0,0.01565152,1.0878312008978677,0.9137674153577418,0.10338164251207729,0.08073973317310074,0.42513499220663553
frozenset({'Toor Dal 1kg'}),"frozenset({'Choco Cookies 150g', 'Cooking Oil 1L'})",0.2068,0.0382,0.0294,0.14216634429400385,3.721632049581253,1.0,0.021500239999999997,1.1211963923337092,0.921962531860954,0.13636363636363638,0.1080955960636347,0.4558999260737035
"frozenset({'Choco Cookies 150g', 'Cooking Oil 1L'})",frozenset({'Toor Dal 1kg'}),0.0382,0.2068,0.0294,0.7696335078534031,3.721632049581253,1.0,0.021500239999999997,3.443209090909091,0.7603458933999884,0.13636363636363638,0.7095732575055511,0.4558999260737035
frozenset({'Basmati Rice 5kg'}),"frozenset({'Cola 750ml', 'Toor Dal 1kg'})",0.1982,0.0472,0.0348,0.17558022199798184,3.719919957584361,1.0,0.02544496,1.1557219094247246,0.9119194456151819,0.16524216524216526,0.1347399475209717,0.45643417879560105
"frozenset({'Cola 750ml', 'Toor Dal 1kg'})",frozenset({'Basmati Rice 5kg'}),0.0472,0.1982,0.0348,0.7372881355932203,3.7199199575843607,1.0,0.02544496,3.0520129032258057,0.7673982068579481,0.16524216524216526,0.6723473878688204,0.45643417879560105
frozenset({'White Bread 400g'}),"frozenset({'Toned Milk 1L', 'Toor Dal 1kg', 'Cooking Oil 1L'})",0.2546,0.0374,0.0354,0.13904163393558525,3.717690746940782,1.0,0.02587796,1.1180563868613138,0.9807027357244962,0.13795791114575215,0.10559072713025684,0.5427828490533542
"frozenset({'Toned Milk 1L', 'Toor Dal 1kg', 'Cooking Oil 1L'})",frozenset({'White Bread 400g'}),0.0374,0.2546,0.0354,0.946524064171123,3.717690746940782,1.0,0.02587796,13.938980000000003,0.7594180544452934,0.13795791114575215,0.928258739161689,0.5427828490533542
"frozenset({'Cola 750ml', 'Cooking Oil 1L'})",frozenset({'Basmati Rice 5kg'}),0.0456,0.1982,0.0336,0.7368421052631579,3.7176695522863668,1.0,0.02456208,3.04684,0.7659412046461501,0.15984776403425308,0.6717911016003464,0.4531839184237081
frozenset({'Basmati Rice 5kg'}),"frozenset({'Cola 750ml', 'Cooking Oil 1L'})",0.1982,0.0456,0.0336,0.16952573158425832,3.7176695522863668,1.0,0.02456208,1.1492228432563791,0.9117164950290418,0.15984776403425308,0.1298467430681667,0.4531839184237081
"frozenset({'Potato Chips 90g', 'Toor Dal 1kg'})",frozenset({'Basmati Rice 5kg'}),0.0478,0.1982,0.0352,0.7364016736401674,3.7154473947536197,1.0,0.025726040000000002,3.041749206349207,0.7675419125088312,0.16698292220113853,0.6712417980046985,0.4570000295546952
frozenset({'Basmati Rice 5kg'}),"frozenset({'Potato Chips 90g', 'Toor Dal 1kg'})",0.1982,0.0478,0.0352,0.17759838546922302,3.7154473947536193,1.0,0.025726040000000002,1.1578284662576688,0.9115158506995623,0.16698292220113853,0.13631420444152803,0.4570000295546952
frozenset({'Toned Milk 1L'}),"frozenset({'Cola 750ml', 'White Bread 400g'})",0.254,0.0568,0.0536,0.2110236220472441,3.7152046135078183,1.0,0.0391728,1.1954730538922156,0.9796726821655796,0.20839813374805596,0.16351104966840976,0.5773427969391149
"frozenset({'Cola 750ml', 'White Bread 400g'})",frozenset({'Toned Milk 1L'}),0.0568,0.254,0.0536,0.9436619718309859,3.7152046135078183,1.0,0.0391728,13.241499999999991,0.7748471383540313,0.20839813374805596,0.9244798550013216,0.5773427969391149
"frozenset({'Cola 750ml', 'Toor Dal 1kg', 'Basmati Rice 5kg'})",frozenset({'Cooking Oil 1L'}),0.0348,0.1996,0.0258,0.7413793103448276,3.714325202128395,1.0,0.01885392,3.0948800000000003,0.757119864300928,0.1236816874400767,0.6768856950834928,0.43531891368944786
frozenset({'Cooking Oil 1L'}),"frozenset({'Cola 750ml', 'Toor Dal 1kg', 'Basmati Rice 5kg'})",0.1996,0.0348,0.0258,0.12925851703406813,3.7143252021283946,1.0,0.01885392,1.1084805523590333,0.9130086119730833,0.1236816874400767,0.09786419087657286,0.43531891368944786
"frozenset({'Poha 500g', 'Toned Milk 1L'})",frozenset({'White Bread 400g'}),0.0368,0.2546,0.0348,0.9456521739130435,3.714266197616039,1.0,0.025430719999999997,13.715359999999997,0.7586875167067628,0.13561964146531566,0.9270890446914991,0.5411685849926569
frozenset({'White Bread 400g'}),"frozenset({'Poha 500g', 'Toned Milk 1L'})",0.2546,0.0368,0.0348,0.13668499607227022,3.7142661976160385,1.0,0.025430719999999997,1.1156993630573249,0.9803700242714702,0.13561964146531566,0.10370120024114432,0.5411685849926569
frozenset({'Toor Dal 1kg'}),"frozenset({'Cola 750ml', 'Basmati Rice 5kg', 'Cooking Oil 1L'})",0.2068,0.0336,0.0258,0.12475822050290135,3.713042276872064,1.0,0.01885152,1.104152044198895,0.9211788574980356,0.12022367194780988,0.0943276288316446,0.4463076816800221
"frozenset({'Cola 750ml', 'Basmati Rice 5kg', 'Cooking Oil 1L'})",frozenset({'Toor Dal 1kg'}),0.0336,0.2068,0.0258,0.7678571428571429,3.713042276872064,1.0,0.01885152,3.4168615384615393,0.7560834745110119,0.12022367194780988,0.7073337655788489,0.4463076816800221
"frozenset({'Basmati Rice 5kg', 'Toor Dal 1kg'})","frozenset({'Ghee 500ml', 'Cooking Oil 1L'})",0.1534,0.0376,0.0214,0.1395045632333768,3.7102277455685315,1.0,0.01563216,1.1184254545454546,0.8628334117117177,0.12617924528301885,0.10588587202138071,0.35432674970179473
"frozenset({'Ghee 500ml', 'Cooking Oil 1L'})","frozenset({'Basmati Rice 5kg', 'Toor Dal 1kg'})",0.0376,0.1534,0.0214,0.5691489361702127,3.710227745568531,1.0,0.01563216,1.9649481481481477,0.7590136807513925,0.12617924528301885,0.49108071836783923,0.35432674970179473
"frozenset({'Potato Chips 90g', 'Cola 750ml', 'White Bread 400g'})",frozenset({'Toned Milk 1L'}),0.0514,0.254,0.0484,0.9416342412451362,3.7072214222249453,1.0,0.0353444,12.781466666666663,0.7698252143654938,0.18832684824902723,0.9217617174867777,0.5660927111737492
frozenset({'Toned Milk 1L'}),"frozenset({'Potato Chips 90g', 'Cola 750ml', 'White Bread 400g'})",0.254,0.0514,0.0484,0.1905511811023622,3.7072214222249453,1.0,0.0353444,1.171908560311284,0.9788957082400904,0.18832684824902723,0.146691103839724,0.5660927111737492
"frozenset({'Ghee 500ml', 'Toor Dal 1kg'})",frozenset({'Basmati Rice 5kg'}),0.0392,0.1982,0.0288,0.7346938775510204,3.7068308655450077,1.0,0.02103056,3.0221692307692316,0.760020584697937,0.13806327900287632,0.66911184528688,0.44000082374019234
frozenset({'Basmati Rice 5kg'}),"frozenset({'Ghee 500ml', 'Toor Dal 1kg'})",0.1982,0.0392,0.0288,0.14530776992936428,3.7068308655450073,1.0,0.02103056,1.1241473435655254,0.9107355671960311,0.13806327900287632,0.11043689626286875,0.44000082374019234
"frozenset({'White Bread 400g', 'Toor Dal 1kg', 'Cooking Oil 1L'})",frozenset({'Toned Milk 1L'}),0.0376,0.254,0.0354,0.9414893617021276,3.706651030323337,1.0,0.0258496,12.749818181818169,0.7587434427114886,0.13817330210772832,0.9215675089840852,0.5404297202211426
frozenset({'Toned Milk 1L'}),"frozenset({'White Bread 400g', 'Toor Dal 1kg', 'Cooking Oil 1L'})",0.254,0.0376,0.0354,0.13937007874015747,3.7066510303233366,1.0,0.0258496,1.1182506861848125,0.9788400660395934,0.13817330210772832,0.10574613335427833,0.5404297202211426
frozenset({'Basmati Rice 5kg'}),"frozenset({'Toned Milk 1L', 'Toor Dal 1kg'})",0.1982,0.0534,0.0392,0.1977800201816347,3.703745696285294,1.0,0.02861612,1.1799755974842767,0.9104553021008851,0.18455743879472694,0.15252484701207977,0.46593120859269
"frozenset({'Toned Milk 1L', 'Toor Dal 1kg'})",frozenset({'Basmati Rice 5kg'}),0.0534,0.1982,0.0392,0.7340823970037452,3.703745696285294,1.0,0.02861612,3.0152197183098584,0.7711843030049544,0.18455743879472694,0.6683492105309867,0.46593120859269
"frozenset({'Ghee 500ml', 'Cooking Oil 1L'})",frozenset({'Basmati Rice 5kg'}),0.0376,0.1982,0.0276,0.7340425531914894,3.7035446679691697,1.0,0.02014768,3.014768,0.7585083185755418,0.13256484149855907,0.6682995175748184,0.43664791635356504
frozenset({'Basmati Rice 5kg'}),"frozenset({'Ghee 500ml', 'Cooking Oil 1L'})",0.1982,0.0376,0.0276,0.13925327951564076,3.703544667969169,1.0,0.02014768,1.1180989449003516,0.9104370239425061,0.13256484149855907,0.10562477090153861,0.43664791635356504
frozenset({'Cooking Oil 1L'}),"frozenset({'Cola 750ml', 'Basmati Rice 5kg', 'Potato Chips 90g', 'Toor Dal 1kg'})",0.1996,0.0322,0.0238,0.11923847695390782,3.703058290494032,1.0,0.01737288,1.0988218430034131,0.9119851838786489,0.11442307692307692,0.08993436345723065,0.42918445586825826
"frozenset({'Cola 750ml', 'Basmati Rice 5kg', 'Potato Chips 90g', 'Toor Dal 1kg'})",frozenset({'Cooking Oil 1L'}),0.0322,0.1996,0.0238,0.7391304347826088,3.703058290494032,1.0,0.01737288,3.068200000000001,0.754239451515262,0.11442307692307692,0.6740760054755232,0.42918445586825826
"frozenset({'Poha 500g', 'Ghee 500ml', 'Cooking Oil 1L'})",frozenset({'Basmati Rice 5kg'}),0.0338,0.1982,0.0248,0.7337278106508877,3.7019566632234495,1.0,0.01810084,3.0112044444444455,0.7554052790779977,0.11969111969111969,0.6679069726252027,0.4294269729339201
frozenset({'Basmati Rice 5kg'}),"frozenset({'Poha 500g', 'Ghee 500ml', 'Cooking Oil 1L'})",0.1982,0.0338,0.0248,0.12512613521695257,3.701956663223449,1.0,0.01810084,1.1043877739331027,0.9102925675295102,0.11969111969111969,0.09452094309351332,0.4294269729339201
frozenset({'White Bread 400g'}),"frozenset({'Poha 500g', 'Toned Milk 1L', 'Ghee 500ml'})",0.2546,0.031,0.0292,0.11468970934799687,3.69966804348377,1.0,0.0213074,1.0945314995563442,0.9789448342528236,0.11388455538221531,0.08636708911041989,0.5283125966094823
"frozenset({'Poha 500g', 'Toned Milk 1L', 'Ghee 500ml'})",frozenset({'White Bread 400g'}),0.031,0.2546,0.0292,0.9419354838709677,3.6996680434837694,1.0,0.0213074,12.837444444444436,0.7530500303942774,0.11388455538221531,0.9221028761349178,0.5283125966094823
"frozenset({'Toned Milk 1L', 'Potato Chips 90g'})",frozenset({'White Bread 400g'}),0.0584,0.2546,0.055,0.9417808219178082,3.6990605731257196,1.0,0.040131360000000005,12.803341176470587,0.7749161968023481,0.2131782945736434,0.9218953876010304,0.5789029796941751
frozenset({'White Bread 400g'}),"frozenset({'Toned Milk 1L', 'Potato Chips 90g'})",0.2546,0.0584,0.055,0.21602513747054203,3.6990605731257196,1.0,0.040131360000000005,1.2010589178356712,0.9788852842890943,0.2131782945736434,0.16740137794237683,0.5789029796941751
"frozenset({'Face Wash 100ml', 'Cooking Oil 1L'})",frozenset({'Toor Dal 1kg'}),0.0314,0.2068,0.024,0.7643312101910829,3.6959923123359903,1.0,0.01750648,3.3657405405405414,0.7530834881960218,0.11204481792717086,0.7028885655459945,0.4401926843992165
frozenset({'Toor Dal 1kg'}),"frozenset({'Face Wash 100ml', 'Cooking Oil 1L'})",0.2068,0.0314,0.024,0.11605415860735009,3.6959923123359903,1.0,0.01750648,1.095768490153173,0.9196125399226762,0.11204481792717086,0.08739847058367757,0.4401926843992165
frozenset({'Basmati Rice 5kg'}),frozenset({'Cooking Oil 1L'}),0.1982,0.1996,0.1462,0.7376387487386479,3.69558491352028,1.0,0.10663928,3.050755384615385,0.9097116986097287,0.5810810810810811,0.6722123297584306,0.7350518392991836
frozenset({'Cooking Oil 1L'}),frozenset({'Basmati Rice 5kg'}),0.1996,0.1982,0.1462,0.7324649298597194,3.69558491352028,1.0,0.10663928,2.996990262172285,0.9113028984823595,0.5810810810810811,0.6663319155147411,0.7350518392991836
frozenset({'White Bread 400g'}),"frozenset({'Toned Milk 1L', 'Cola 750ml'})",0.2546,0.057,0.0536,0.2105263157894737,3.6934441366574333,1.0,0.039087800000000006,1.1944666666666666,0.9783337805205259,0.20775193798449612,0.16280627337165823,0.5754385964912281
"frozenset({'Toned Milk 1L', 'Cola 750ml'})",frozenset({'White Bread 400g'}),0.057,0.2546,0.0536,0.9403508771929825,3.6934441366574333,1.0,0.039087800000000006,12.496411764705892,0.7733297985153765,0.20775193798449612,0.9199770287000033,0.5754385964912281
"frozenset({'Toned Milk 1L', 'Ghee 500ml'})",frozenset({'White Bread 400g'}),0.0364,0.2546,0.0342,0.9395604395604396,3.6903395112350337,1.0,0.02493256,12.332981818181818,0.756561044232277,0.13317757009345796,0.9189166079426342,0.5369443988846974
frozenset({'White Bread 400g'}),"frozenset({'Toned Milk 1L', 'Ghee 500ml'})",0.2546,0.0364,0.0342,0.13432835820895522,3.6903395112350332,1.0,0.02493256,1.1131241379310344,0.9780282026056105,0.13317757009345796,0.10162760295657454,0.5369443988846974
frozenset({'Toned Milk 1L'}),"frozenset({'Basmati Rice 5kg', 'White Bread 400g', 'Cooking Oil 1L'})",0.254,0.0318,0.0298,0.1173228346456693,3.68939731590155,1.0,0.0217228,1.0968902765388047,0.9771488205552658,0.11640625,0.08833178542209182,0.5272148764423314
"frozenset({'Basmati Rice 5kg', 'White Bread 400g', 'Cooking Oil 1L'})",frozenset({'Toned Milk 1L'}),0.0318,0.254,0.0298,0.9371069182389936,3.6893973159015494,1.0,0.0217228,11.861399999999982,0.7528950837990377,0.11640625,0.9156929198914123,0.5272148764423314
"frozenset({'Basmati Rice 5kg', 'Toor Dal 1kg'})","frozenset({'Cola 750ml', 'Cooking Oil 1L'})",0.1534,0.0456,0.0258,0.1681877444589309,3.6883277293625194,1.0,0.01880496,1.1473742946708465,0.8609430883589074,0.14896073903002308,0.12844482864514972,0.3669886090715707
"frozenset({'Cola 750ml', 'Cooking Oil 1L'})","frozenset({'Basmati Rice 5kg', 'Toor Dal 1kg'})",0.0456,0.1534,0.0258,0.5657894736842105,3.6883277293625194,1.0,0.01880496,1.9497454545454544,0.7636990974482933,0.14896073903002308,0.48711253683464506,0.3669886090715707
frozenset({'Toned Milk 1L'}),frozenset({'White Bread 400g'}),0.254,0.2546,0.2384,0.9385826771653544,3.6864991247657284,1.0,0.17373159999999999,12.136641025641035,0.9768631808122065,0.8823094004441157,0.917604879481291,0.9374767274279246
frozenset({'White Bread 400g'}),frozenset({'Toned Milk 1L'}),0.2546,0.254,0.2384,0.9363707776904949,3.686499124765728,1.0,0.17373159999999999,11.72417283950618,0.977649494078221,0.8823094004441157,0.9147061363143364,0.9374767274279246
"frozenset({'Toned Milk 1L', 'White Bread 400g', 'Toor Dal 1kg'})",frozenset({'Basmati Rice 5kg'}),0.0512,0.1982,0.0374,0.73046875,3.6855133703329974,1.0,0.027252160000000004,2.974794202898551,0.7679883849906666,0.17641509433962269,0.66384229234223,0.4595835172805247
frozenset({'Basmati Rice 5kg'}),"frozenset({'Toned Milk 1L', 'White Bread 400g', 'Toor Dal 1kg'})",0.1982,0.0512,0.0374,0.18869828456104948,3.6855133703329974,1.0,0.027252160000000004,1.1694786069651741,0.9087894483401651,0.17641509433962269,0.14491809081054963,0.4595835172805247
"frozenset({'Toned Milk 1L', 'Instant Coffee 100g'})",frozenset({'White Bread 400g'}),0.0454,0.2546,0.0426,0.9383259911894273,3.685490931615975,1.0,0.031041159999999998,12.086128571428565,0.7633204773722296,0.16550116550116553,0.9172605194384589,0.5528236397423962
frozenset({'White Bread 400g'}),"frozenset({'Toned Milk 1L', 'Instant Coffee 100g'})",0.2546,0.0454,0.0426,0.16732128829536527,3.6854909316159747,1.0,0.031041159999999998,1.1464205660377358,0.9775499432513153,0.16550116550116553,0.1277197656561547,0.5528236397423962
"frozenset({'Poha 500g', 'Ghee 500ml', 'White Bread 400g'})",frozenset({'Toned Milk 1L'}),0.0312,0.254,0.0292,0.9358974358974359,3.684635574399354,1.0,0.0212752,11.6376,0.7520672375371877,0.1140625,0.9140716298893242,0.5254290329093478
frozenset({'Toned Milk 1L'}),"frozenset({'Poha 500g', 'Ghee 500ml', 'White Bread 400g'})",0.254,0.0312,0.0292,0.11496062992125984,3.684635574399354,1.0,0.0212752,1.0946405693950179,0.9766792757721547,0.1140625,0.08645812337041686,0.5254290329093478
frozenset({'White Bread 400g'}),"frozenset({'Toned Milk 1L', 'Basmati Rice 5kg'})",0.2546,0.0484,0.0454,0.17831893165750198,3.6842754474690493,1.0,0.03307736,1.1581135755258127,0.977429851695391,0.17624223602484473,0.13652683024117485,0.558167730291561
"frozenset({'Toned Milk 1L', 'Basmati Rice 5kg'})",frozenset({'White Bread 400g'}),0.0484,0.2546,0.0454,0.9380165289256199,3.6842754474690493,1.0,0.03307736,12.025786666666686,0.7656328409560157,0.17624223602484473,0.9168453567555942,0.558167730291561
frozenset({'Toned Milk 1L'}),"frozenset({'White Bread 400g', 'Cooking Oil 1L'})",0.254,0.0464,0.0434,0.17086614173228346,3.682459951126799,1.0,0.0316144,1.1501158594491927,0.9764643382216677,0.1688715953307393,0.1305223801722771,0.5531054846592453
"frozenset({'White Bread 400g', 'Cooking Oil 1L'})",frozenset({'Toned Milk 1L'}),0.0464,0.254,0.0434,0.935344827586207,3.682459951126799,1.0,0.0316144,11.538133333333345,0.7638867411004238,0.1688715953307393,0.9133308680780254,0.5531054846592453
"frozenset({'Choco Cookies 150g', 'Toned Milk 1L'})",frozenset({'White Bread 400g'}),0.0442,0.2546,0.0414,0.9366515837104071,3.6789143115098475,1.0,0.03014668,11.76667142857141,0.7618546519444469,0.16083916083916083,0.9150141986992313,0.5496297981395712
frozenset({'White Bread 400g'}),"frozenset({'Choco Cookies 150g', 'Toned Milk 1L'})",0.2546,0.0442,0.0414,0.16260801256873528,3.6789143115098475,1.0,0.03014668,1.141400938086304,0.9768992169687448,0.16083916083916083,0.12388367081893208,0.5496297981395712
"frozenset({'Ghee 500ml', 'White Bread 400g'})",frozenset({'Toned Milk 1L'}),0.0366,0.254,0.0342,0.9344262295081968,3.6788434232606173,1.0,0.0249036,11.376500000000007,0.7558391515429637,0.13338533541341654,0.912099503362194,0.5345359493997677
frozenset({'Toned Milk 1L'}),"frozenset({'Ghee 500ml', 'White Bread 400g'})",0.254,0.0366,0.0342,0.1346456692913386,3.6788434232606173,1.0,0.0249036,1.1133011828935395,0.9761064860542779,0.13338533541341654,0.10177046843609984,0.5345359493997677
"frozenset({'Choco Cookies 150g', 'Instant Coffee 100g', 'Toor Dal 1kg'})",frozenset({'Basmati Rice 5kg'}),0.0332,0.1982,0.0242,0.7289156626506024,3.6776774099424947,1.0,0.017619759999999998,2.957751111111111,0.7530919075282861,0.1167953667953668,0.6619052914075859,0.4255072763303466
frozenset({'Basmati Rice 5kg'}),"frozenset({'Choco Cookies 150g', 'Instant Coffee 100g', 'Toor Dal 1kg'})",0.1982,0.0332,0.0242,0.12209889001009082,3.6776774099424947,1.0,0.017619759999999998,1.101262988505747,0.9080684163112335,0.1167953667953668,0.09195168598478572,0.4255072763303466
frozenset({'White Bread 400g'}),"frozenset({'Toned Milk 1L', 'Basmati Rice 5kg', 'Toor Dal 1kg', 'Cooking Oil 1L'})",0.2546,0.025,0.0234,0.09190887666928516,3.676355066771406,1.0,0.017035,1.0736807958477508,0.9766453622101597,0.09133489461358313,0.06862448889157452,0.5139544383346426
"frozenset({'Toned Milk 1L', 'Basmati Rice 5kg', 'Toor Dal 1kg', 'Cooking Oil 1L'})",frozenset({'White Bread 400g'}),0.025,0.2546,0.0234,0.9359999999999999,3.676355066771406,1.0,0.017035,11.64687499999999,0.7466579005040545,0.09133489461358313,0.9141400590287093,0.5139544383346426
"frozenset({'Poha 500g', 'Basmati Rice 5kg', 'Toor Dal 1kg'})",frozenset({'Cooking Oil 1L'}),0.0292,0.1996,0.0214,0.732876712328767,3.671727015675186,1.0,0.01557168,2.99636923076923,0.7495350207363424,0.10318225650916103,0.666262759031443,0.4200455705932412
frozenset({'Cooking Oil 1L'}),"frozenset({'Poha 500g', 'Basmati Rice 5kg', 'Toor Dal 1kg'})",0.1996,0.0292,0.0214,0.10721442885771543,3.671727015675186,1.0,0.01557168,1.0873831649831651,0.9091061945662684,0.10318225650916103,0.08036096915710282,0.4200455705932412
"frozenset({'Toned Milk 1L', 'Cola 750ml', 'Potato Chips 90g'})",frozenset({'White Bread 400g'}),0.0518,0.2546,0.0484,0.9343629343629344,3.6699251153296717,1.0,0.03521172,11.356388235294123,0.7672588863457687,0.18759689922480619,0.9119438346698877,0.5622325276685056
frozenset({'White Bread 400g'}),"frozenset({'Toned Milk 1L', 'Cola 750ml', 'Potato Chips 90g'})",0.2546,0.0518,0.0484,0.19010212097407697,3.6699251153296713,1.0,0.03521172,1.170764888457808,0.9760060048739708,0.18759689922480619,0.14585754163053888,0.5622325276685056
"frozenset({'Basmati Rice 5kg', 'Toor Dal 1kg'})","frozenset({'Instant Coffee 100g', 'Cooking Oil 1L'})",0.1534,0.0366,0.0206,0.13428943937418514,3.669110365414894,1.0,0.01498556,1.1128430722891567,0.8592657322608538,0.12160566706021252,0.10140070518391649,0.34856548471441495
"frozenset({'Instant Coffee 100g', 'Cooking Oil 1L'})","frozenset({'Basmati Rice 5kg', 'Toor Dal 1kg'})",0.0366,0.1534,0.0206,0.5628415300546448,3.6691103654148938,1.0,0.01498556,1.9365975,0.7550906881171255,0.12160566706021252,0.4836304394692237,0.34856548471441495
"frozenset({'Choco Cookies 150g', 'Toned Milk 1L', 'Instant Coffee 100g'})",frozenset({'White Bread 400g'}),0.0394,0.2546,0.0368,0.934010152284264,3.668539482656182,1.0,0.026768760000000003,11.295676923076929,0.7572475083507592,0.14307931570762053,0.9114705557878506,0.5392753039504588
frozenset({'White Bread 400g'}),"frozenset({'Choco Cookies 150g', 'Toned Milk 1L', 'Instant Coffee 100g'})",0.2546,0.0394,0.0368,0.14454045561665357,3.668539482656182,1.0,0.026768760000000003,1.1229052341597796,0.9758679320119924,0.14307931570762053,0.1094528998715944,0.5392753039504588
frozenset({'Toor Dal 1kg'}),"frozenset({'Face Wash 100ml', 'Basmati Rice 5kg'})",0.2068,0.0306,0.0232,0.11218568665377175,3.666198910253979,1.0,0.01687192,1.0918949891067538,0.9168405585406993,0.10830999066293183,0.08416101367213921,0.4351778106471473
"frozenset({'Face Wash 100ml', 'Basmati Rice 5kg'})",frozenset({'Toor Dal 1kg'}),0.0306,0.2068,0.0232,0.7581699346405228,3.666198910253979,1.0,0.01687192,3.279989189189189,0.7501938632499306,0.10830999066293183,0.6951209463445825,0.4351778106471473
"frozenset({'Hand Sanitizer 200ml', 'Cooking Oil 1L'})",frozenset({'Toor Dal 1kg'}),0.0338,0.2068,0.0256,0.7573964497041421,3.6624586542753486,1.0,0.01861016,3.2695317073170744,0.7523901624922377,0.11906976744186047,0.6941458014424383,0.44059377610932443
frozenset({'Toor Dal 1kg'}),"frozenset({'Hand Sanitizer 200ml', 'Cooking Oil 1L'})",0.2068,0.0338,0.0256,0.12379110251450677,3.6624586542753486,1.0,0.01861016,1.1027050772626932,0.9164893784669692,0.11906976744186047,0.093139207735983,0.44059377610932443
frozenset({'Toned Milk 1L'}),"frozenset({'White Bread 400g', 'Instant Coffee 100g'})",0.254,0.0458,0.0426,0.16771653543307086,3.6619330880583156,1.0,0.0309668,1.146484389782403,0.9744238442271143,0.1656298600311042,0.12776832470453872,0.5489237698999415
"frozenset({'White Bread 400g', 'Instant Coffee 100g'})",frozenset({'Toned Milk 1L'}),0.0458,0.254,0.0426,0.9301310043668122,3.6619330880583156,1.0,0.0309668,10.677124999999991,0.7618111379096911,0.1656298600311042,0.9063418289099359,0.5489237698999415
"frozenset({'Poha 500g', 'Ghee 500ml', 'Toor Dal 1kg'})",frozenset({'Basmati Rice 5kg'}),0.035,0.1982,0.0254,0.7257142857142856,3.6615251549661236,1.0,0.018463,2.9232291666666663,0.7532536412223084,0.12223291626564005,0.6579125538965896,0.42693383306905
frozenset({'Basmati Rice 5kg'}),"frozenset({'Poha 500g', 'Ghee 500ml', 'Toor Dal 1kg'})",0.1982,0.035,0.0254,0.12815338042381433,3.661525154966123,1.0,0.018463,1.1068460648148148,0.9065724167866395,0.12223291626564005,0.09653200043918583,0.42693383306905
"frozenset({'Potato Chips 90g', 'Toor Dal 1kg', 'Cooking Oil 1L'})",frozenset({'Basmati Rice 5kg'}),0.0364,0.1982,0.0264,0.7252747252747253,3.659307392909815,1.0,0.01918552,2.918552,0.7541762582235808,0.1268011527377522,0.6573643368355265,0.42923675718832127
frozenset({'Basmati Rice 5kg'}),"frozenset({'Potato Chips 90g', 'Toor Dal 1kg', 'Cooking Oil 1L'})",0.1982,0.0364,0.0264,0.13319878910191726,3.659307392909815,1.0,0.01918552,1.1116735739231665,0.9063659795762564,0.1268011527377522,0.10045536436479582,0.42923675718832127
"frozenset({'Instant Coffee 100g', 'Toor Dal 1kg'})",frozenset({'Basmati Rice 5kg'}),0.0378,0.1982,0.0274,0.7248677248677249,3.6572539095243437,1.0,0.019908040000000002,2.9142346153846157,0.7551141165243277,0.13135186960690318,0.6568567284456535,0.43155596132387253
frozenset({'Basmati Rice 5kg'}),"frozenset({'Instant Coffee 100g', 'Toor Dal 1kg'})",0.1982,0.0378,0.0274,0.1382441977800202,3.6572539095243437,1.0,0.019908040000000002,1.1165576112412177,0.9061746107753903,0.13135186960690318,0.10439014527127438,0.43155596132387253
"frozenset({'Basmati Rice 5kg', 'Toor Dal 1kg'})","frozenset({'Poha 500g', 'Cooking Oil 1L'})",0.1534,0.0382,0.0214,0.1395045632333768,3.6519519171041046,1.0,0.01554012,1.117728181818182,0.8577531677010405,0.12573443008225618,0.1053280965204583,0.3498569936585732
"frozenset({'Poha 500g', 'Cooking Oil 1L'})","frozenset({'Basmati Rice 5kg', 'Toor Dal 1kg'})",0.0382,0.1534,0.0214,0.5602094240837696,3.651951917104104,1.0,0.01554012,1.925007142857143,0.7550154208522571,0.12573443008225618,0.480521408083829,0.3498569936585732
frozenset({'Toor Dal 1kg'}),"frozenset({'Choco Cookies 150g', 'Basmati Rice 5kg', 'Cooking Oil 1L'})",0.2068,0.0268,0.0202,0.09767891682785299,3.6447357025318277,1.0,0.014657759999999999,1.078551768488746,0.9148155360165364,0.09465791940018743,0.07283078177954479,0.42570513005571753
"frozenset({'Choco Cookies 150g', 'Basmati Rice 5kg', 'Cooking Oil 1L'})",frozenset({'Toor Dal 1kg'}),0.0268,0.2068,0.0202,0.753731343283582,3.6447357025318277,1.0,0.014657759999999999,3.220872727272727,0.7456141421787061,0.09465791940018743,0.6895251428184342,0.42570513005571753
frozenset({'Basmati Rice 5kg'}),"frozenset({'White Bread 400g', 'Toor Dal 1kg'})",0.1982,0.054,0.039,0.19677093844601415,3.6439062675187808,1.0,0.0282972,1.177746231155779,0.9049254561851219,0.1829268292682927,0.15092065374842936,0.45949658033411817
"frozenset({'White Bread 400g', 'Toor Dal 1kg'})",frozenset({'Basmati Rice 5kg'}),0.054,0.1982,0.039,0.7222222222222222,3.6439062675187803,1.0,0.0282972,2.88648,0.7669865018702229,0.1829268292682927,0.6535572739114768,0.45949658033411817
frozenset({'White Bread 400g'}),"frozenset({'Toned Milk 1L', 'Cooking Oil 1L'})",0.2546,0.0468,0.0434,0.17046347211311863,3.642381882758945,1.0,0.03148472,1.149075378787879,0.9732417197212024,0.1682170542635659,0.1297350735555168,0.548906949731773
"frozenset({'Toned Milk 1L', 'Cooking Oil 1L'})",frozenset({'White Bread 400g'}),0.0468,0.2546,0.0434,0.9273504273504274,3.642381882758945,1.0,0.03148472,10.260211764705888,0.7610725743602437,0.1682170542635659,0.902536124698722,0.548906949731773
frozenset({'Toned Milk 1L'}),"frozenset({'Choco Cookies 150g', 'White Bread 400g', 'Instant Coffee 100g'})",0.254,0.0398,0.0368,0.14488188976377953,3.6402484865271236,1.0,0.0266908,1.1228858195211786,0.9722432684462059,0.1431906614785992,0.1094375023576125,0.5347525026708344
"frozenset({'Choco Cookies 150g', 'White Bread 400g', 'Instant Coffee 100g'})",frozenset({'Toned Milk 1L'}),0.0398,0.254,0.0368,0.9246231155778893,3.640248486527123,1.0,0.0266908,9.896933333333319,0.7553566738813473,0.1431906614785992,0.8989585999703611,0.5347525026708344
"frozenset({'Cola 750ml', 'Potato Chips 90g', 'Toor Dal 1kg', 'Cooking Oil 1L'})",frozenset({'Basmati Rice 5kg'}),0.033,0.1982,0.0238,0.7212121212121212,3.638809895116656,1.0,0.0172594,2.876021739130435,0.7499326514473422,0.11475409836065575,0.652297482180246,0.42064642387548545
frozenset({'Basmati Rice 5kg'}),"frozenset({'Cola 750ml', 'Potato Chips 90g', 'Toor Dal 1kg', 'Cooking Oil 1L'})",0.1982,0.033,0.0238,0.12008072653884966,3.638809895116656,1.0,0.0172594,1.0989644495412845,0.9044460887373157,0.11475409836065575,0.09005245764100275,0.42064642387548545
"frozenset({'Choco Cookies 150g', 'Toor Dal 1kg'})","frozenset({'Basmati Rice 5kg', 'Cooking Oil 1L'})",0.038,0.1462,0.0202,0.531578947368421,3.635970912232702,1.0,0.014644399999999998,1.8227191011235955,0.7536073773697536,0.12317073170731706,0.45136911146453623,0.33487292101663185
"frozenset({'Basmati Rice 5kg', 'Cooking Oil 1L'})","frozenset({'Choco Cookies 150g', 'Toor Dal 1kg'})",0.1462,0.038,0.0202,0.13816689466484267,3.6359709122327017,1.0,0.014644399999999998,1.1162253968253968,0.8491102096857612,0.12317073170731706,0.10412359112769508,0.33487292101663185
"frozenset({'Basmati Rice 5kg', 'Cooking Oil 1L'})",frozenset({'Toor Dal 1kg'}),0.1462,0.2068,0.1098,0.7510259917920656,3.6316537320699496,1.0,0.07956584,3.185874725274725,0.8487272798644526,0.45148026315789475,0.6861144626728009,0.6409868837103461
frozenset({'Toor Dal 1kg'}),"frozenset({'Basmati Rice 5kg', 'Cooking Oil 1L'})",0.2068,0.1462,0.1098,0.5309477756286266,3.6316537320699496,1.0,0.07956584,1.820266391752577,0.9135695304441119,0.45148026315789475,0.4506298613593659,0.6409868837103461
"frozenset({'Choco Cookies 150g', 'White Bread 400g'})",frozenset({'Toned Milk 1L'}),0.045,0.254,0.0414,0.92,3.6220472440944884,1.0,0.02997,9.325000000000005,0.7580241292966083,0.16071428571428573,0.8927613941018767,0.541496062992126
frozenset({'Toned Milk 1L'}),"frozenset({'Choco Cookies 150g', 'White Bread 400g'})",0.254,0.045,0.0414,0.16299212598425197,3.6220472440944884,1.0,0.02997,1.1409689557855127,0.9703928196759529,0.16071428571428573,0.12355196438141569,0.541496062992126
frozenset({'Basmati Rice 5kg'}),"frozenset({'Poha 500g', 'Cooking Oil 1L'})",0.1982,0.0382,0.0274,0.1382441977800202,3.6189580570685917,1.0,0.01982876,1.1160934426229507,0.9025659419590591,0.13110047846889952,0.10401767288419651,0.4277608423455075
"frozenset({'Poha 500g', 'Cooking Oil 1L'})",frozenset({'Basmati Rice 5kg'}),0.0382,0.1982,0.0274,0.7172774869109948,3.6189580570685917,1.0,0.01982876,2.835996296296297,0.7524198089652462,0.13110047846889952,0.6473902306198489,0.4277608423455075
frozenset({'Basmati Rice 5kg'}),"frozenset({'Cola 750ml', 'Toor Dal 1kg', 'Cooking Oil 1L'})",0.1982,0.036,0.0258,0.1301715438950555,3.6158762193070975,1.0,0.018664800000000002,1.1082645011600927,0.9022722131019161,0.1238003838771593,0.09768832354258869,0.4234191052808611
"frozenset({'Cola 750ml', 'Toor Dal 1kg', 'Cooking Oil 1L'})",frozenset({'Basmati Rice 5kg'}),0.036,0.1982,0.0258,0.7166666666666667,3.6158762193070975,1.0,0.018664800000000002,2.8298823529411767,0.7504583614783364,0.1238003838771593,0.6466284193897064,0.4234191052808611
"frozenset({'Toned Milk 1L', 'Basmati Rice 5kg', 'Cooking Oil 1L'})",frozenset({'White Bread 400g'}),0.0324,0.2546,0.0298,0.9197530864197532,3.6125415805960457,1.0,0.02155096,9.28883076923078,0.7474024154415131,0.11586314152410576,0.8923438240136211,0.5183997168155325
frozenset({'White Bread 400g'}),"frozenset({'Toned Milk 1L', 'Basmati Rice 5kg', 'Cooking Oil 1L'})",0.2546,0.0324,0.0298,0.11704634721131187,3.6125415805960452,1.0,0.02155096,1.095867259786477,0.9701993254376282,0.11586314152410576,0.08748072262434049,0.5183997168155325
frozenset({'Basmati Rice 5kg'}),"frozenset({'Poha 500g', 'Toor Dal 1kg'})",0.1982,0.0408,0.0292,0.14732593340060546,3.610929740210918,1.0,0.02111344,1.124931597633136,0.9017997177583313,0.1391801715919924,0.11105706151022253,0.4315061039552046
"frozenset({'Poha 500g', 'Toor Dal 1kg'})",frozenset({'Basmati Rice 5kg'}),0.0408,0.1982,0.0292,0.7156862745098038,3.6109297402109175,1.0,0.02111344,2.8201241379310336,0.753818821620757,0.1391801715919924,0.6454056803564527,0.4315061039552046
"frozenset({'Face Wash 100ml', 'Toned Milk 1L'})",frozenset({'White Bread 400g'}),0.0396,0.2546,0.0364,0.9191919191919191,3.6103374673681037,1.0,0.026317840000000002,9.224324999999991,0.7528296360033137,0.14119472459270752,0.8915909836221078,0.531080641449848
frozenset({'White Bread 400g'}),"frozenset({'Face Wash 100ml', 'Toned Milk 1L'})",0.2546,0.0396,0.0364,0.1429693637077769,3.6103374673681032,1.0,0.026317840000000002,1.1206133822181485,0.9699726085559195,0.14119472459270752,0.10763157403975106,0.531080641449848
"frozenset({'Choco Cookies 150g', 'Instant Coffee 100g', 'Cooking Oil 1L'})",frozenset({'Basmati Rice 5kg'}),0.033,0.1982,0.0236,0.7151515151515151,3.608231660703911,1.0,0.0170594,2.8148297872340424,0.7475242318545913,0.1136801541425819,0.64473873179286,0.4171115799773721
frozenset({'Basmati Rice 5kg'}),"frozenset({'Choco Cookies 150g', 'Instant Coffee 100g', 'Cooking Oil 1L'})",0.1982,0.033,0.0236,0.11907164480322907,3.608231660703911,1.0,0.0170594,1.097705612829324,0.9015414469984905,0.1136801541425819,0.08900893981719656,0.4171115799773721
frozenset({'Cooking Oil 1L'}),"frozenset({'Face Wash 100ml', 'Toor Dal 1kg'})",0.1996,0.0334,0.024,0.12024048096192386,3.6000144000576006,1.0,0.01733336,1.098709339407745,0.902328002665334,0.11483253588516747,0.08984117624862803,0.41940167760671043
"frozenset({'Face Wash 100ml', 'Toor Dal 1kg'})",frozenset({'Cooking Oil 1L'}),0.0334,0.1996,0.024,0.718562874251497,3.6000144000576,1.0,0.01733336,2.8439744680851065,0.7471791158010896,0.11483253588516747,0.6483794031128148,0.41940167760671043
"frozenset({'Ghee 500ml', 'Toor Dal 1kg', 'Cooking Oil 1L'})",frozenset({'Basmati Rice 5kg'}),0.03,0.1982,0.0214,0.7133333333333334,3.599058190380088,1.0,0.015453999999999999,2.7969767441860474,0.7444840543404952,0.10348162475822051,0.6424711066766443,0.410652539522368
frozenset({'Basmati Rice 5kg'}),"frozenset({'Ghee 500ml', 'Toor Dal 1kg', 'Cooking Oil 1L'})",0.1982,0.03,0.0214,0.10797174571140263,3.5990581903800876,1.0,0.015453999999999999,1.0874095022624435,0.9006604299205292,0.10348162475822051,0.080383243001446,0.410652539522368
"frozenset({'Face Wash 100ml', 'Hand Sanitizer 200ml', 'Toor Dal 1kg'})",frozenset({'Cooking Oil 1L'}),0.0284,0.1996,0.0204,0.7183098591549296,3.598746789353355,1.0,0.014731360000000002,2.8414200000000003,0.7432333163813076,0.09826589595375723,0.6480632922975132,0.41025713398628244
frozenset({'Cooking Oil 1L'}),"frozenset({'Face Wash 100ml', 'Hand Sanitizer 200ml', 'Toor Dal 1kg'})",0.1996,0.0284,0.0204,0.10220440881763528,3.5987467893533545,1.0,0.014731360000000002,1.08220625,0.9022057598651655,0.09826589595375723,0.07596172171432203,0.41025713398628244
"frozenset({'Hand Sanitizer 200ml', 'Toor Dal 1kg'})",frozenset({'Basmati Rice 5kg'}),0.0362,0.1982,0.0258,0.712707182320442,3.5958990026258424,1.0,0.01862516,2.790880769230769,0.7490199484919996,0.1236816874400767,0.641690175006787,0.4214393631077487
frozenset({'Basmati Rice 5kg'}),"frozenset({'Hand Sanitizer 200ml', 'Toor Dal 1kg'})",0.1982,0.0362,0.0258,0.1301715438950555,3.5958990026258424,1.0,0.01862516,1.1080345707656611,0.9003559819862674,0.1236816874400767,0.09750108310339851,0.4214393631077487
"frozenset({'Toor Dal 1kg', 'Cooking Oil 1L'})",frozenset({'Basmati Rice 5kg'}),0.1544,0.1982,0.1098,0.711139896373057,3.5879914045058374,1.0,0.07919791999999999,2.775738116591928,0.8529949525498326,0.4522240527182866,0.6397354656685669,0.6325628846143792
frozenset({'Basmati Rice 5kg'}),"frozenset({'Toor Dal 1kg', 'Cooking Oil 1L'})",0.1982,0.1544,0.1098,0.5539858728557013,3.5879914045058374,1.0,0.07919791999999999,1.8959040723981901,0.8995915837816642,0.4522240527182866,0.47254715332982655,0.6325628846143792
"frozenset({'Poha 500g', 'Toor Dal 1kg'})","frozenset({'Basmati Rice 5kg', 'Cooking Oil 1L'})",0.0408,0.1462,0.0214,0.5245098039215685,3.587618357876666,1.0,0.015435039999999999,1.7956206185567007,0.7519428183922738,0.1292270531400966,0.44308948690743566,0.33544231646146827
"frozenset({'Basmati Rice 5kg', 'Cooking Oil 1L'})","frozenset({'Poha 500g', 'Toor Dal 1kg'})",0.1462,0.0408,0.0214,0.14637482900136797,3.5876183578766656,1.0,0.015435039999999999,1.1236782051282053,0.8447687413936157,0.1292270531400966,0.11006550146097578,0.33544231646146827
"frozenset({'Basmati Rice 5kg', 'Toor Dal 1kg'})",frozenset({'Cooking Oil 1L'}),0.1534,0.1996,0.1098,0.7157757496740547,3.5860508500704142,1.0,0.07918135999999999,2.816086238532109,0.851809251363108,0.45148026315789475,0.6448972384733317,0.6329379750374281
frozenset({'Cooking Oil 1L'}),"frozenset({'Basmati Rice 5kg', 'Toor Dal 1kg'})",0.1996,0.1534,0.1098,0.5501002004008015,3.5860508500704142,1.0,0.07918135999999999,1.8817523385300665,0.9009766519290446,0.45148026315789475,0.4685804398781025,0.6329379750374281
frozenset({'Basmati Rice 5kg'}),"frozenset({'Instant Coffee 100g', 'Cooking Oil 1L'})",0.1982,0.0366,0.026,0.1311806256306761,3.5841700991988,1.0,0.01874588,1.1088610917537747,0.8992209835562291,0.12452107279693486,0.09817378620580869,0.4207815696459391
"frozenset({'Instant Coffee 100g', 'Cooking Oil 1L'})",frozenset({'Basmati Rice 5kg'}),0.0366,0.1982,0.026,0.7103825136612021,3.5841700991987997,1.0,0.01874588,2.768479245283018,0.7483863240765878,0.12452107279693486,0.6387908626355726,0.4207815696459391
frozenset({'Basmati Rice 5kg'}),"frozenset({'Instant Coffee 100g', 'Toor Dal 1kg', 'Cooking Oil 1L'})",0.1982,0.029,0.0206,0.10393541876892029,3.5839799575489755,1.0,0.0148522,1.0836272522522523,0.8992025224797603,0.09970958373668927,0.07717344878364603,0.4071401231775636
"frozenset({'Instant Coffee 100g', 'Toor Dal 1kg', 'Cooking Oil 1L'})",frozenset({'Basmati Rice 5kg'}),0.029,0.1982,0.0206,0.7103448275862069,3.5839799575489755,1.0,0.0148522,2.768119047619048,0.7425134732484777,0.09970958373668927,0.6387438607959676,0.4071401231775636
"frozenset({'Face Wash 100ml', 'Toned Milk 1L', 'Hand Sanitizer 200ml'})",frozenset({'White Bread 400g'}),0.0334,0.2546,0.0304,0.9101796407185629,3.5749396728930205,1.0,0.02189636,8.298786666666674,0.7451634595489344,0.11801242236024845,0.8795004570949329,0.5147913128965949
frozenset({'White Bread 400g'}),"frozenset({'Face Wash 100ml', 'Toned Milk 1L', 'Hand Sanitizer 200ml'})",0.2546,0.0334,0.0304,0.11940298507462686,3.57493967289302,1.0,0.02189636,1.097664406779661,0.96629326536088,0.11801242236024845,0.08897474143867873,0.5147913128965949
"frozenset({'Toned Milk 1L', 'Hand Sanitizer 200ml'})",frozenset({'White Bread 400g'}),0.0444,0.2546,0.0404,0.9099099099099098,3.573880243165396,1.0,0.02909576,8.273939999999994,0.753654331527753,0.1562258313998453,0.8791385966057281,0.5342950963532267
frozenset({'White Bread 400g'}),"frozenset({'Toned Milk 1L', 'Hand Sanitizer 200ml'})",0.2546,0.0444,0.0404,0.1586802827965436,3.5738802431653958,1.0,0.02909576,1.1358345471521942,0.966182022012236,0.1562258313998453,0.11959008245766387,0.5342950963532267
"frozenset({'Hand Sanitizer 200ml', 'Toor Dal 1kg'})",frozenset({'Cooking Oil 1L'}),0.0362,0.1996,0.0256,0.7071823204419889,3.5429975974047543,1.0,0.01837448,2.733441509433962,0.7447116881095662,0.12178877259752617,0.6341608201424149,0.4177194167340205
frozenset({'Cooking Oil 1L'}),"frozenset({'Hand Sanitizer 200ml', 'Toor Dal 1kg'})",0.1996,0.0362,0.0256,0.12825651302605212,3.5429975974047543,1.0,0.01837448,1.105600459770115,0.8967430347326336,0.12178877259752617,0.09551412432667786,0.4177194167340205
"frozenset({'Choco Cookies 150g', 'Cooking Oil 1L'})",frozenset({'Basmati Rice 5kg'}),0.0382,0.1982,0.0268,0.7015706806282723,3.539710800344462,1.0,0.01922876,2.686733333333334,0.7459877778915778,0.12786259541984732,0.6278007989876182,0.4183938166007154
frozenset({'Basmati Rice 5kg'}),"frozenset({'Choco Cookies 150g', 'Cooking Oil 1L'})",0.1982,0.0382,0.0268,0.13521695257315844,3.5397108003444617,1.0,0.01922876,1.112186464410735,0.8948503925868289,0.12786259541984732,0.10087019398332131,0.4183938166007154
frozenset({'Basmati Rice 5kg'}),"frozenset({'Choco Cookies 150g', 'Toor Dal 1kg'})",0.1982,0.038,0.0266,0.13420787083753785,3.531786074672049,1.0,0.0190684,1.111121212121212,0.8940597940348501,0.12690839694656486,0.10000818174380234,0.4171039354187689
"frozenset({'Choco Cookies 150g', 'Toor Dal 1kg'})",frozenset({'Basmati Rice 5kg'}),0.038,0.1982,0.0266,0.7,3.5317860746720484,1.0,0.0190684,2.6726666666666663,0.7451737451737451,0.12690839694656486,0.6258418558243951,0.4171039354187689
"frozenset({'Toned Milk 1L', 'White Bread 400g', 'Cooking Oil 1L'})","frozenset({'Basmati Rice 5kg', 'Toor Dal 1kg'})",0.0434,0.1534,0.0234,0.5391705069124424,3.5148012184644224,1.0,0.01674244,1.837122,0.7479499152089576,0.13494809688581316,0.45567033653725775,0.3458564398968992
"frozenset({'Basmati Rice 5kg', 'Toor Dal 1kg'})","frozenset({'Toned Milk 1L', 'White Bread 400g', 'Cooking Oil 1L'})",0.1534,0.0434,0.0234,0.15254237288135591,3.514801218464422,1.0,0.01674244,1.1287880000000001,0.8451321626374779,0.13494809688581316,0.11409405486238336,0.3458564398968992
"frozenset({'Toned Milk 1L', 'Toor Dal 1kg'})",frozenset({'Cooking Oil 1L'}),0.0534,0.1996,0.0374,0.700374531835206,3.5088904400561427,1.0,0.026741360000000002,2.6713350000000005,0.7553450514139544,0.17346938775510204,0.6256553371254449,0.443874640667102
frozenset({'Cooking Oil 1L'}),"frozenset({'Toned Milk 1L', 'Toor Dal 1kg'})",0.1996,0.0534,0.0374,0.18737474949899802,3.5088904400561423,1.0,0.026741360000000002,1.1648665844636252,0.8933153743983623,0.17346938775510204,0.1415325897939975,0.443874640667102
frozenset({'Basmati Rice 5kg'}),"frozenset({'Face Wash 100ml', 'Toor Dal 1kg'})",0.1982,0.0334,0.0232,0.1170534813319879,3.5045952494607158,1.0,0.01658012,1.0947435428571428,0.8913199611219583,0.11132437619961613,0.08654405269189726,0.4058321298875508
"frozenset({'Face Wash 100ml', 'Toor Dal 1kg'})",frozenset({'Basmati Rice 5kg'}),0.0334,0.1982,0.0232,0.6946107784431137,3.5045952494607153,1.0,0.01658012,2.6255019607843133,0.7393547949799154,0.11132437619961613,0.6191204520368092,0.4058321298875508
"frozenset({'Toned Milk 1L', 'Cooking Oil 1L'})",frozenset({'Basmati Rice 5kg'}),0.0468,0.1982,0.0324,0.6923076923076923,3.4929752386866415,1.0,0.023124239999999997,2.60585,0.7487527393108593,0.15239887111947317,0.6162480572557898,0.42788946673911354
frozenset({'Basmati Rice 5kg'}),"frozenset({'Toned Milk 1L', 'Cooking Oil 1L'})",0.1982,0.0468,0.0324,0.16347124117053483,3.4929752386866415,1.0,0.023124239999999997,1.1394706875753922,0.8901360827028075,0.15239887111947317,0.12239953962498407,0.42788946673911354
"frozenset({'White Bread 400g', 'Toor Dal 1kg'})",frozenset({'Cooking Oil 1L'}),0.054,0.1996,0.0376,0.6962962962962963,3.4884583982780377,1.0,0.0268216,2.6354634146341462,0.7540596464396564,0.17407407407407408,0.6205600903252078,0.44233652490165515
frozenset({'Cooking Oil 1L'}),"frozenset({'White Bread 400g', 'Toor Dal 1kg'})",0.1996,0.054,0.0376,0.18837675350701402,3.4884583982780373,1.0,0.0268216,1.1655654320987654,0.8912299169564154,0.17407407407407408,0.1420473081469493,0.44233652490165515
frozenset({'Basmati Rice 5kg'}),"frozenset({'Poha 500g', 'Toor Dal 1kg', 'Cooking Oil 1L'})",0.1982,0.031,0.0214,0.10797174571140263,3.482959539077504,1.0,0.0152558,1.0862884615384616,0.8891093171205908,0.10298363811357074,0.07943420610051871,0.39914716317828197
"frozenset({'Poha 500g', 'Toor Dal 1kg', 'Cooking Oil 1L'})",frozenset({'Basmati Rice 5kg'}),0.031,0.1982,0.0214,0.6903225806451613,3.482959539077504,1.0,0.0152558,2.5891458333333333,0.7356943761272341,0.10298363811357074,0.6137722382703433,0.39914716317828197
"frozenset({'Toned Milk 1L', 'Cooking Oil 1L'})","frozenset({'Basmati Rice 5kg', 'Toor Dal 1kg'})",0.0468,0.1534,0.025,0.5341880341880342,3.482320952985881,1.0,0.01782088,1.8174715596330275,0.7478338229122954,0.14269406392694062,0.4497850628254597,0.3485803273938867
"frozenset({'Basmati Rice 5kg', 'Toor Dal 1kg'})","frozenset({'Toned Milk 1L', 'Cooking Oil 1L'})",0.1534,0.0468,0.025,0.16297262059973924,3.482320952985881,1.0,0.01782088,1.1387919003115266,0.8419976376092605,0.14269406392694062,0.1218764378931381,0.3485803273938867
frozenset({'Cooking Oil 1L'}),"frozenset({'Face Wash 100ml', 'Basmati Rice 5kg'})",0.1996,0.0306,0.0212,0.1062124248496994,3.4709942761339674,1.0,0.01509224,1.0845977578475337,0.889427927545661,0.1014354066985646,0.07799920038136929,0.3995114411830196
"frozenset({'Face Wash 100ml', 'Basmati Rice 5kg'})",frozenset({'Cooking Oil 1L'}),0.0306,0.1996,0.0212,0.6928104575163399,3.4709942761339674,1.0,0.01509224,2.6055574468085103,0.7343698300057222,0.1014354066985646,0.6162049694107194,0.3995114411830196
"frozenset({'Choco Cookies 150g', 'Toor Dal 1kg', 'Cooking Oil 1L'})",frozenset({'Basmati Rice 5kg'}),0.0294,0.1982,0.0202,0.6870748299319728,3.466573309444868,1.0,0.01437292,2.5622739130434784,0.7330833433642149,0.09739633558341369,0.6097216636717046,0.39449604261482596
frozenset({'Basmati Rice 5kg'}),"frozenset({'Choco Cookies 150g', 'Toor Dal 1kg', 'Cooking Oil 1L'})",0.1982,0.0294,0.0202,0.10191725529767912,3.466573309444868,1.0,0.01437292,1.0807467415730339,0.8874166788093127,0.09739633558341369,0.07471384226012685,0.39449604261482596
"frozenset({'Toned Milk 1L', 'White Bread 400g', 'Cooking Oil 1L'})",frozenset({'Basmati Rice 5kg'}),0.0434,0.1982,0.0298,0.6866359447004609,3.4643589540891067,1.0,0.02119812,2.5586852941176477,0.7436193902622122,0.14069877242681775,0.6091742887259427,0.41849456165396404
frozenset({'Basmati Rice 5kg'}),"frozenset({'Toned Milk 1L', 'White Bread 400g', 'Cooking Oil 1L'})",0.1982,0.0434,0.0298,0.15035317860746722,3.464358954089106,1.0,0.02119812,1.1258795724465558,0.8871867157955003,0.14069877242681775,0.11180553900007027,0.41849456165396404
frozenset({'Cooking Oil 1L'}),"frozenset({'Toned Milk 1L', 'White Bread 400g', 'Toor Dal 1kg'})",0.1996,0.0512,0.0354,0.17735470941883769,3.4639591683366735,1.0,0.025180479999999998,1.153352496954933,0.8886968944906077,0.16434540389972144,0.13296238345155745,0.43438047970941884
"frozenset({'Toned Milk 1L', 'White Bread 400g', 'Toor Dal 1kg'})",frozenset({'Cooking Oil 1L'}),0.0512,0.1996,0.0354,0.69140625,3.4639591683366735,1.0,0.025180479999999998,2.593701265822785,0.749697506692962,0.16434540389972144,0.6144505872063968,0.43438047970941884
frozenset({'Cooking Oil 1L'}),"frozenset({'Hand Sanitizer 200ml', 'Basmati Rice 5kg'})",0.1996,0.033,0.0228,0.11422845691382766,3.461468391328111,1.0,0.0162132,1.0917036199095023,0.8884373602672349,0.10867492850333652,0.08400047250654359,0.4025687739114593
"frozenset({'Hand Sanitizer 200ml', 'Basmati Rice 5kg'})",frozenset({'Cooking Oil 1L'}),0.033,0.1996,0.0228,0.6909090909090909,3.461468391328111,1.0,0.0162132,2.589529411764706,0.7353725575572851,0.10867492850333652,0.6138294489119077,0.4025687739114593
frozenset({'Basmati Rice 5kg'}),"frozenset({'White Bread 400g', 'Cooking Oil 1L'})",0.1982,0.0464,0.0318,0.16044399596367306,3.4578447405964026,1.0,0.022603520000000002,1.1358384615384616,0.8865085005279002,0.14943609022556392,0.11959311657264374,0.42289441177494
"frozenset({'White Bread 400g', 'Cooking Oil 1L'})",frozenset({'Basmati Rice 5kg'}),0.0464,0.1982,0.0318,0.685344827586207,3.4578447405964026,1.0,0.022603520000000002,2.5481863013698636,0.7453885441728927,0.14943609022556392,0.6075640154480006,0.42289441177494
"frozenset({'Basmati Rice 5kg', 'Toor Dal 1kg'})","frozenset({'White Bread 400g', 'Cooking Oil 1L'})",0.1534,0.0464,0.0246,0.16036505867014342,3.4561435058220566,1.0,0.01748224,1.1357316770186334,0.839428493505346,0.1404109589041096,0.1195103383705363,0.34526873623162346
"frozenset({'White Bread 400g', 'Cooking Oil 1L'})","frozenset({'Basmati Rice 5kg', 'Toor Dal 1kg'})",0.0464,0.1534,0.0246,0.5301724137931035,3.4561435058220566,1.0,0.01748224,1.8019376146788995,0.7452392644731817,0.1404109589041096,0.44504183060843794,0.34526873623162346
"frozenset({'Choco Cookies 150g', 'Cooking Oil 1L'})","frozenset({'Basmati Rice 5kg', 'Toor Dal 1kg'})",0.0382,0.1534,0.0202,0.5287958115183247,3.4471695666122857,1.0,0.01434012,1.7966733333333336,0.7381024440560089,0.11785297549591599,0.44341579437553114,0.33023884448145696
"frozenset({'Basmati Rice 5kg', 'Toor Dal 1kg'})","frozenset({'Choco Cookies 150g', 'Cooking Oil 1L'})",0.1534,0.0382,0.0202,0.13168187744458928,3.4471695666122852,1.0,0.01434012,1.1076585585585585,0.838538779462638,0.11785297549591599,0.09719471557973518,0.33023884448145696
frozenset({'Basmati Rice 5kg'}),"frozenset({'Face Wash 100ml', 'Cooking Oil 1L'})",0.1982,0.0314,0.0212,0.10696266397578205,3.406454266744652,1.0,0.01497652,1.0846131073446328,0.8810671272655393,0.1017274472168906,0.07801224858123276,0.39106094982228595
"frozenset({'Face Wash 100ml', 'Cooking Oil 1L'})",frozenset({'Basmati Rice 5kg'}),0.0314,0.1982,0.0212,0.6751592356687899,3.4064542667446513,1.0,0.01497652,2.4682862745098046,0.7293409277736004,0.1017274472168906,0.594860608217498,0.39106094982228595
frozenset({'Basmati Rice 5kg'}),"frozenset({'Hand Sanitizer 200ml', 'Cooking Oil 1L'})",0.1982,0.0338,0.0228,0.11503531786074674,3.40341177102801,1.0,0.01610084,1.0917949828962372,0.8807398266181793,0.1089866156787763,0.08407712467475341,0.39479576543924916
"frozenset({'Hand Sanitizer 200ml', 'Cooking Oil 1L'})",frozenset({'Basmati Rice 5kg'}),0.0338,0.1982,0.0228,0.6745562130177516,3.40341177102801,1.0,0.01610084,2.4637127272727284,0.7308809697603562,0.1089866156787763,0.5941085220974701,0.39479576543924916
"frozenset({'Toned Milk 1L', 'Toor Dal 1kg', 'Cooking Oil 1L'})",frozenset({'Basmati Rice 5kg'}),0.0374,0.1982,0.025,0.6684491978609626,3.372599383758641,1.0,0.01758732,2.4183322580645163,0.7308256804487845,0.11870845204178539,0.5864918905724152,0.39729220740676785
frozenset({'Basmati Rice 5kg'}),"frozenset({'Toned Milk 1L', 'Toor Dal 1kg', 'Cooking Oil 1L'})",0.1982,0.0374,0.025,0.12613521695257318,3.372599383758641,1.0,0.01758732,1.1015434180138568,0.8773918682963331,0.11870845204178539,0.09218285575791936,0.39729220740676785
frozenset({'Cooking Oil 1L'}),"frozenset({'Toned Milk 1L', 'Basmati Rice 5kg'})",0.1996,0.0484,0.0324,0.1623246492985972,3.3538150681528345,1.0,0.02273936,1.1360009569377991,0.8768516976079862,0.15027829313543598,0.1197190513856633,0.4158730684509515
"frozenset({'Toned Milk 1L', 'Basmati Rice 5kg'})",frozenset({'Cooking Oil 1L'}),0.0484,0.1996,0.0324,0.6694214876033058,3.3538150681528345,1.0,0.02273936,2.42121,0.7375284770548888,0.15027829313543598,0.5869833678202221,0.4158730684509515
"frozenset({'Toor Dal 1kg', 'Cooking Oil 1L'})","frozenset({'Toned Milk 1L', 'Basmati Rice 5kg'})",0.1544,0.0484,0.025,0.16191709844559585,3.3453945959833855,1.0,0.01752704,1.1354485316846987,0.8290936613055818,0.140607424071991,0.11929077180075226,0.3392230120327153
"frozenset({'Toned Milk 1L', 'Basmati Rice 5kg'})","frozenset({'Toor Dal 1kg', 'Cooking Oil 1L'})",0.0484,0.1544,0.025,0.5165289256198348,3.3453945959833855,1.0,0.01752704,1.7490188034188037,0.7367398066414459,0.140607424071991,0.4282508581123874,0.3392230120327153
"frozenset({'Toned Milk 1L', 'Basmati Rice 5kg', 'White Bread 400g'})","frozenset({'Toor Dal 1kg', 'Cooking Oil 1L'})",0.0454,0.1544,0.0234,0.5154185022026432,3.3382027344730774,1.0,0.01639024,1.7450109090909092,0.7337498500289197,0.1326530612244898,0.42693767999366505,0.33348645317386044
"frozenset({'Toor Dal 1kg', 'Cooking Oil 1L'})","frozenset({'Toned Milk 1L', 'Basmati Rice 5kg', 'White Bread 400g'})",0.1544,0.0454,0.0234,0.1515544041450777,3.338202734473077,1.0,0.01639024,1.1251163358778626,0.8283320799877091,0.1326530612244898,0.11120302131267307,0.33348645317386044
"frozenset({'Toned Milk 1L', 'White Bread 400g', 'Toor Dal 1kg', 'Cooking Oil 1L'})",frozenset({'Basmati Rice 5kg'}),0.0354,0.1982,0.0234,0.6610169491525424,3.3351006516273585,1.0,0.01638372,2.3653100000000005,0.7258542135174937,0.11132254995242628,0.5772224359597685,0.3895397561100754
frozenset({'Basmati Rice 5kg'}),"frozenset({'Toned Milk 1L', 'White Bread 400g', 'Toor Dal 1kg', 'Cooking Oil 1L'})",0.1982,0.0354,0.0234,0.11806256306760848,3.335100651627358,1.0,0.01638372,1.0937283752860412,0.8732339415801624,0.11132254995242628,0.08569620886129845,0.3895397561100754
"frozenset({'Toor Dal 1kg', 'Cooking Oil 1L'})","frozenset({'Basmati Rice 5kg', 'White Bread 400g'})",0.1544,0.048,0.0246,0.1593264248704663,3.319300518134715,1.0,0.0171888,1.1324252696456085,0.826314696448762,0.13835770528683913,0.11693952192275872,0.33591321243523314
"frozenset({'Basmati Rice 5kg', 'White Bread 400g'})","frozenset({'Toor Dal 1kg', 'Cooking Oil 1L'})",0.048,0.1544,0.0246,0.5125,3.3193005181347144,1.0,0.0171888,1.7345641025641025,0.7339618774339005,0.13835770528683913,0.4234862819299905,0.33591321243523314
frozenset({'Cooking Oil 1L'}),"frozenset({'Basmati Rice 5kg', 'White Bread 400g'})",0.1996,0.048,0.0318,0.15931863727454912,3.319138276553107,1.0,0.0222192,1.132414779499404,0.8729597465418234,0.1473586654309546,0.11693134167494655,0.41090931863727453
"frozenset({'Basmati Rice 5kg', 'White Bread 400g'})",frozenset({'Cooking Oil 1L'}),0.048,0.1996,0.0318,0.6625,3.319138276553106,1.0,0.0222192,2.371555555555555,0.7339464087521801,0.1473586654309546,0.578335832083958,0.41090931863727453
"frozenset({'White Bread 400g', 'Toor Dal 1kg', 'Cooking Oil 1L'})",frozenset({'Basmati Rice 5kg'}),0.0376,0.1982,0.0246,0.6542553191489362,3.3009854649290427,1.0,0.01714768,2.319052307692308,0.7242936020382647,0.11647727272727275,0.5687893728472638,0.3891861863151341
frozenset({'Basmati Rice 5kg'}),"frozenset({'White Bread 400g', 'Toor Dal 1kg', 'Cooking Oil 1L'})",0.1982,0.0376,0.0246,0.124117053481332,3.300985464929042,1.0,0.01714768,1.0987769585253455,0.8693691227258992,0.11647727272727275,0.0898971877403699,0.3891861863151341
frozenset({'Cooking Oil 1L'}),"frozenset({'Toned Milk 1L', 'Basmati Rice 5kg', 'White Bread 400g'})",0.1996,0.0454,0.0298,0.1492985971943888,3.2885153567045986,1.0,0.02073816,1.1221328621908127,0.8694545344777276,0.13847583643122677,0.10883993001716823,0.4028431311963133
"frozenset({'Toned Milk 1L', 'Basmati Rice 5kg', 'White Bread 400g'})",frozenset({'Cooking Oil 1L'}),0.0454,0.1996,0.0298,0.6563876651982379,3.2885153567045986,1.0,0.02073816,2.3293692307692306,0.7290083903163347,0.13847583643122677,0.5706992318818565,0.4028431311963133
"frozenset({'Basmati Rice 5kg', 'Cooking Oil 1L'})","frozenset({'Toned Milk 1L', 'Toor Dal 1kg'})",0.1462,0.0534,0.025,0.17099863201094392,3.20222157323865,1.0,0.01719292,1.1418557755775578,0.8054776294214101,0.143184421534937,0.12423265583239375,0.3195817130092173
"frozenset({'Toned Milk 1L', 'Toor Dal 1kg'})","frozenset({'Basmati Rice 5kg', 'Cooking Oil 1L'})",0.0534,0.1462,0.025,0.4681647940074906,3.20222157323865,1.0,0.01719292,1.6053845070422537,0.7265125713078385,0.143184421534937,0.37709626845571637,0.3195817130092173
frozenset({'Cooking Oil 1L'}),"frozenset({'Toned Milk 1L', 'Basmati Rice 5kg', 'Toor Dal 1kg'})",0.1996,0.0392,0.025,0.12525050100200402,3.195165841887858,1.0,0.017175680000000002,1.0983715922107673,0.8583548225887058,0.11693171188026193,0.08956130412365115,0.38150280152141025
"frozenset({'Toned Milk 1L', 'Basmati Rice 5kg', 'Toor Dal 1kg'})",frozenset({'Cooking Oil 1L'}),0.0392,0.1996,0.025,0.6377551020408164,3.195165841887858,1.0,0.017175680000000002,2.2095549295774655,0.7150574521232308,0.11693171188026193,0.5474201674672868,0.38150280152141025
frozenset({'Cooking Oil 1L'}),"frozenset({'Basmati Rice 5kg', 'White Bread 400g', 'Toor Dal 1kg'})",0.1996,0.039,0.0246,0.12324649298597194,3.160166486819793,1.0,0.0168156,1.0960891428571429,0.8540242074084908,0.11495327102803739,0.08766544535480952,0.3770078618776013
"frozenset({'Basmati Rice 5kg', 'White Bread 400g', 'Toor Dal 1kg'})",frozenset({'Cooking Oil 1L'}),0.039,0.1996,0.0246,0.6307692307692307,3.160166486819793,1.0,0.0168156,2.16775,0.7113017436105682,0.11495327102803739,0.5386921923653557,0.3770078618776013
frozenset({'Cooking Oil 1L'}),"frozenset({'Toned Milk 1L', 'Basmati Rice 5kg', 'White Bread 400g', 'Toor Dal 1kg'})",0.1996,0.0374,0.0234,0.11723446893787576,3.134611468927159,1.0,0.015934959999999998,1.0904367763904654,0.8508010951789061,0.10955056179775283,0.08293628603560747,0.37145145906786836
"frozenset({'Toned Milk 1L', 'Basmati Rice 5kg', 'White Bread 400g', 'Toor Dal 1kg'})",frozenset({'Cooking Oil 1L'}),0.0374,0.1996,0.0234,0.6256684491978609,3.134611468927159,1.0,0.015934959999999998,2.138211428571428,0.7074394313122756,0.10955056179775283,0.5323194017964279,0.37145145906786836
"frozenset({'Toned Milk 1L', 'White Bread 400g', 'Toor Dal 1kg'})","frozenset({'Basmati Rice 5kg', 'Cooking Oil 1L'})",0.0512,0.1462,0.0234,0.45703125,3.1260687414500685,1.0,0.01591456,1.5724661870503598,0.7168100776869749,0.13448275862068967,0.36405627781681893,0.30854298478112174
"frozenset({'Basmati Rice 5kg', 'Cooking Oil 1L'})","frozenset({'Toned Milk 1L', 'White Bread 400g', 'Toor Dal 1kg'})",0.1462,0.0512,0.0234,0.1600547195622435,3.1260687414500685,1.0,0.01591456,1.1295973941368078,0.7965675822316722,0.13448275862068967,0.11472883596357876,0.30854298478112174
"frozenset({'White Bread 400g', 'Toor Dal 1kg'})","frozenset({'Basmati Rice 5kg', 'Cooking Oil 1L'})",0.054,0.1462,0.0246,0.45555555555555555,3.1159750721994226,1.0,0.0167052,1.5682040816326528,0.717836332697365,0.14009111617312076,0.36232789359985423,0.31190910472716216
"frozenset({'Basmati Rice 5kg', 'Cooking Oil 1L'})","frozenset({'White Bread 400g', 'Toor Dal 1kg'})",0.1462,0.054,0.0246,0.16826265389876882,3.1159750721994226,1.0,0.0167052,1.1373782894736841,0.7953539127801678,0.14009111617312076,0.12078504640461822,0.31190910472716216
"frozenset({'Toor Dal 1kg', 'Cooking Oil 1L'})","frozenset({'Poha 500g', 'Ghee 500ml'})",0.1544,0.1468,0.027,0.1748704663212435,1.1912157106351737,1.0,0.004334079999999997,1.0340194662480375,0.18983145870563076,0.09846827133479212,0.03290021837932899,0.17939708602165716
"frozenset({'Poha 500g', 'Ghee 500ml'})","frozenset({'Toor Dal 1kg', 'Cooking Oil 1L'})",0.1468,0.1544,0.027,0.1839237057220708,1.1912157106351735,1.0,0.004334079999999997,1.036177629382304,0.18814050806549623,0.09846827133479212,0.03491450534776585,0.17939708602165716
"frozenset({'Toor Dal 1kg', 'Cooking Oil 1L'})",frozenset({'Poha 500g'}),0.1544,0.1698,0.031,0.20077720207253885,1.1824334633247282,1.0,0.004782879999999996,1.0387591572123178,0.18245796075319667,0.10572987721691678,0.03731293913820627,0.19167246440493846
frozenset({'Poha 500g'}),"frozenset({'Toor Dal 1kg', 'Cooking Oil 1L'})",0.1698,0.1544,0.031,0.18256772673733804,1.1824334633247282,1.0,0.004782879999999996,1.0344587896253603,0.1858425097722273,0.10572987721691678,0.03331093511984157,0.19167246440493846
frozenset({'Poha 500g'}),frozenset({'Toor Dal 1kg'}),0.1698,0.2068,0.0408,0.2402826855123675,1.1619085372938467,1.0,0.00568536,1.044072558139535,0.16784757747955842,0.12150089338892198,0.042212160252606525,0.21878737757243133
frozenset({'Toor Dal 1kg'}),frozenset({'Poha 500g'}),0.2068,0.1698,0.0408,0.19729206963249515,1.1619085372938465,1.0,0.00568536,1.034249156626506,0.1756770786983477,0.12150089338892198,0.03311499594374265,0.21878737757243133
"frozenset({'Poha 500g', 'Ghee 500ml'})","frozenset({'Basmati Rice 5kg', 'Cooking Oil 1L'})",0.1468,0.1462,0.0248,0.16893732970027245,1.1555220909731359,1.0,0.003337839999999998,1.027359344262295,0.1577476823495606,0.09246830723340789,0.026630744554078767,0.16928398632756442
"frozenset({'Basmati Rice 5kg', 'Cooking Oil 1L'})","frozenset({'Poha 500g', 'Ghee 500ml'})",0.1462,0.1468,0.0248,0.16963064295485636,1.1555220909731359,1.0,0.003337839999999998,1.0274945634266885,0.15763682663462764,0.09246830723340789,0.026758840781594406,0.16928398632756442
"frozenset({'Poha 500g', 'Ghee 500ml'})",frozenset({'Cooking Oil 1L'}),0.1468,0.1996,0.0338,0.23024523160762939,1.1535332244871213,1.0,0.004498719999999994,1.039811681415929,0.1559988570699377,0.10812539987204092,0.03828739581163092,0.19979195448116938
frozenset({'Cooking Oil 1L'}),"frozenset({'Poha 500g', 'Ghee 500ml'})",0.1996,0.1468,0.0338,0.1693386773547094,1.153533224487121,1.0,0.004498719999999994,1.0271334137515078,0.16628963624696508,0.10812539987204092,0.0264166401250696,0.19979195448116938
"frozenset({'Poha 500g', 'Ghee 500ml'})",frozenset({'Toor Dal 1kg'}),0.1468,0.2068,0.035,0.23841961852861035,1.1528995093259689,1.0,0.004641759999999998,1.0415184257602863,0.1554403589846627,0.10985561833019461,0.039863361735514795,0.20383263324883127
frozenset({'Toor Dal 1kg'}),"frozenset({'Poha 500g', 'Ghee 500ml'})",0.2068,0.1468,0.035,0.16924564796905223,1.1528995093259686,1.0,0.004641759999999998,1.0270183934807917,0.1671983286506735,0.10985561833019461,0.02630760427690133,0.20383263324883127
"frozenset({'Basmati Rice 5kg', 'Toor Dal 1kg', 'Cooking Oil 1L'})",frozenset({'Poha 500g'}),0.1098,0.1698,0.0214,0.19489981785063754,1.1478198931132952,1.0,0.0027559599999999983,1.0311760180995477,0.14466768992371756,0.0828814872192099,0.030233459227460284,0.16046522105723865
frozenset({'Poha 500g'}),"frozenset({'Basmati Rice 5kg', 'Toor Dal 1kg', 'Cooking Oil 1L'})",0.1698,0.1098,0.0214,0.1260306242638398,1.147819893113295,1.0,0.0027559599999999983,1.0185711590296496,0.15512307584930546,0.0828814872192099,0.01823255927189373,0.16046522105723865
"frozenset({'Basmati Rice 5kg', 'Toor Dal 1kg', 'Cooking Oil 1L'})",frozenset({'Ghee 500ml'}),0.1098,0.1706,0.0214,0.19489981785063754,1.1424373848220255,1.0,0.0026681199999999995,1.0301823529411767,0.14005673407424982,0.08262548262548262,0.029298068303155934,0.16016972135204796
frozenset({'Ghee 500ml'}),"frozenset({'Basmati Rice 5kg', 'Toor Dal 1kg', 'Cooking Oil 1L'})",0.1706,0.1098,0.0214,0.1254396248534584,1.1424373848220255,1.0,0.0026681199999999995,1.0178828418230563,0.1503237336302112,0.08262548262548262,0.01756866418047449,0.16016972135204796
frozenset({'Ghee 500ml'}),"frozenset({'Toor Dal 1kg', 'Cooking Oil 1L'})",0.1706,0.1544,0.03,0.17584994138335286,1.1389244908248242,1.0,0.003659359999999997,1.0260267425320058,0.14706856362028764,0.10169491525423727,0.025366534275488233,0.18507522975903393
"frozenset({'Toor Dal 1kg', 'Cooking Oil 1L'})",frozenset({'Ghee 500ml'}),0.1544,0.1706,0.03,0.194300518134715,1.1389244908248242,1.0,0.003659359999999997,1.0294160771704182,0.14425102491327646,0.10169491525423727,0.02857549811275017,0.18507522975903393
"frozenset({'Poha 500g', 'Ghee 500ml'})","frozenset({'Basmati Rice 5kg', 'Toor Dal 1kg'})",0.1468,0.1534,0.0254,0.17302452316076292,1.1279303987011924,1.0,0.0028808799999999954,1.0237304777594727,0.13293538729599708,0.09243085880640464,0.023180395890341255,0.169302352845049
"frozenset({'Basmati Rice 5kg', 'Toor Dal 1kg'})","frozenset({'Poha 500g', 'Ghee 500ml'})",0.1534,0.1468,0.0254,0.16558018252933507,1.1279303987011924,1.0,0.0028808799999999954,1.022506875,0.13397173687803532,0.09243085880640464,0.02201146569307906,0.169302352845049
frozenset({'Poha 500g'}),frozenset({'Cooking Oil 1L'}),0.1698,0.1996,0.0382,0.2249705535924617,1.1271069819261608,1.0,0.00430792,1.0327349544072948,0.13583808102759568,0.11533816425120773,0.03169734331891768,0.2081766595617619
frozenset({'Cooking Oil 1L'}),frozenset({'Poha 500g'}),0.1996,0.1698,0.0382,0.19138276553106212,1.1271069819261608,1.0,0.00430792,1.0266909541511773,0.14089552082597445,0.11533816425120773,0.025997067611493754,0.2081766595617619
frozenset({'Poha 500g'}),"frozenset({'Basmati Rice 5kg', 'Toor Dal 1kg'})",0.1698,0.1534,0.0292,0.17196702002355713,1.1210366363986775,1.0,0.003152679999999998,1.0224230440967284,0.13005118423353995,0.09931972789115645,0.02193127808121559,0.18115952044202627
"frozenset({'Basmati Rice 5kg', 'Toor Dal 1kg'})",frozenset({'Poha 500g'}),0.1534,0.1698,0.0292,0.19035202086049544,1.1210366363986775,1.0,0.003152679999999998,1.0253838969404188,0.12753188418460296,0.09931972789115645,0.024755505734154935,0.18115952044202627
"frozenset({'Poha 500g', 'Ghee 500ml'})",frozenset({'Basmati Rice 5kg'}),0.1468,0.1982,0.0326,0.22207084468664845,1.1204381669356633,1.0,0.0035042399999999953,1.0306851138353765,0.12598690171106092,0.10435339308578746,0.029771569826201622,0.19327558379640192
frozenset({'Basmati Rice 5kg'}),"frozenset({'Poha 500g', 'Ghee 500ml'})",0.1982,0.1468,0.0326,0.16448032290615539,1.1204381669356633,1.0,0.0035042399999999953,1.0211608695652172,0.13406338805173004,0.10435339308578746,0.020722366275381356,0.19327558379640192
frozenset({'Toor Dal 1kg'}),frozenset({'Ghee 500ml'}),0.2068,0.1706,0.0392,0.18955512572533847,1.1111085915904952,1.0,0.003919919999999993,1.0233885441527446,0.12606903578375353,0.1159077468953282,0.022854021853554948,0.20966619123312644
frozenset({'Ghee 500ml'}),frozenset({'Toor Dal 1kg'}),0.1706,0.2068,0.0392,0.2297772567409144,1.111108591590495,1.0,0.003919919999999993,1.0298319634703197,0.12056662549273366,0.1159077468953282,0.02896779720236307,0.20966619123312644
"frozenset({'Basmati Rice 5kg', 'Cooking Oil 1L'})",frozenset({'Ghee 500ml'}),0.1462,0.1706,0.0276,0.18878248974008208,1.106579658499895,1.0,0.002658279999999999,1.0224138279932546,0.11280685494685307,0.09543568464730291,0.021922461707357215,0.17528221790638338
frozenset({'Ghee 500ml'}),"frozenset({'Basmati Rice 5kg', 'Cooking Oil 1L'})",0.1706,0.1462,0.0276,0.16178194607268465,1.106579658499895,1.0,0.002658279999999999,1.0185893706293705,0.11612550368172553,0.09543568464730291,0.018250112523640956,0.17528221790638338
frozenset({'Ghee 500ml'}),frozenset({'Cooking Oil 1L'}),0.1706,0.1996,0.0376,0.22039859320046895,1.1042013687398244,1.0,0.003548240000000001,1.0266784962406015,0.11377873776993369,0.11304870715574265,0.025985248876148115,0.20438767335374147
frozenset({'Cooking Oil 1L'}),frozenset({'Ghee 500ml'}),0.1996,0.1706,0.0376,0.18837675350701402,1.1042013687398242,1.0,0.003548240000000001,1.0219027160493828,0.11790115580507622,0.11304870715574265,0.02143326923922597,0.20438767335374147
"frozenset({'Basmati Rice 5kg', 'Cooking Oil 1L'})",frozenset({'Poha 500g'}),0.1462,0.1698,0.0274,0.18741450068399454,1.103736753144844,1.0,0.0025752399999999995,1.0216771043771045,0.1100806527452197,0.09494109494109494,0.021217177407846944,0.17439040699688538
frozenset({'Poha 500g'}),"frozenset({'Basmati Rice 5kg', 'Cooking Oil 1L'})",0.1698,0.1462,0.0274,0.16136631330977622,1.103736753144844,1.0,0.0025752399999999995,1.0180845505617977,0.11320990281121247,0.09494109494109494,0.01776330910022982,0.17439040699688538
"frozenset({'Basmati Rice 5kg', 'Toor Dal 1kg', 'Cooking Oil 1L'})",frozenset({'Potato Chips 90g'}),0.1098,0.2184,0.0264,0.24043715846994537,1.1009027402470026,1.0,0.0024196800000000004,1.0290129496402878,0.10295949837625867,0.08747514910536779,0.02819493151221259,0.18065813967453312
frozenset({'Potato Chips 90g'}),"frozenset({'Basmati Rice 5kg', 'Toor Dal 1kg', 'Cooking Oil 1L'})",0.2184,0.1098,0.0264,0.12087912087912087,1.1009027402470024,1.0,0.0024196800000000004,1.0126025,0.11726528333488419,0.08747514910536779,0.012445653649877412,0.18065813967453312
frozenset({'Ghee 500ml'}),"frozenset({'Basmati Rice 5kg', 'Toor Dal 1kg'})",0.1706,0.1534,0.0288,0.16881594372801875,1.1004950699349332,1.0,0.002629959999999997,1.0185469675599437,0.110101345015138,0.09756097560975609,0.018209241351309642,0.17828020132945915
"frozenset({'Basmati Rice 5kg', 'Toor Dal 1kg'})",frozenset({'Ghee 500ml'}),0.1534,0.1706,0.0288,0.18774445893089958,1.100495069934933,1.0,0.002629959999999997,1.0211072231139648,0.10786446439352168,0.09756097560975609,0.020670917447431374,0.17828020132945915
"frozenset({'Toor Dal 1kg', 'Cooking Oil 1L'})","frozenset({'Choco Cookies 150g', 'Instant Coffee 100g'})",0.1544,0.152,0.0258,0.1670984455958549,1.099331878920098,1.0,0.0023311999999999986,1.018127527216174,0.10685500135677244,0.09194583036350677,0.0178047707498289,0.16841764385055902
"frozenset({'Choco Cookies 150g', 'Instant Coffee 100g'})","frozenset({'Toor Dal 1kg', 'Cooking Oil 1L'})",0.152,0.1544,0.0258,0.16973684210526316,1.099331878920098,1.0,0.0023311999999999986,1.018472266244057,0.10655258154161175,0.09194583036350677,0.018137230493452162,0.16841764385055902
"frozenset({'Basmati Rice 5kg', 'Toor Dal 1kg', 'Cooking Oil 1L'})","frozenset({'Cola 750ml', 'Potato Chips 90g'})",0.1098,0.1974,0.0238,0.21675774134790532,1.0980635326641608,1.0,0.0021254800000000025,1.0247148837209303,0.10032114395971835,0.0839802399435427,0.02411879061538167,0.16866255861721507
"frozenset({'Cola 750ml', 'Potato Chips 90g'})","frozenset({'Basmati Rice 5kg', 'Toor Dal 1kg', 'Cooking Oil 1L'})",0.1974,0.1098,0.0238,0.12056737588652483,1.0980635326641606,1.0,0.0021254800000000025,1.0122435483870968,0.11127072309113042,0.0839802399435427,0.012095457073157533,0.16866255861721507
frozenset({'Basmati Rice 5kg'}),frozenset({'Poha 500g'}),0.1982,0.1698,0.0368,0.1856710393541877,1.0934690185758993,1.0,0.003145639999999998,1.0194897149938043,0.106609313826499,0.1111111111111111,0.01911712762489482,0.20119829941796546
frozenset({'Poha 500g'}),frozenset({'Basmati Rice 5kg'}),0.1698,0.1982,0.0368,0.2167255594817432,1.0934690185758993,1.0,0.003145639999999998,1.0236514285714287,0.10296235584929765,0.1111111111111111,0.02310496318501275,0.20119829941796546
"frozenset({'Choco Cookies 150g', 'Instant Coffee 100g'})",frozenset({'Cooking Oil 1L'}),0.152,0.1996,0.033,0.21710526315789475,1.0877017192279297,1.0,0.0026608000000000014,1.022359663865546,0.09508290451686682,0.10357815442561207,0.021870643625555655,0.19121796224027002
frozenset({'Cooking Oil 1L'}),"frozenset({'Choco Cookies 150g', 'Instant Coffee 100g'})",0.1996,0.152,0.033,0.1653306613226453,1.0877017192279295,1.0,0.0026608000000000014,1.0159711884753901,0.10073751003286241,0.10357815442561207,0.015720119484251525,0.19121796224027002
"frozenset({'Basmati Rice 5kg', 'Toor Dal 1kg', 'Cooking Oil 1L'})",frozenset({'Cola 750ml'}),0.1098,0.2164,0.0258,0.23497267759562843,1.085825682050039,1.0,0.002039280000000001,1.0242771428571429,0.0887911261122403,0.08588548601864181,0.023701732511011254,0.17709816874236134
frozenset({'Cola 750ml'}),"frozenset({'Basmati Rice 5kg', 'Toor Dal 1kg', 'Cooking Oil 1L'})",0.2164,0.1098,0.0258,0.11922365988909427,1.085825682050039,1.0,0.002039280000000001,1.0106992654774396,0.10087016394221071,0.08588548601864181,0.010586003020775411,0.17709816874236134
"frozenset({'Cola 750ml', 'Potato Chips 90g'})","frozenset({'Toor Dal 1kg', 'Cooking Oil 1L'})",0.1974,0.1544,0.033,0.16717325227963528,1.0827283178732854,1.0,0.00252144,1.0153372262773723,0.09519969191038216,0.10351317440401507,0.015105549053494882,0.1904519111139109
"frozenset({'Toor Dal 1kg', 'Cooking Oil 1L'})","frozenset({'Cola 750ml', 'Potato Chips 90g'})",0.1544,0.1974,0.033,0.21373056994818654,1.0827283178732854,1.0,0.00252144,1.020769686985173,0.090358647974542,0.10351317440401507,0.020347084410897765,0.1904519111139109
frozenset({'Basmati Rice 5kg'}),frozenset({'Ghee 500ml'}),0.1982,0.1706,0.0366,0.18466195761856713,1.0824264807653408,1.0,0.0027870800000000043,1.0172467821782178,0.09497346816657071,0.11017459361830223,0.016954373786553085,0.19959944305312882
frozenset({'Ghee 500ml'}),frozenset({'Basmati Rice 5kg'}),0.1706,0.1982,0.0366,0.21453692848769051,1.0824264807653408,1.0,0.0027870800000000043,1.0207991044776121,0.09181302963100603,0.11017459361830223,0.02037531614827953,0.19959944305312882
"frozenset({'Toor Dal 1kg', 'Cooking Oil 1L'})",frozenset({'Potato Chips 90g'}),0.1544,0.2184,0.0364,0.23575129533678757,1.079447322970639,1.0,0.0026790400000000006,1.0227037288135592,0.087038789025544,0.10820451843043995,0.022199712559861258,0.20120898100172713
frozenset({'Potato Chips 90g'}),"frozenset({'Toor Dal 1kg', 'Cooking Oil 1L'})",0.2184,0.1544,0.0364,0.16666666666666666,1.079447322970639,1.0,0.0026790400000000006,1.01472,0.09416581371545549,0.10820451843043995,0.014506464837590643,0.20120898100172713
frozenset({'Cooking Oil 1L'}),frozenset({'Choco Cookies 150g'}),0.1996,0.1776,0.0382,0.19138276553106212,1.0776056617739984,1.0,0.0027510399999999963,1.0170448574969022,0.08997595443116126,0.11268436578171091,0.016759199332517162,0.2032364278105761
frozenset({'Choco Cookies 150g'}),frozenset({'Cooking Oil 1L'}),0.1776,0.1996,0.0382,0.21509009009009006,1.0776056617739982,1.0,0.0027510399999999963,1.0197348637015782,0.08756901012488019,0.11268436578171091,0.019352936144540304,0.2032364278105761
"frozenset({'Toor Dal 1kg', 'Cooking Oil 1L'})",frozenset({'Cola 750ml'}),0.1544,0.2164,0.036,0.233160621761658,1.0774520414124675,1.0,0.002587839999999994,1.0218567567567567,0.08500998633448945,0.10752688172043008,0.0213892569699566,0.1997596084778715
frozenset({'Cola 750ml'}),"frozenset({'Toor Dal 1kg', 'Cooking Oil 1L'})",0.2164,0.1544,0.036,0.166358595194085,1.0774520414124675,1.0,0.002587839999999994,1.0143450110864745,0.09173614656003609,0.10752688172043008,0.014142141904074014,0.1997596084778715
"frozenset({'Toor Dal 1kg', 'Cooking Oil 1L'})",frozenset({'Choco Cookies 150g'}),0.1544,0.1776,0.0294,0.1904145077720207,1.072153759977594,1.0,0.0019785599999999973,1.0158284800000001,0.07958604444616058,0.09715796430931922,0.015581843108001824,0.1779775241562806
frozenset({'Choco Cookies 150g'}),"frozenset({'Toor Dal 1kg', 'Cooking Oil 1L'})",0.1776,0.1544,0.0294,0.16554054054054052,1.0721537599775939,1.0,0.0019785599999999973,1.0133506072874494,0.0818311760501865,0.09715796430931922,0.013174716817100881,0.1779775241562806
frozenset({'Potato Chips 90g'}),"frozenset({'Basmati Rice 5kg', 'Cooking Oil 1L'})",0.2184,0.1462,0.0342,0.1565934065934066,1.0710903323762422,1.0,0.0022699200000000017,1.0123231270358306,0.08491802689938774,0.10351089588377724,0.012173116178738107,0.19525976759218894
"frozenset({'Basmati Rice 5kg', 'Cooking Oil 1L'})",frozenset({'Potato Chips 90g'}),0.1462,0.2184,0.0342,0.23392612859097128,1.0710903323762422,1.0,0.0022699200000000017,1.0202671428571428,0.07773709279053813,0.10351089588377724,0.019864545280157717,0.19525976759218894
"frozenset({'Basmati Rice 5kg', 'Cooking Oil 1L'})","frozenset({'Cola 750ml', 'Potato Chips 90g'})",0.1462,0.1974,0.0308,0.21067031463748292,1.0672255047491537,1.0,0.0019401200000000035,1.0168121317157712,0.07377712472582479,0.09846547314578005,0.01653415728567522,0.18334934171590458
"frozenset({'Cola 750ml', 'Potato Chips 90g'})","frozenset({'Basmati Rice 5kg', 'Cooking Oil 1L'})",0.1974,0.1462,0.0308,0.15602836879432624,1.0672255047491535,1.0,0.0019401200000000035,1.0116453781512604,0.07848356477810765,0.09846547314578005,0.011511324425305983,0.18334934171590458
"frozenset({'Cola 750ml', 'Potato Chips 90g'})","frozenset({'Basmati Rice 5kg', 'Toor Dal 1kg'})",0.1974,0.1534,0.0322,0.16312056737588654,1.0633674535585824,1.0,0.001918839999999998,1.0116152542372883,0.07424782500352109,0.10106716886377903,0.011481889175391601,0.18651465135417533
"frozenset({'Basmati Rice 5kg', 'Toor Dal 1kg'})","frozenset({'Cola 750ml', 'Potato Chips 90g'})",0.1534,0.1974,0.0322,0.20990873533246412,1.0633674535585822,1.0,0.001918839999999998,1.01583201320132,0.07038897277087884,0.10106716886377903,0.015585267047675221,0.18651465135417533
"frozenset({'Cola 750ml', 'Potato Chips 90g'})",frozenset({'Toor Dal 1kg'}),0.1974,0.2068,0.0434,0.2198581560283688,1.0631438879514932,1.0,0.002577679999999999,1.0167381818181818,0.07400143083366154,0.12028824833702882,0.016462627368089757,0.21486137975499678
frozenset({'Toor Dal 1kg'}),"frozenset({'Cola 750ml', 'Potato Chips 90g'})",0.2068,0.1974,0.0434,0.20986460348162475,1.0631438879514932,1.0,0.002577679999999999,1.0157752753977967,0.07487840190002111,0.12028824833702882,0.015530280938979266,0.21486137975499678
frozenset({'Cola 750ml'}),"frozenset({'Basmati Rice 5kg', 'Cooking Oil 1L'})",0.2164,0.1462,0.0336,0.15526802218114602,1.0620247755208347,1.0,0.0019623199999999966,1.0107347921225383,0.07453085879578976,0.10212765957446808,0.01062078025432891,0.1925450918019273
"frozenset({'Basmati Rice 5kg', 'Cooking Oil 1L'})",frozenset({'Cola 750ml'}),0.1462,0.2164,0.0336,0.22982216142270862,1.0620247755208345,1.0,0.0019623199999999966,1.0174273534635878,0.06840288235228491,0.10212765957446808,0.01712884306113911,0.1925450918019273
"frozenset({'Choco Cookies 150g', 'Instant Coffee 100g'})","frozenset({'Basmati Rice 5kg', 'Cooking Oil 1L'})",0.152,0.1462,0.0236,0.15526315789473685,1.0619915040679675,1.0,0.0013775999999999997,1.010728971962617,0.06883594499520307,0.08594319009468317,0.010615083034360338,0.15834293325653395
"frozenset({'Basmati Rice 5kg', 'Cooking Oil 1L'})","frozenset({'Choco Cookies 150g', 'Instant Coffee 100g'})",0.1462,0.152,0.0236,0.16142270861833105,1.0619915040679675,1.0,0.0013775999999999997,1.011236541598695,0.06836833140774443,0.08594319009468317,0.011111684691428132,0.15834293325653395
frozenset({'Instant Coffee 100g'}),"frozenset({'Toor Dal 1kg', 'Cooking Oil 1L'})",0.177,0.1544,0.029,0.16384180790960454,1.0611516056321537,1.0,0.0016712000000000012,1.011291891891892,0.07002136841664228,0.0958994708994709,0.011165808786192676,0.17583282105324788
"frozenset({'Toor Dal 1kg', 'Cooking Oil 1L'})",frozenset({'Instant Coffee 100g'}),0.1544,0.177,0.029,0.1878238341968912,1.0611516056321537,1.0,0.0016712000000000012,1.0133269537480063,0.06814993638469322,0.0958994708994709,0.013151681891726856,0.17583282105324788
frozenset({'Instant Coffee 100g'}),"frozenset({'Basmati Rice 5kg', 'Toor Dal 1kg', 'Cooking Oil 1L'})",0.177,0.1098,0.0206,0.11638418079096045,1.059965216675414,1.0,0.0011654000000000005,1.0074514066496163,0.06873975156012226,0.07738542449286251,0.007396293856392337,0.15199901207125438
"frozenset({'Basmati Rice 5kg', 'Toor Dal 1kg', 'Cooking Oil 1L'})",frozenset({'Instant Coffee 100g'}),0.1098,0.177,0.0206,0.1876138433515483,1.059965216675414,1.0,0.0011654000000000005,1.0130650224215247,0.06355068022240014,0.07738542449286251,0.012896528981225156,0.15199901207125438
frozenset({'Toor Dal 1kg'}),frozenset({'Potato Chips 90g'}),0.2068,0.2184,0.0478,0.2311411992263056,1.058338824296271,1.0,0.002634879999999999,1.0165715723270439,0.06949446867410644,0.1266560678325384,0.01630143196814943,0.22500283404538723
frozenset({'Potato Chips 90g'}),frozenset({'Toor Dal 1kg'}),0.2184,0.2068,0.0478,0.21886446886446886,1.058338824296271,1.0,0.002634879999999999,1.0154447831184057,0.07052586048144989,0.1266560678325384,0.015209869975376768,0.22500283404538723
frozenset({'Potato Chips 90g'}),"frozenset({'Toned Milk 1L', 'White Bread 400g'})",0.2184,0.2384,0.055,0.2518315018315018,1.0563401922462325,1.0,0.0029334399999999955,1.0179525091799266,0.06823857820787187,0.1368840219014435,0.017635900514051762,0.24126809990903952
"frozenset({'Toned Milk 1L', 'White Bread 400g'})",frozenset({'Potato Chips 90g'}),0.2384,0.2184,0.055,0.2307046979865772,1.0563401922462325,1.0,0.0029334399999999955,1.0159947655398036,0.07003055767761639,0.1368840219014435,0.015742960576480534,0.24126809990903952
"frozenset({'Choco Cookies 150g', 'Instant Coffee 100g'})",frozenset({'Toor Dal 1kg'}),0.152,0.2068,0.0332,0.21842105263157896,1.0561946452204012,1.0,0.0017664000000000013,1.014868686868687,0.06274153216640149,0.10196560196560196,0.014650847997452027,0.18948131935253998
frozenset({'Toor Dal 1kg'}),"frozenset({'Choco Cookies 150g', 'Instant Coffee 100g'})",0.2068,0.152,0.0332,0.16054158607350097,1.0561946452204012,1.0,0.0017664000000000013,1.0101751152073732,0.06707617155459969,0.10196560196560196,0.010072625086675675,0.18948131935253998
frozenset({'Cola 750ml'}),frozenset({'Cooking Oil 1L'}),0.2164,0.1996,0.0456,0.21072088724584104,1.0557158679651355,1.0,0.002406560000000002,1.0140899297423887,0.06734997268567033,0.12311015118790496,0.01389416197631314,0.21958890053674818
frozenset({'Cooking Oil 1L'}),frozenset({'Cola 750ml'}),0.1996,0.2164,0.0456,0.22845691382765532,1.0557158679651355,1.0,0.002406560000000002,1.0156270129870129,0.0659363300805738,0.12311015118790496,0.01538656690614511,0.21958890053674818
frozenset({'Cola 750ml'}),frozenset({'Toor Dal 1kg'}),0.2164,0.2068,0.0472,0.21811460258780035,1.0547127784709882,1.0,0.002448479999999996,1.0144709219858157,0.06620032704337207,0.125531914893617,0.014264501497479,0.2231772239244611
frozenset({'Toor Dal 1kg'}),frozenset({'Cola 750ml'}),0.2068,0.2164,0.0472,0.22823984526112184,1.0547127784709882,1.0,0.002448479999999996,1.0153413533834585,0.06539911279776393,0.125531914893617,0.015109552400614899,0.2231772239244611
frozenset({'Hand Sanitizer 200ml'}),frozenset({'Toor Dal 1kg'}),0.1662,0.2068,0.0362,0.21780986762936225,1.0532392051709973,1.0,0.0018298400000000062,1.0140756923076923,0.06062373026906058,0.10748218527315916,0.013880317233184865,0.19642911176439098
frozenset({'Toor Dal 1kg'}),frozenset({'Hand Sanitizer 200ml'}),0.2068,0.1662,0.0362,0.17504835589941972,1.0532392051709971,1.0,0.0018298400000000062,1.0107259085580305,0.06372676033578253,0.10748218527315916,0.010612084312088913,0.19642911176439098
frozenset({'Potato Chips 90g'}),frozenset({'Toned Milk 1L'}),0.2184,0.254,0.0584,0.2673992673992674,1.0527530212569582,1.0,0.0029263999999999957,1.01829,0.06411155199730786,0.14106280193236714,0.017961484449420095,0.24866026362089355
frozenset({'Toned Milk 1L'}),frozenset({'Potato Chips 90g'}),0.254,0.2184,0.0584,0.22992125984251968,1.0527530212569582,1.0,0.0029263999999999957,1.014961145194274,0.06717103088618742,0.14106280193236714,0.014740608805680235,0.24866026362089355
frozenset({'Hand Sanitizer 200ml'}),frozenset({'Toned Milk 1L'}),0.1662,0.254,0.0444,0.26714801444043323,1.0517638363796584,1.0,0.002185200000000005,1.0179408866995074,0.05902640467284281,0.11814795103778605,0.01762468423650567,0.22097558202336623
frozenset({'Toned Milk 1L'}),frozenset({'Hand Sanitizer 200ml'}),0.254,0.1662,0.0444,0.17480314960629922,1.0517638363796584,1.0,0.002185200000000005,1.0104255725190838,0.06597348018259562,0.11814795103778605,0.010318001446748905,0.22097558202336623
"frozenset({'Cola 750ml', 'Potato Chips 90g'})",frozenset({'Cooking Oil 1L'}),0.1974,0.1996,0.0414,0.20972644376899696,1.0507336862174197,1.0,0.001998960000000001,1.012813846153846,0.06015955391354912,0.11642294713160854,0.012651728846822792,0.2085706367141578
frozenset({'Cooking Oil 1L'}),"frozenset({'Cola 750ml', 'Potato Chips 90g'})",0.1996,0.1974,0.0414,0.20741482965931862,1.0507336862174197,1.0,0.001998960000000001,1.012635651074589,0.06032491000876376,0.11642294713160854,0.01247798362735937,0.2085706367141578
"frozenset({'Basmati Rice 5kg', 'Toor Dal 1kg'})",frozenset({'Potato Chips 90g'}),0.1534,0.2184,0.0352,0.22946544980443287,1.050665978958026,1.0,0.0016974400000000014,1.014360744500846,0.05696046216953379,0.10457516339869281,0.014157433219591682,0.19531880548829703
frozenset({'Potato Chips 90g'}),"frozenset({'Basmati Rice 5kg', 'Toor Dal 1kg'})",0.2184,0.1534,0.0352,0.16117216117216118,1.050665978958026,1.0,0.0016974400000000014,1.009265502183406,0.061697450451288785,0.10457516339869281,0.009180440789228885,0.19531880548829703
"frozenset({'Choco Cookies 150g', 'Instant Coffee 100g'})","frozenset({'Poha 500g', 'Ghee 500ml'})",0.152,0.1468,0.0234,0.15394736842105264,1.0486877957837373,1.0,0.0010863999999999978,1.008447900466563,0.05474923399451691,0.0849673202614379,0.008377131295185917,0.15667395669009035
"frozenset({'Poha 500g', 'Ghee 500ml'})","frozenset({'Choco Cookies 150g', 'Instant Coffee 100g'})",0.1468,0.152,0.0234,0.15940054495912806,1.0486877957837373,1.0,0.0010863999999999978,1.008803889789303,0.054415553712318716,0.0849673202614379,0.00872705773482083,0.15667395669009035
frozenset({'Cola 750ml'}),"frozenset({'Basmati Rice 5kg', 'Toor Dal 1kg'})",0.2164,0.1534,0.0348,0.1608133086876155,1.0483266537654206,1.0,0.001604239999999993,1.0088339207048458,0.05882956939090409,0.10388059701492536,0.008756565896073116,0.19383559828122626
"frozenset({'Basmati Rice 5kg', 'Toor Dal 1kg'})",frozenset({'Cola 750ml'}),0.1534,0.2164,0.0348,0.226857887874837,1.0483266537654203,1.0,0.001604239999999993,1.0135264755480606,0.054451748847994856,0.10388059701492536,0.013345951856606662,0.19383559828122626
frozenset({'Cooking Oil 1L'}),frozenset({'Potato Chips 90g'}),0.1996,0.2184,0.0456,0.22845691382765532,1.046048140236517,1.0,0.0020073599999999997,1.013034805194805,0.05499881638128303,0.12244897959183672,0.012867085245208939,0.21862406130943207
frozenset({'Potato Chips 90g'}),frozenset({'Cooking Oil 1L'}),0.2184,0.1996,0.0456,0.2087912087912088,1.046048140236517,1.0,0.0020073599999999997,1.0116166666666666,0.056321715239993526,0.12244897959183672,0.011483269354333832,0.21862406130943207
frozenset({'White Bread 400g'}),frozenset({'Potato Chips 90g'}),0.2546,0.2184,0.058,0.22780832678711707,1.0430784193549316,1.0,0.002395359999999999,1.012183926754832,0.05540556794315477,0.13975903614457832,0.012037265592524387,0.24668804617744133
frozenset({'Potato Chips 90g'}),frozenset({'White Bread 400g'}),0.2184,0.2546,0.058,0.26556776556776557,1.0430784193549316,1.0,0.002395359999999999,1.0149336658354116,0.052839445169943156,0.13975903614457832,0.01471393287867665,0.24668804617744133
"frozenset({'Face Wash 100ml', 'Hand Sanitizer 200ml'})",frozenset({'Toor Dal 1kg'}),0.1318,0.2068,0.0284,0.21547799696509864,1.0419632348409025,1.0,0.0011437600000000006,1.011061508704062,0.04638705302536252,0.0915538362346873,0.010940490374557027,0.17640437565856482
frozenset({'Toor Dal 1kg'}),"frozenset({'Face Wash 100ml', 'Hand Sanitizer 200ml'})",0.2068,0.1318,0.0284,0.13733075435203096,1.0419632348409025,1.0,0.0011437600000000006,1.006411210762332,0.0507731208227682,0.0915538362346873,0.006370368984140703,0.17640437565856482
"frozenset({'Choco Cookies 150g', 'Instant Coffee 100g'})",frozenset({'Ghee 500ml'}),0.152,0.1706,0.027,0.17763157894736842,1.041216758190905,1.0,0.0010688000000000017,1.0085504,0.046680642907058076,0.09133964817320704,0.008477910474280705,0.16794826309619298
frozenset({'Ghee 500ml'}),"frozenset({'Choco Cookies 150g', 'Instant Coffee 100g'})",0.1706,0.152,0.027,0.15826494724501758,1.041216758190905,1.0,0.0010688000000000017,1.0074428969359333,0.04772749600335814,0.09133964817320704,0.007387909487049036,0.16794826309619298
frozenset({'Cola 750ml'}),"frozenset({'Toned Milk 1L', 'White Bread 400g'})",0.2164,0.2384,0.0536,0.2476894639556377,1.038965872297138,1.0,0.0020102399999999965,1.0123479115479117,0.047861763159699124,0.13359920239282155,0.012197300361919256,0.23626083936036918
"frozenset({'Toned Milk 1L', 'White Bread 400g'})",frozenset({'Cola 750ml'}),0.2384,0.2164,0.0536,0.22483221476510068,1.038965872297138,1.0,0.0020102399999999965,1.010877922077922,0.04924432459550975,0.13359920239282155,0.010760866213757875,0.23626083936036918
"frozenset({'Toned Milk 1L', 'White Bread 400g'})",frozenset({'Toor Dal 1kg'}),0.2384,0.2068,0.0512,0.21476510067114096,1.038515960692171,1.0,0.0018988799999999986,1.0101435897435898,0.04869682247899156,0.1299492385786802,0.010041730548589197,0.23117365285007724
frozenset({'Toor Dal 1kg'}),"frozenset({'Toned Milk 1L', 'White Bread 400g'})",0.2068,0.2384,0.0512,0.24758220502901354,1.0385159606921708,1.0,0.0018988799999999986,1.0122035989717224,0.046756807866868345,0.1299492385786802,0.012056466687255173,0.23117365285007724
"frozenset({'Choco Cookies 150g', 'Instant Coffee 100g'})","frozenset({'Basmati Rice 5kg', 'Toor Dal 1kg'})",0.152,0.1534,0.0242,0.15921052631578947,1.0378782680299183,1.0,0.0008831999999999972,1.0069107981220657,0.043037579915795904,0.0860597439544808,0.006863366779812734,0.15848401152816852
"frozenset({'Basmati Rice 5kg', 'Toor Dal 1kg'})","frozenset({'Choco Cookies 150g', 'Instant Coffee 100g'})",0.1534,0.152,0.0242,0.15775749674054756,1.0378782680299181,1.0,0.0008831999999999972,1.0068359133126934,0.04310875002196424,0.0860597439544808,0.006789500873287228,0.15848401152816852
frozenset({'Cola 750ml'}),frozenset({'Toned Milk 1L'}),0.2164,0.254,0.057,0.2634011090573013,1.037012240383076,1.0,0.0020343999999999987,1.012762860727729,0.04554776425494565,0.1378809869375907,0.012602022865015139,0.2439052789380995
frozenset({'Toned Milk 1L'}),frozenset({'Cola 750ml'}),0.254,0.2164,0.057,0.22440944881889766,1.037012240383076,1.0,0.0020343999999999987,1.0103269035532996,0.04784346926296972,0.1378809869375907,0.010221348671385461,0.2439052789380995
frozenset({'Cooking Oil 1L'}),frozenset({'Instant Coffee 100g'}),0.1996,0.177,0.0366,0.18336673346693388,1.0359702455758977,1.0,0.0012708000000000025,1.007796319018405,0.04337994936957759,0.10764705882352943,0.007736006642690029,0.19507319724194153
frozenset({'Instant Coffee 100g'}),frozenset({'Cooking Oil 1L'}),0.177,0.1996,0.0366,0.20677966101694917,1.0359702455758977,1.0,0.0012708000000000025,1.0090512820512823,0.04218871382188324,0.10764705882352943,0.008970091225573674,0.19507319724194153
"frozenset({'Basmati Rice 5kg', 'Toor Dal 1kg', 'Cooking Oil 1L'})",frozenset({'Choco Cookies 150g'}),0.1098,0.1776,0.0202,0.18397085610200364,1.0358719375112817,1.0,0.0006995199999999986,1.007807142857143,0.03890103681228597,0.07559880239520958,0.0077466635481561715,0.1488547974203712
frozenset({'Choco Cookies 150g'}),"frozenset({'Basmati Rice 5kg', 'Toor Dal 1kg', 'Cooking Oil 1L'})",0.1776,0.1098,0.0202,0.11373873873873873,1.0358719375112817,1.0,0.0006995199999999986,1.0044442185514613,0.04210810186076965,0.07559880239520958,0.004424554862658654,0.1488547974203712
frozenset({'Toor Dal 1kg'}),frozenset({'Choco Cookies 150g'}),0.2068,0.1776,0.038,0.18375241779497098,1.0346419920888006,1.0,0.0012723199999999935,1.0075374407582938,0.04221142872309345,0.10969976905311776,0.007481052766258477,0.19885819087946746
frozenset({'Choco Cookies 150g'}),frozenset({'Toor Dal 1kg'}),0.1776,0.2068,0.038,0.21396396396396394,1.0346419920888004,1.0,0.0012723199999999935,1.009114040114613,0.04071267663321707,0.10969976905311776,0.009031724614175406,0.19885819087946746
frozenset({'Toned Milk 1L'}),"frozenset({'Cola 750ml', 'Potato Chips 90g'})",0.254,0.1974,0.0518,0.20393700787401575,1.033115541408388,1.0,0.0016603999999999994,1.008211671612265,0.042967900876748046,0.12962962962962962,0.008144789277368253,0.23317417769587312
"frozenset({'Cola 750ml', 'Potato Chips 90g'})",frozenset({'Toned Milk 1L'}),0.1974,0.254,0.0518,0.2624113475177305,1.0331155414083877,1.0,0.0016603999999999994,1.0114038461538462,0.03993776981566664,0.12962962962962962,0.011275264769075715,0.23317417769587312
frozenset({'Instant Coffee 100g'}),frozenset({'Toor Dal 1kg'}),0.177,0.2068,0.0378,0.21355932203389832,1.0326853096416746,1.0,0.0011964000000000002,1.0085948275862069,0.03845782946633494,0.10924855491329478,0.008521586023573264,0.19817231092023735
frozenset({'Toor Dal 1kg'}),frozenset({'Instant Coffee 100g'}),0.2068,0.177,0.0378,0.1827852998065764,1.0326853096416746,1.0,0.0011964000000000002,1.0070792899408283,0.03990266471355731,0.10924855491329478,0.0070295258889142296,0.19817231092023735
"frozenset({'Poha 500g', 'Ghee 500ml'})",frozenset({'Face Wash 100ml'}),0.1468,0.157,0.0238,0.16212534059945505,1.0326454815251913,1.0,0.0007524000000000003,1.0061170731707316,0.03705279580186507,0.08499999999999999,0.006079882087135288,0.15685884864367658
frozenset({'Face Wash 100ml'}),"frozenset({'Poha 500g', 'Ghee 500ml'})",0.157,0.1468,0.0238,0.1515923566878981,1.0326454815251913,1.0,0.0007524000000000003,1.0056486486486487,0.0375011214450193,0.08499999999999999,0.005616920637480189,0.15685884864367658
frozenset({'Choco Cookies 150g'}),"frozenset({'Basmati Rice 5kg', 'Cooking Oil 1L'})",0.1776,0.1462,0.0268,0.1509009009009009,1.0321539049309227,1.0,0.0008348799999999997,1.0055363395225465,0.037879667808815826,0.09023569023569024,0.005505857227571902,0.16710571720831638
"frozenset({'Basmati Rice 5kg', 'Cooking Oil 1L'})",frozenset({'Choco Cookies 150g'}),0.1462,0.1776,0.0268,0.18331053351573187,1.0321539049309227,1.0,0.0008348799999999997,1.0069922948073702,0.03648657625435715,0.09023569023569024,0.006943742115432714,0.16710571720831638
frozenset({'White Bread 400g'}),frozenset({'Cola 750ml'}),0.2546,0.2164,0.0568,0.22309505106048705,1.0309383135882026,1.0,0.0017045600000000008,1.0086175935288169,0.04026007399373436,0.13713182037662966,0.008543965110371414,0.2427859728500217
frozenset({'Cola 750ml'}),frozenset({'White Bread 400g'}),0.2164,0.2546,0.0568,0.26247689463955637,1.0309383135882026,1.0,0.0017045600000000008,1.0106802005012532,0.03829742107571413,0.13713182037662966,0.01056733919983415,0.2427859728500217
"frozenset({'Choco Cookies 150g', 'Instant Coffee 100g'})",frozenset({'Poha 500g'}),0.152,0.1698,0.0266,0.175,1.0306242638398115,1.0,0.0007903999999999967,1.0063030303030305,0.035040431266846216,0.09010840108401084,0.006263550951577912,0.16582744405182565
frozenset({'Poha 500g'}),"frozenset({'Choco Cookies 150g', 'Instant Coffee 100g'})",0.1698,0.152,0.0266,0.15665488810365133,1.0306242638398113,1.0,0.0007903999999999967,1.0055195530726257,0.03579171972330232,0.09010840108401084,0.005489254839211478,0.16582744405182565
frozenset({'Toor Dal 1kg'}),frozenset({'Face Wash 100ml'}),0.2068,0.157,0.0334,0.16150870406189555,1.0287178602668505,1.0,0.0009323999999999999,1.0053771626297578,0.03519436165490501,0.10108958837772396,0.0053484033948938865,0.1871237787825401
frozenset({'Face Wash 100ml'}),frozenset({'Toor Dal 1kg'}),0.157,0.2068,0.0334,0.2127388535031847,1.0287178602668505,1.0,0.0009323999999999999,1.0075436893203884,0.0331152641336544,0.10108958837772396,0.0074872081482409,0.1871237787825401
"frozenset({'Cola 750ml', 'Potato Chips 90g'})","frozenset({'Toned Milk 1L', 'White Bread 400g'})",0.1974,0.2384,0.0484,0.24518743667679838,1.0284707914295235,1.0,0.0013398400000000019,1.0089922147651007,0.03449120935472117,0.12493546721734641,0.008912075468485261,0.22410378545249315
"frozenset({'Toned Milk 1L', 'White Bread 400g'})","frozenset({'Cola 750ml', 'Potato Chips 90g'})",0.2384,0.1974,0.0484,0.2030201342281879,1.0284707914295235,1.0,0.0013398400000000019,1.0070517894736841,0.03634801027849161,0.12493546721734641,0.007002409952888004,0.22410378545249315
frozenset({'White Bread 400g'}),"frozenset({'Choco Cookies 150g', 'Instant Coffee 100g'})",0.2546,0.152,0.0398,0.15632364493322862,1.0284450324554515,1.0,0.001100800000000006,1.0051247672253258,0.037105301123271504,0.10850599781897494,0.00509863789295828,0.2090828750981933
"frozenset({'Choco Cookies 150g', 'Instant Coffee 100g'})",frozenset({'White Bread 400g'}),0.152,0.2546,0.0398,0.26184210526315793,1.0284450324554515,1.0,0.001100800000000006,1.0098110516934047,0.03261590973736625,0.10850599781897494,0.009715730162540834,0.2090828750981933
"frozenset({'Face Wash 100ml', 'Hand Sanitizer 200ml'})","frozenset({'Choco Cookies 150g', 'Instant Coffee 100g'})",0.1318,0.152,0.0206,0.15629742033383914,1.0282725021963102,1.0,0.0005664000000000016,1.005093525179856,0.03166913802242345,0.07826747720364742,0.005067712657829183,0.1459118680616564
"frozenset({'Choco Cookies 150g', 'Instant Coffee 100g'})","frozenset({'Face Wash 100ml', 'Hand Sanitizer 200ml'})",0.152,0.1318,0.0206,0.1355263157894737,1.0282725021963102,1.0,0.0005664000000000016,1.004310502283105,0.03242352079135382,0.07826747720364742,0.004292001600407382,0.1459118680616564
frozenset({'Face Wash 100ml'}),frozenset({'Poha 500g'}),0.157,0.1698,0.0274,0.1745222929936306,1.0278109128011224,1.0,0.0007413999999999997,1.0057206790123456,0.032097739217774535,0.09151636606546426,0.005688138994977817,0.1679443031517034
frozenset({'Poha 500g'}),frozenset({'Face Wash 100ml'}),0.1698,0.157,0.0274,0.16136631330977622,1.0278109128011224,1.0,0.0007413999999999997,1.0052064606741573,0.03259262124859544,0.09151636606546426,0.005179493843150908,0.1679443031517034
frozenset({'Toor Dal 1kg'}),frozenset({'White Bread 400g'}),0.2068,0.2546,0.054,0.2611218568665377,1.0256160913846728,1.0,0.0013487199999999977,1.0088267015706807,0.031488018527857105,0.13254786450662737,0.00874947258725211,0.23660963228244403
frozenset({'White Bread 400g'}),frozenset({'Toor Dal 1kg'}),0.2546,0.2068,0.054,0.21209740769835037,1.0256160913846728,1.0,0.0013487199999999977,1.0067234297108674,0.033507239463772806,0.13254786450662737,0.006678527103316129,0.23660963228244403
"frozenset({'Cola 750ml', 'Potato Chips 90g'})",frozenset({'White Bread 400g'}),0.1974,0.2546,0.0514,0.26038500506585616,1.0227219366294429,1.0,0.0011419600000000044,1.0078216438356165,0.027681436110849958,0.12830753869196207,0.007760940523016049,0.2311351576782541
frozenset({'White Bread 400g'}),"frozenset({'Cola 750ml', 'Potato Chips 90g'})",0.2546,0.1974,0.0514,0.20188531029065201,1.0227219366294429,1.0,0.0011419600000000044,1.0056198818897637,0.029805635393839784,0.12830753869196207,0.0055884753185298066,0.2311351576782541
"frozenset({'Basmati Rice 5kg', 'Toor Dal 1kg'})","frozenset({'Toned Milk 1L', 'White Bread 400g'})",0.1534,0.2384,0.0374,0.2438070404172099,1.0226805386627933,1.0,0.0008294400000000007,1.0071503448275863,0.026196007685981442,0.10553047404063205,0.007099580379739899,0.20034311752404121
"frozenset({'Toned Milk 1L', 'White Bread 400g'})","frozenset({'Basmati Rice 5kg', 'Toor Dal 1kg'})",0.2384,0.1534,0.0374,0.1568791946308725,1.0226805386627933,1.0,0.0008294400000000007,1.0041265671641793,0.029119669258077584,0.10553047404063205,0.004109608588320912,0.20034311752404121
"frozenset({'Choco Cookies 150g', 'Instant Coffee 100g'})",frozenset({'Face Wash 100ml'}),0.152,0.157,0.0244,0.1605263157894737,1.0224606101240363,1.0,0.0005360000000000018,1.0042006269592476,0.02590473244664407,0.08573436401967674,0.004183055503527534,0.1579701642641636
frozenset({'Face Wash 100ml'}),"frozenset({'Choco Cookies 150g', 'Instant Coffee 100g'})",0.157,0.152,0.0244,0.15541401273885352,1.0224606101240363,1.0,0.0005360000000000018,1.0040422322775264,0.026058378546564853,0.08573436401967674,0.004025958418459349,0.1579701642641636
frozenset({'Toned Milk 1L'}),"frozenset({'Choco Cookies 150g', 'Instant Coffee 100g'})",0.254,0.152,0.0394,0.15511811023622046,1.0205138831330294,1.0,0.000792000000000001,1.003690587138863,0.026945741075924425,0.10747408619749044,0.003677016787995834,0.20716431827600496
"frozenset({'Choco Cookies 150g', 'Instant Coffee 100g'})",frozenset({'Toned Milk 1L'}),0.152,0.254,0.0394,0.25921052631578945,1.0205138831330294,1.0,0.000792000000000001,1.0070337477797513,0.023704625993678802,0.10747408619749044,0.006984619726259307,0.20716431827600496
frozenset({'Instant Coffee 100g'}),"frozenset({'Face Wash 100ml', 'Hand Sanitizer 200ml'})",0.177,0.1318,0.0238,0.13446327683615822,1.0202069562682718,1.0,0.00047140000000000376,1.0030770234986945,0.024066491724271916,0.08350877192982457,0.0030675844691985927,0.15751995404782115
"frozenset({'Face Wash 100ml', 'Hand Sanitizer 200ml'})",frozenset({'Instant Coffee 100g'}),0.1318,0.177,0.0238,0.1805766312594841,1.0202069562682718,1.0,0.00047140000000000376,1.0043648148148148,0.022813548363367644,0.08350877192982457,0.0043458460018032784,0.15751995404782115
"frozenset({'Toned Milk 1L', 'White Bread 400g'})",frozenset({'Hand Sanitizer 200ml'}),0.2384,0.1662,0.0404,0.16946308724832215,1.0196334972823236,1.0,0.0007779200000000014,1.0039288888888889,0.025282885431400327,0.11092806150466777,0.003913513130633445,0.206271856500214
frozenset({'Hand Sanitizer 200ml'}),"frozenset({'Toned Milk 1L', 'White Bread 400g'})",0.1662,0.2384,0.0404,0.2430806257521059,1.0196334972823233,1.0,0.0007779200000000014,1.006183783783784,0.02309360223621311,0.11092806150466777,0.006145779611483586,0.206271856500214
frozenset({'Hand Sanitizer 200ml'}),frozenset({'Cooking Oil 1L'}),0.1662,0.1996,0.0338,0.20336943441636582,1.0188849419657606,1.0,0.0006264799999999987,1.0047317220543805,0.02222944500192314,0.10180722891566263,0.00470943830130662,0.1863540558855376
frozenset({'Cooking Oil 1L'}),frozenset({'Hand Sanitizer 200ml'}),0.1996,0.1662,0.0338,0.1693386773547094,1.0188849419657606,1.0,0.0006264799999999987,1.0037785283474066,0.023157060522992896,0.10180722891566263,0.003764304814954914,0.1863540558855376
frozenset({'Basmati Rice 5kg'}),"frozenset({'Cola 750ml', 'Potato Chips 90g'})",0.1982,0.1974,0.0398,0.2008072653884965,1.0172607162537817,1.0,0.000675320000000007,1.0042633838383839,0.021162184080793307,0.11186059584035977,0.004245284560798038,0.201214169674998
"frozenset({'Cola 750ml', 'Potato Chips 90g'})",frozenset({'Basmati Rice 5kg'}),0.1974,0.1982,0.0398,0.2016210739614995,1.0172607162537817,1.0,0.000675320000000007,1.0042850253807107,0.02114109045100931,0.11186059584035977,0.004266742281740478,0.201214169674998
frozenset({'Toor Dal 1kg'}),frozenset({'Toned Milk 1L'}),0.2068,0.254,0.0534,0.25822050290135395,1.016616153154937,1.0,0.0008728,1.0056897001303782,0.020605861432664536,0.13107511045655376,0.00565751059162728,0.23422836168689745
frozenset({'Toned Milk 1L'}),frozenset({'Toor Dal 1kg'}),0.254,0.2068,0.0534,0.21023622047244095,1.016616153154937,1.0,0.0008728,1.0043509471585244,0.021909610306152162,0.13107511045655376,0.0043320984271822205,0.23422836168689745
frozenset({'Choco Cookies 150g'}),frozenset({'Ghee 500ml'}),0.1776,0.1706,0.0308,0.17342342342342343,1.016549961450313,1.0,0.0005014399999999988,1.0034158038147138,0.019796351508413718,0.09703843730308759,0.0034041758179689254,0.17698134828849954
frozenset({'Ghee 500ml'}),frozenset({'Choco Cookies 150g'}),0.1706,0.1776,0.0308,0.18053927315357562,1.016549961450313,1.0,0.0005014399999999988,1.0035868383404865,0.019629273547768798,0.09703843730308759,0.003574018912421713,0.17698134828849954
frozenset({'Cola 750ml'}),frozenset({'Basmati Rice 5kg'}),0.2164,0.1982,0.0436,0.20147874306839186,1.016542598730534,1.0,0.0007095199999999982,1.0041060185185187,0.02076747638516182,0.11752021563342319,0.004089228072327109,0.21072928071683972
frozenset({'Basmati Rice 5kg'}),frozenset({'Cola 750ml'}),0.1982,0.2164,0.0436,0.2199798183652876,1.016542598730534,1.0,0.0007095199999999982,1.0045893919793014,0.020296076946137196,0.11752021563342319,0.004568425683113311,0.21072928071683972
frozenset({'White Bread 400g'}),frozenset({'Instant Coffee 100g'}),0.2546,0.177,0.0458,0.17989002356637865,1.0163278167592014,1.0,0.0007358000000000017,1.0035239463601533,0.021552860455334253,0.11871435977190255,0.0035115717695973973,0.21932354285663563
frozenset({'Instant Coffee 100g'}),frozenset({'White Bread 400g'}),0.177,0.2546,0.0458,0.25875706214689265,1.0163278167592014,1.0,0.0007358000000000017,1.0056082317073172,0.019520658789071877,0.11871435977190255,0.005576954852284215,0.21932354285663563
"frozenset({'Toned Milk 1L', 'White Bread 400g'})","frozenset({'Choco Cookies 150g', 'Instant Coffee 100g'})",0.2384,0.152,0.0368,0.15436241610738255,1.0155422112327799,1.0,0.0005631999999999998,1.0027936507936508,0.02009499451954694,0.10407239819004525,0.0027858680511586714,0.19823383963263863
"frozenset({'Choco Cookies 150g', 'Instant Coffee 100g'})","frozenset({'Toned Milk 1L', 'White Bread 400g'})",0.152,0.2384,0.0368,0.24210526315789474,1.0155422112327799,1.0,0.0005631999999999998,1.004888888888889,0.018047579983593104,0.10407239819004525,0.0048651039363113695,0.19823383963263863
frozenset({'Hand Sanitizer 200ml'}),"frozenset({'Basmati Rice 5kg', 'Toor Dal 1kg'})",0.1662,0.1534,0.0258,0.1552346570397112,1.0119599546265396,1.0,0.0003049200000000002,1.002171794871795,0.01417438792415783,0.0878148400272294,0.0021670884003203356,0.16171120074932105
"frozenset({'Basmati Rice 5kg', 'Toor Dal 1kg'})",frozenset({'Hand Sanitizer 200ml'}),0.1534,0.1662,0.0258,0.1681877444589309,1.0119599546265396,1.0,0.0003049200000000002,1.0023896551724139,0.013960081090435622,0.0878148400272294,0.00238395833405002,0.16171120074932105
frozenset({'Basmati Rice 5kg'}),frozenset({'Potato Chips 90g'}),0.1982,0.2184,0.0438,0.2209889001009082,1.0118539381909715,1.0,0.0005131199999999989,1.0033233160621762,0.014610960954291166,0.1174892703862661,0.0033123082150821083,0.21076917532517936
frozenset({'Potato Chips 90g'}),frozenset({'Basmati Rice 5kg'}),0.2184,0.1982,0.0438,0.20054945054945053,1.0118539381909715,1.0,0.0005131199999999989,1.0029388316151202,0.014988572790622644,0.1174892703862661,0.0029302201913825685,0.21076917532517936
frozenset({'Instant Coffee 100g'}),frozenset({'Toned Milk 1L'}),0.177,0.254,0.0454,0.256497175141243,1.00983139819387,1.0,0.0004420000000000049,1.0033586626139819,0.01182950524833945,0.11773858921161827,0.0033474197603793297,0.21761866631077897
frozenset({'Toned Milk 1L'}),frozenset({'Instant Coffee 100g'}),0.254,0.177,0.0454,0.17874015748031497,1.00983139819387,1.0,0.0004420000000000049,1.0021188878235856,0.01305051316271229,0.11773858921161827,0.002114407631002399,0.21761866631077897
"frozenset({'Toned Milk 1L', 'White Bread 400g'})",frozenset({'Instant Coffee 100g'}),0.2384,0.177,0.0426,0.17869127516778524,1.00955522693664,1.0,0.0004031999999999994,1.0020592441266598,0.012427506213753088,0.11427038626609441,0.0020550123545385783,0.20968462063474008
frozenset({'Instant Coffee 100g'}),"frozenset({'Toned Milk 1L', 'White Bread 400g'})",0.177,0.2384,0.0426,0.24067796610169492,1.0095552269366397,1.0,0.0004031999999999994,1.0030000000000001,0.011500350829154743,0.11427038626609441,0.0029910269192422825,0.20968462063474008
"frozenset({'Basmati Rice 5kg', 'Toor Dal 1kg'})",frozenset({'Instant Coffee 100g'}),0.1534,0.177,0.0274,0.1786179921773142,1.0091411987418881,1.0,0.0002482000000000005,1.0019698412698412,0.010699733239527475,0.09042904290429042,0.0019659686237110618,0.16671012603215993
frozenset({'Instant Coffee 100g'}),"frozenset({'Basmati Rice 5kg', 'Toor Dal 1kg'})",0.177,0.1534,0.0274,0.15480225988700566,1.0091411987418881,1.0,0.0002482000000000005,1.001659090909091,0.01100655426559412,0.09042904290429042,0.0016563428856669648,0.16671012603215993
"frozenset({'Choco Cookies 150g', 'Instant Coffee 100g'})",frozenset({'Basmati Rice 5kg'}),0.152,0.1982,0.0304,0.2,1.0090817356205855,1.0,0.0002736000000000023,1.00225,0.010613207547169901,0.09505941213258287,0.002244948865053659,0.1766902119071645
frozenset({'Basmati Rice 5kg'}),"frozenset({'Choco Cookies 150g', 'Instant Coffee 100g'})",0.1982,0.152,0.0304,0.15338042381432898,1.0090817356205855,1.0,0.0002736000000000023,1.0016305125148988,0.011224744325268241,0.09505941213258287,0.001627858271614369,0.1766902119071645
frozenset({'Toned Milk 1L'}),"frozenset({'Basmati Rice 5kg', 'Toor Dal 1kg'})",0.254,0.1534,0.0392,0.15433070866141732,1.0060672011826421,1.0,0.00023639999999999772,1.0011005586592179,0.008083930623187534,0.1064638783269962,0.0010993487614189843,0.2049358888809042
"frozenset({'Basmati Rice 5kg', 'Toor Dal 1kg'})",frozenset({'Toned Milk 1L'}),0.1534,0.254,0.0392,0.2555410691003911,1.0060672011826421,1.0,0.00023639999999999772,1.0020700525394044,0.00712333126021486,0.1064638783269962,0.0020657762739826947,0.2049358888809042
"frozenset({'Basmati Rice 5kg', 'Cooking Oil 1L'})",frozenset({'Instant Coffee 100g'}),0.1462,0.177,0.026,0.17783857729138167,1.004737724810066,1.0,0.00012260000000000049,1.0010199667221298,0.0055228210533902955,0.08748317631224765,0.0010189274500384882,0.16236561632930666
frozenset({'Instant Coffee 100g'}),"frozenset({'Basmati Rice 5kg', 'Cooking Oil 1L'})",0.177,0.1462,0.026,0.14689265536723164,1.004737724810066,1.0,0.00012260000000000049,1.0008119205298014,0.005729507430601014,0.08748317631224765,0.0008112618496505601,0.16236561632930666
frozenset({'Cooking Oil 1L'}),"frozenset({'Face Wash 100ml', 'Hand Sanitizer 200ml'})",0.1996,0.1318,0.0264,0.13226452905811623,1.0035244996822172,1.0,9.2720000000001e-05,1.0005353348729793,0.0043879575363833705,0.08655737704918032,0.0005350484428889949,0.1662840095973434
"frozenset({'Face Wash 100ml', 'Hand Sanitizer 200ml'})",frozenset({'Cooking Oil 1L'}),0.1318,0.1996,0.0264,0.20030349013657056,1.0035244996822172,1.0,9.2720000000001e-05,1.0008796963946869,0.004045290500024476,0.08655737704918032,0.0008789232091086475,0.1662840095973434
"frozenset({'Face Wash 100ml', 'Hand Sanitizer 200ml'})","frozenset({'Toor Dal 1kg', 'Cooking Oil 1L'})",0.1318,0.1544,0.0204,0.15477996965098637,1.002460943335404,1.0,5.008000000000096e-05,1.000449551166966,0.0028275765500856494,0.07674943566591422,0.0004493491615259649,0.1434521609912963
"frozenset({'Toor Dal 1kg', 'Cooking Oil 1L'})","frozenset({'Face Wash 100ml', 'Hand Sanitizer 200ml'})",0.1544,0.1318,0.0204,0.13212435233160622,1.0024609433354037,1.0,5.008000000000096e-05,1.0003737313432837,0.002903148014172612,0.07674943566591422,0.0003735917203480934,0.1434521609912963
frozenset({'Cooking Oil 1L'}),frozenset({'Face Wash 100ml'}),0.1996,0.157,0.0314,0.15731462925851702,1.002004008016032,1.0,6.27999999999948e-05,1.0003733650416171,0.0024987506246874494,0.09655596555965558,0.00037322569219101314,0.1786573146292585
frozenset({'Face Wash 100ml'}),frozenset({'Cooking Oil 1L'}),0.157,0.1996,0.0314,0.19999999999999998,1.002004008016032,1.0,6.27999999999948e-05,1.0005,0.002372479240806447,0.09655596555965558,0.0004997501249375108,0.1786573146292585
frozenset({'Hand Sanitizer 200ml'}),frozenset({'Basmati Rice 5kg'}),0.1662,0.1982,0.033,0.19855595667870038,1.0017959469157436,1.0,5.916000000000948e-05,1.0004441441441443,0.00215006868880734,0.09957754978877492,0.0004439469676981691,0.18252722152804848
frozenset({'Basmati Rice 5kg'}),frozenset({'Hand Sanitizer 200ml'}),0.1982,0.1662,0.033,0.1664984863773966,1.0017959469157436,1.0,5.916000000000948e-05,1.0003581113801454,0.0022358783645891243,0.09957754978877492,0.00035798318229383625,0.18252722152804848
frozenset({'Choco Cookies 150g'}),frozenset({'Poha 500g'}),0.1776,0.1698,0.0302,0.17004504504504506,1.0014431392523266,1.0,4.351999999999828e-05,1.000295251017639,0.001752261189991427,0.09520807061790668,0.00029516387020603503,0.17395067328812913
frozenset({'Poha 500g'}),frozenset({'Choco Cookies 150g'}),0.1698,0.1776,0.0302,0.17785630153121318,1.0014431392523264,1.0,4.351999999999828e-05,1.0003117478510029,0.0017357981241254512,0.09520807061790668,0.0003116506945685446,0.17395067328812913
frozenset({'Face Wash 100ml'}),frozenset({'Ghee 500ml'}),0.157,0.1706,0.0268,0.17070063694267518,1.000589900015681,1.0,1.5799999999999842e-05,1.000121351766513,0.0006993502239691154,0.08909574468085106,0.00012133704204868,0.16389662562256854
frozenset({'Ghee 500ml'}),frozenset({'Face Wash 100ml'}),0.1706,0.157,0.0268,0.1570926143024619,1.000589900015681,1.0,1.5799999999999842e-05,1.0001098748261474,0.0007108177463298339,0.08909574468085106,0.00010986275499633155,0.16389662562256854
frozenset({'Face Wash 100ml'}),frozenset({'Instant Coffee 100g'}),0.157,0.177,0.0278,0.1770700636942675,1.0003958400806074,1.0,1.1000000000000593e-05,1.0000851393188854,0.00046937538936824604,0.09079033311561072,8.513207079892308e-05,0.16706610529346144
frozenset({'Instant Coffee 100g'}),frozenset({'Face Wash 100ml'}),0.177,0.157,0.0278,0.15706214689265538,1.0003958400806074,1.0,1.1000000000000593e-05,1.000073726541555,0.00048078183868460685,0.09079033311561072,7.3721106352763e-05,0.16706610529346144
