antecedents_text,consequents_text,antecedent support,consequent support,support,confidence,lift,leverage,conviction
"Choco Cookies 150g, Face Wash 100ml","Hand Sanitizer 200ml, Instant Coffee 100g",0.0274,0.028,0.0206,0.7518248175182481,26.850886339937432,0.0198328,3.916588235294117
"Hand Sanitizer 200ml, Instant Coffee 100g","Choco Cookies 150g, Face Wash 100ml",0.028,0.0274,0.0206,0.7357142857142857,26.850886339937432,0.0198328,3.6801081081081075
"Choco Cookies 150g, Hand Sanitizer 200ml","Face Wash 100ml, Instant Coffee 100g",0.0276,0.0278,0.0206,0.7463768115942029,26.848086747992912,0.01983272,3.833245714285714
"Face Wash 100ml, Instant Coffee 100g","Choco Cookies 150g, Hand Sanitizer 200ml",0.0278,0.0276,0.0206,0.7410071942446044,26.848086747992912,0.01983272,3.7545444444444454
"Ghee 500ml, Instant Coffee 100g","Choco Cookies 150g, Poha 500g",0.0298,0.0302,0.0234,0.785234899328859,26.001155606915862,0.02250004,4.515631249999999
"Choco Cookies 150g, Poha 500g","Ghee 500ml, Instant Coffee 100g",0.0302,0.0298,0.0234,0.7748344370860927,26.001155606915862,0.02250004,4.308829411764705
"Instant Coffee 100g, Poha 500g","Choco Cookies 150g, Ghee 500ml",0.03,0.0308,0.0234,0.78,25.324675324675326,0.022476,4.405454545454546
"Choco Cookies 150g, Ghee 500ml","Instant Coffee 100g, Poha 500g",0.0308,0.03,0.0234,0.7597402597402597,25.324675324675326,0.022476,4.037297297297297
"Ghee 500ml, Toned Milk 1L","Poha 500g, White Bread 400g",0.0364,0.0368,0.0292,0.8021978021978021,21.79885332059245,0.02786048,4.86951111111111
"Poha 500g, White Bread 400g","Ghee 500ml, Toned Milk 1L",0.0368,0.0364,0.0292,0.7934782608695652,21.79885332059245,0.02786048,4.665852631578947
"Ghee 500ml, White Bread 400g","Poha 500g, Toned Milk 1L",0.0366,0.0368,0.0292,0.7978142076502732,21.679733903540033,0.027853120000000002,4.763935135135135
"Poha 500g, Toned Milk 1L","Ghee 500ml, White Bread 400g",0.0368,0.0366,0.0292,0.7934782608695652,21.679733903540033,0.027853120000000002,4.664884210526315
"Cola 750ml, Poha 500g","Ghee 500ml, Potato Chips 90g",0.0344,0.0368,0.0272,0.7906976744186046,21.48634984833165,0.025934079999999998,4.601955555555555
"Ghee 500ml, Potato Chips 90g","Cola 750ml, Poha 500g",0.0368,0.0344,0.0272,0.7391304347826086,21.486349848331646,0.025934079999999998,3.7014666666666662
"Poha 500g, Potato Chips 90g","Cola 750ml, Ghee 500ml",0.0356,0.0358,0.0272,0.7640449438202247,21.342037536877786,0.025925519999999997,4.086371428571428
"Cola 750ml, Ghee 500ml","Poha 500g, Potato Chips 90g",0.0358,0.0356,0.0272,0.7597765363128491,21.342037536877786,0.025925519999999997,4.014595348837209
"Cola 750ml, Face Wash 100ml","Hand Sanitizer 200ml, Potato Chips 90g",0.0318,0.0348,0.0236,0.7421383647798742,21.325815079881444,0.02249336,3.7430926829268287
"Hand Sanitizer 200ml, Potato Chips 90g","Cola 750ml, Face Wash 100ml",0.0348,0.0318,0.0236,0.67816091954023,21.325815079881444,0.02249336,3.008335714285715
"Face Wash 100ml, Potato Chips 90g","Cola 750ml, Hand Sanitizer 200ml",0.0324,0.0342,0.0236,0.7283950617283951,21.298101220128512,0.02249192,3.5559000000000003
"Cola 750ml, Hand Sanitizer 200ml","Face Wash 100ml, Potato Chips 90g",0.0342,0.0324,0.0236,0.6900584795321637,21.298101220128512,0.02249192,3.1218792452830186
"Choco Cookies 150g, Cola 750ml","Instant Coffee 100g, Potato Chips 90g",0.0366,0.0378,0.029,0.7923497267759563,20.961632983490908,0.027616520000000002,4.633752631578947
"Instant Coffee 100g, Potato Chips 90g","Choco Cookies 150g, Cola 750ml",0.0378,0.0366,0.029,0.7671957671957672,20.961632983490908,0.027616520000000002,4.13824090909091
"Choco Cookies 150g, Potato Chips 90g","Cola 750ml, Instant Coffee 100g",0.0374,0.038,0.029,0.7754010695187166,20.40529130312412,0.0275788,4.283190476190476
"Cola 750ml, Instant Coffee 100g","Choco Cookies 150g, Potato Chips 90g",0.038,0.0374,0.029,0.7631578947368421,20.40529130312412,0.0275788,4.064311111111111
"Basmati Rice 5kg, Choco Cookies 150g","Cooking Oil 1L, Instant Coffee 100g",0.0342,0.0366,0.0236,0.6900584795321637,18.85405681781868,0.022348279999999998,3.108328301886792
"Cooking Oil 1L, Instant Coffee 100g","Basmati Rice 5kg, Choco Cookies 150g",0.0366,0.0342,0.0236,0.6448087431693988,18.85405681781868,0.022348279999999998,2.719098461538461
"Basmati Rice 5kg, Instant Coffee 100g","Choco Cookies 150g, Toor Dal 1kg",0.0338,0.038,0.0242,0.7159763313609468,18.841482404235443,0.0229156,3.3870416666666676
"Choco Cookies 150g, Toor Dal 1kg","Basmati Rice 5kg, Instant Coffee 100g",0.038,0.0338,0.0242,0.6368421052631579,18.841482404235443,0.0229156,2.6605507246376807
"Instant Coffee 100g, Toor Dal 1kg","Basmati Rice 5kg, Choco Cookies 150g",0.0378,0.0342,0.0242,0.6402116402116402,18.719638602679538,0.02290724,2.6843558823529414
"Basmati Rice 5kg, Choco Cookies 150g","Instant Coffee 100g, Toor Dal 1kg",0.0342,0.0378,0.0242,0.7076023391812865,18.719638602679535,0.02290724,3.2907239999999987
"Cooking Oil 1L, Instant Coffee 100g","Choco Cookies 150g, Toor Dal 1kg",0.0366,0.038,0.0258,0.7049180327868853,18.550474547023295,0.0244092,3.260111111111111
"Choco Cookies 150g, Toor Dal 1kg","Cooking Oil 1L, Instant Coffee 100g",0.038,0.0366,0.0258,0.6789473684210526,18.550474547023295,0.0244092,3.0007540983606558
"Basmati Rice 5kg, Instant Coffee 100g","Choco Cookies 150g, Cooking Oil 1L",0.0338,0.0382,0.0236,0.6982248520710059,18.27813748876979,0.02230884,3.1871411764705884
"Choco Cookies 150g, Cooking Oil 1L","Basmati Rice 5kg, Instant Coffee 100g",0.0382,0.0338,0.0236,0.6178010471204188,18.27813748876979,0.02230884,2.528002739726027
"Face Wash 100ml, Toned Milk 1L","Hand Sanitizer 200ml, White Bread 400g",0.0396,0.042,0.0304,0.7676767676767676,18.278018278018276,0.0287368,4.123565217391303
"Hand Sanitizer 200ml, White Bread 400g","Face Wash 100ml, Toned Milk 1L",0.042,0.0396,0.0304,0.7238095238095238,18.278018278018276,0.0287368,3.477310344827586
"Choco Cookies 150g, Toned Milk 1L","Instant Coffee 100g, White Bread 400g",0.0442,0.0458,0.0368,0.8325791855203619,18.178584836689126,0.03477564,5.699410810810809
"Instant Coffee 100g, White Bread 400g","Choco Cookies 150g, Toned Milk 1L",0.0458,0.0442,0.0368,0.8034934497816594,18.178584836689126,0.03477564,4.86396
"Face Wash 100ml, Toor Dal 1kg","Cooking Oil 1L, Hand Sanitizer 200ml",0.0334,0.0338,0.0204,0.6107784431137725,18.070368139460726,0.019271080000000003,2.4823907692307694
"Cooking Oil 1L, Hand Sanitizer 200ml","Face Wash 100ml, Toor Dal 1kg",0.0338,0.0334,0.0204,0.6035502958579883,18.070368139460726,0.019271080000000003,2.4381402985074634
"Cooking Oil 1L, Poha 500g","Ghee 500ml, Toor Dal 1kg",0.0382,0.0392,0.027,0.7068062827225131,18.03077251843146,0.02550256,3.277014285714286
"Ghee 500ml, Toor Dal 1kg","Cooking Oil 1L, Poha 500g",0.0392,0.0382,0.027,0.6887755102040817,18.03077251843146,0.02550256,3.0903737704918037
"Choco Cookies 150g, White Bread 400g","Instant Coffee 100g, Toned Milk 1L",0.045,0.0454,0.0368,0.8177777777777778,18.012726382770435,0.034756999999999996,5.238658536585367
"Instant Coffee 100g, Toned Milk 1L","Choco Cookies 150g, White Bread 400g",0.0454,0.045,0.0368,0.8105726872246696,18.012726382770435,0.034756999999999996,5.041511627906976
"Hand Sanitizer 200ml, Toor Dal 1kg","Cooking Oil 1L, Face Wash 100ml",0.0362,0.0314,0.0204,0.56353591160221,17.94700355421051,0.01926332,2.2191974683544307
"Cooking Oil 1L, Face Wash 100ml","Hand Sanitizer 200ml, Toor Dal 1kg",0.0314,0.0362,0.0204,0.6496815286624205,17.947003554210507,0.01926332,2.7512109090909096
"Face Wash 100ml, White Bread 400g","Hand Sanitizer 200ml, Toned Milk 1L",0.0382,0.0444,0.0304,0.7958115183246074,17.923682845148814,0.02870392,4.679989743589745
"Hand Sanitizer 200ml, Toned Milk 1L","Face Wash 100ml, White Bread 400g",0.0444,0.0382,0.0304,0.6846846846846847,17.923682845148814,0.02870392,3.05028
"Basmati Rice 5kg, Poha 500g","Cooking Oil 1L, Ghee 500ml",0.0368,0.0376,0.0248,0.6739130434782609,17.923219241443107,0.023416319999999997,2.95136
"Cooking Oil 1L, Ghee 500ml","Basmati Rice 5kg, Poha 500g",0.0376,0.0368,0.0248,0.6595744680851063,17.923219241443107,0.023416319999999997,2.8293999999999997
"Instant Coffee 100g, Toor Dal 1kg","Choco Cookies 150g, Cooking Oil 1L",0.0378,0.0382,0.0258,0.6825396825396826,17.867530956536193,0.02435604,3.0296700000000003
"Choco Cookies 150g, Cooking Oil 1L","Instant Coffee 100g, Toor Dal 1kg",0.0382,0.0378,0.0258,0.675392670157068,17.867530956536193,0.02435604,2.964196774193548
"Basmati Rice 5kg, Ghee 500ml","Cooking Oil 1L, Poha 500g",0.0366,0.0382,0.0248,0.6775956284153005,17.73810545589792,0.02340188,2.983210169491525
"Cooking Oil 1L, Poha 500g","Basmati Rice 5kg, Ghee 500ml",0.0382,0.0366,0.0248,0.6492146596858639,17.73810545589792,0.02340188,2.7464089552238806
"Ghee 500ml, Toor Dal 1kg","Basmati Rice 5kg, Poha 500g",0.0392,0.0368,0.0254,0.6479591836734694,17.607586512866018,0.02395744,2.7360463768115943
"Basmati Rice 5kg, Poha 500g","Ghee 500ml, Toor Dal 1kg",0.0368,0.0392,0.0254,0.6902173913043478,17.607586512866014,0.02395744,3.101529824561403
"Cooking Oil 1L, Ghee 500ml","Poha 500g, Toor Dal 1kg",0.0376,0.0408,0.027,0.7180851063829787,17.600125156445557,0.02546592,3.402445283018868
"Poha 500g, Toor Dal 1kg","Cooking Oil 1L, Ghee 500ml",0.0408,0.0376,0.027,0.6617647058823529,17.600125156445557,0.02546592,2.8453565217391303
"Basmati Rice 5kg, Ghee 500ml","Poha 500g, Toor Dal 1kg",0.0366,0.0408,0.0254,0.6939890710382514,17.0095360548591,0.02390672,3.1345285714285716
"Poha 500g, Toor Dal 1kg","Basmati Rice 5kg, Ghee 500ml",0.0408,0.0366,0.0254,0.622549019607843,17.009536054859097,0.02390672,2.552384415584415
"Basmati Rice 5kg, Potato Chips 90g","Cola 750ml, Toor Dal 1kg",0.0438,0.0472,0.0322,0.7351598173515982,15.575419859144029,0.03013264,3.597641379310345
"Cola 750ml, Toor Dal 1kg","Basmati Rice 5kg, Potato Chips 90g",0.0472,0.0438,0.0322,0.6822033898305084,15.575419859144029,0.03013264,3.0088426666666663
"Basmati Rice 5kg, Cola 750ml","Cooking Oil 1L, Potato Chips 90g",0.0436,0.0456,0.0308,0.7064220183486238,15.491710928697891,0.028811840000000002,3.250925
"Cooking Oil 1L, Potato Chips 90g","Basmati Rice 5kg, Cola 750ml",0.0456,0.0436,0.0308,0.6754385964912281,15.491710928697891,0.028811840000000002,2.946745945945946
"Basmati Rice 5kg, Cola 750ml","Potato Chips 90g, Toor Dal 1kg",0.0436,0.0478,0.0322,0.7385321100917431,15.450462554220566,0.03011592,3.641747368421053
"Potato Chips 90g, Toor Dal 1kg","Basmati Rice 5kg, Cola 750ml",0.0478,0.0436,0.0322,0.6736401673640167,15.450462554220566,0.03011592,2.9305076923076916
"Basmati Rice 5kg, Potato Chips 90g","Cola 750ml, Cooking Oil 1L",0.0438,0.0456,0.0308,0.7031963470319635,15.420972522630779,0.02880272,3.215593846153847
"Cola 750ml, Cooking Oil 1L","Basmati Rice 5kg, Potato Chips 90g",0.0456,0.0438,0.0308,0.6754385964912281,15.420972522630779,0.02880272,2.94612972972973
"Cooking Oil 1L, Potato Chips 90g","Cola 750ml, Toor Dal 1kg",0.0456,0.0472,0.033,0.7236842105263158,15.332292595896522,0.030847680000000002,3.448228571428572
"Cola 750ml, Toor Dal 1kg","Cooking Oil 1L, Potato Chips 90g",0.0472,0.0456,0.033,0.6991525423728814,15.33229259589652,0.030847680000000002,3.1723718309859157
"Cola 750ml, Cooking Oil 1L","Potato Chips 90g, Toor Dal 1kg",0.0456,0.0478,0.033,0.7236842105263158,15.139837040299494,0.030820320000000002,3.4460571428571436
"Potato Chips 90g, Toor Dal 1kg","Cola 750ml, Cooking Oil 1L",0.0478,0.0456,0.033,0.6903765690376569,15.139837040299492,0.030820320000000002,3.082454054054054
"Cola 750ml, Cooking Oil 1L, Toor Dal 1kg","Basmati Rice 5kg, Potato Chips 90g",0.036,0.0438,0.0238,0.6611111111111112,15.093860984271945,0.022223200000000002,2.821573770491804
"Basmati Rice 5kg, Potato Chips 90g","Cola 750ml, Cooking Oil 1L, Toor Dal 1kg",0.0438,0.036,0.0238,0.54337899543379,15.093860984271945,0.022223200000000002,2.11116
"Cooking Oil 1L, Potato Chips 90g","Basmati Rice 5kg, Cola 750ml, Toor Dal 1kg",0.0456,0.0348,0.0238,0.5219298245614036,14.99798346440815,0.022213120000000003,2.018950458715597
"Basmati Rice 5kg, Cola 750ml, Toor Dal 1kg","Cooking Oil 1L, Potato Chips 90g",0.0348,0.0456,0.0238,0.6839080459770116,14.997983464408149,0.022213120000000003,3.0193745454545464
"Basmati Rice 5kg, Cola 750ml","Cooking Oil 1L, Potato Chips 90g, Toor Dal 1kg",0.0436,0.0364,0.0238,0.5458715596330276,14.996471418489769,0.02221296,2.121866666666667
"Cooking Oil 1L, Potato Chips 90g, Toor Dal 1kg","Basmati Rice 5kg, Cola 750ml",0.0364,0.0436,0.0238,0.6538461538461539,14.996471418489767,0.02221296,2.7629333333333337
"Basmati Rice 5kg, Potato Chips 90g, Toor Dal 1kg","Cola 750ml, Cooking Oil 1L",0.0352,0.0456,0.0238,0.6761363636363636,14.827551834130782,0.02219488,2.9469192982456143
"Cola 750ml, Cooking Oil 1L","Basmati Rice 5kg, Potato Chips 90g, Toor Dal 1kg",0.0456,0.0352,0.0238,0.5219298245614036,14.827551834130782,0.02219488,2.01811376146789
"Basmati Rice 5kg, Cola 750ml, Cooking Oil 1L","Potato Chips 90g, Toor Dal 1kg",0.0336,0.0478,0.0238,0.7083333333333335,14.8186889818689,0.022193920000000002,3.264685714285716
"Potato Chips 90g, Toor Dal 1kg","Basmati Rice 5kg, Cola 750ml, Cooking Oil 1L",0.0478,0.0336,0.0238,0.497907949790795,14.818688981868899,0.022193920000000002,1.9247466666666668
"Cola 750ml, Toor Dal 1kg","Basmati Rice 5kg, Cooking Oil 1L, Potato Chips 90g",0.0472,0.0342,0.0238,0.5042372881355933,14.74378035484191,0.022185760000000002,1.948109401709402
"Basmati Rice 5kg, Cooking Oil 1L, Potato Chips 90g","Cola 750ml, Toor Dal 1kg",0.0342,0.0472,0.0238,0.695906432748538,14.743780354841908,0.022185760000000002,3.133246153846154
"Cola 750ml, Toned Milk 1L","Potato Chips 90g, White Bread 400g",0.057,0.058,0.0484,0.8491228070175438,14.640048396854203,0.045093999999999995,6.243488372093022
"Potato Chips 90g, White Bread 400g","Cola 750ml, Toned Milk 1L",0.058,0.057,0.0484,0.8344827586206895,14.640048396854201,0.045093999999999995,5.697291666666662
"Toned Milk 1L, Toor Dal 1kg","Basmati Rice 5kg, White Bread 400g",0.0534,0.048,0.0374,0.700374531835206,14.591136079900126,0.0348368,3.1773000000000002
"Basmati Rice 5kg, White Bread 400g","Toned Milk 1L, Toor Dal 1kg",0.048,0.0534,0.0374,0.7791666666666667,14.591136079900124,0.0348368,4.286490566037736
"Cola 750ml, White Bread 400g","Potato Chips 90g, Toned Milk 1L",0.0568,0.0584,0.0484,0.852112676056338,14.590970480416747,0.04508288,6.367009523809522
"Potato Chips 90g, Toned Milk 1L","Cola 750ml, White Bread 400g",0.0584,0.0568,0.0484,0.8287671232876712,14.590970480416745,0.04508288,5.508287999999999
"Basmati Rice 5kg, Toned Milk 1L","Toor Dal 1kg, White Bread 400g",0.0484,0.054,0.0374,0.7727272727272728,14.309764309764311,0.0347864,4.162400000000002
"Toor Dal 1kg, White Bread 400g","Basmati Rice 5kg, Toned Milk 1L",0.054,0.0484,0.0374,0.6925925925925926,14.309764309764311,0.0347864,3.0955662650602416
"Cooking Oil 1L, White Bread 400g","Toned Milk 1L, Toor Dal 1kg",0.0464,0.0534,0.0354,0.7629310344827587,14.287098024021697,0.03292224,3.99293090909091
"Toned Milk 1L, Toor Dal 1kg","Cooking Oil 1L, White Bread 400g",0.0534,0.0464,0.0354,0.6629213483146067,14.287098024021697,0.03292224,2.829013333333333
"Cooking Oil 1L, Toned Milk 1L","Toor Dal 1kg, White Bread 400g",0.0468,0.054,0.0354,0.7564102564102564,14.007597340930674,0.0328728,3.8835789473684206
"Toor Dal 1kg, White Bread 400g","Cooking Oil 1L, Toned Milk 1L",0.054,0.0468,0.0354,0.6555555555555556,14.007597340930674,0.0328728,2.7673548387096774
"Basmati Rice 5kg, Cooking Oil 1L, White Bread 400g","Toned Milk 1L, Toor Dal 1kg",0.0318,0.0534,0.0234,0.7358490566037735,13.779944880220476,0.02170188,3.583557142857142
"Toned Milk 1L, Toor Dal 1kg","Basmati Rice 5kg, Cooking Oil 1L, White Bread 400g",0.0534,0.0318,0.0234,0.4382022471910112,13.779944880220476,0.02170188,1.7233959999999997
"Basmati Rice 5kg, Cooking Oil 1L, Toned Milk 1L","Toor Dal 1kg, White Bread 400g",0.0324,0.054,0.0234,0.7222222222222223,13.374485596707821,0.0216504,3.405600000000001
"Toor Dal 1kg, White Bread 400g","Basmati Rice 5kg, Cooking Oil 1L, Toned Milk 1L",0.054,0.0324,0.0234,0.43333333333333335,13.374485596707821,0.0216504,1.707529411764706
"Cooking Oil 1L, White Bread 400g","Basmati Rice 5kg, Toned Milk 1L",0.0464,0.0484,0.0298,0.6422413793103449,13.269449985750928,0.02755424,2.6598939759036146
"Basmati Rice 5kg, Toned Milk 1L","Cooking Oil 1L, White Bread 400g",0.0484,0.0464,0.0298,0.615702479338843,13.269449985750928,0.02755424,2.4814107526881726
"Cooking Oil 1L, Toned Milk 1L","Basmati Rice 5kg, White Bread 400g",0.0468,0.048,0.0298,0.6367521367521367,13.265669515669515,0.0275536,2.6207999999999996
"Basmati Rice 5kg, White Bread 400g","Cooking Oil 1L, Toned Milk 1L",0.048,0.0468,0.0298,0.6208333333333333,13.265669515669515,0.0275536,2.513934065934066
"Cooking Oil 1L, Toned Milk 1L, Toor Dal 1kg","Basmati Rice 5kg, White Bread 400g",0.0374,0.048,0.0234,0.6256684491978609,13.034759358288769,0.0216048,2.5431999999999997
"Basmati Rice 5kg, White Bread 400g","Cooking Oil 1L, Toned Milk 1L, Toor Dal 1kg",0.048,0.0374,0.0234,0.4875,13.034759358288769,0.0216048,1.8782439024390245
"Basmati Rice 5kg, Toned Milk 1L, Toor Dal 1kg","Cooking Oil 1L, White Bread 400g",0.0392,0.0464,0.0234,0.5969387755102041,12.865059817030263,0.021581120000000002,2.3658936708860763
"Cooking Oil 1L, White Bread 400g","Basmati Rice 5kg, Toned Milk 1L, Toor Dal 1kg",0.0464,0.0392,0.0234,0.5043103448275863,12.865059817030263,0.021581120000000002,1.9383095652173916
"Cooking Oil 1L, Toor Dal 1kg, White Bread 400g","Basmati Rice 5kg, Toned Milk 1L",0.0376,0.0484,0.0234,0.6223404255319149,12.858273254791632,0.02158016,2.519729577464789
"Basmati Rice 5kg, Toned Milk 1L","Cooking Oil 1L, Toor Dal 1kg, White Bread 400g",0.0484,0.0376,0.0234,0.48347107438016534,12.858273254791632,0.02158016,1.8632064000000004
"Cooking Oil 1L, Toned Milk 1L","Basmati Rice 5kg, Toor Dal 1kg, White Bread 400g",0.0468,0.039,0.0234,0.5,12.820512820512821,0.0215748,1.922
"Basmati Rice 5kg, Toor Dal 1kg, White Bread 400g","Cooking Oil 1L, Toned Milk 1L",0.039,0.0468,0.0234,0.6,12.82051282051282,0.0215748,2.383
"Choco Cookies 150g, Hand Sanitizer 200ml, Instant Coffee 100g",Face Wash 100ml,0.0234,0.157,0.0206,0.8803418803418803,5.60727312319669,0.0169262,7.045071428571427
Face Wash 100ml,"Choco Cookies 150g, Hand Sanitizer 200ml, Instant Coffee 100g",0.157,0.0234,0.0206,0.13121019108280255,5.6072731231966895,0.0169262,1.1240923753665688
Face Wash 100ml,"Hand Sanitizer 200ml, Instant Coffee 100g",0.157,0.028,0.0238,0.1515923566878981,5.414012738853504,0.019404,1.1456756756756756
"Hand Sanitizer 200ml, Instant Coffee 100g",Face Wash 100ml,0.028,0.157,0.0238,0.8500000000000001,5.414012738853503,0.019404,5.620000000000003
"Choco Cookies 150g, Hand Sanitizer 200ml",Face Wash 100ml,0.0276,0.157,0.0234,0.8478260869565217,5.400166158958737,0.019066800000000002,5.539714285714285
Face Wash 100ml,"Choco Cookies 150g, Hand Sanitizer 200ml",0.157,0.0276,0.0234,0.14904458598726114,5.400166158958737,0.019066800000000002,1.1427155688622754
Ghee 500ml,"Basmati Rice 5kg, Cooking Oil 1L, Poha 500g",0.1706,0.0274,0.0248,0.14536928487690504,5.305448353171717,0.02012556,1.138035390946502
"Basmati Rice 5kg, Cooking Oil 1L, Poha 500g",Ghee 500ml,0.0274,0.1706,0.0248,0.9051094890510948,5.305448353171716,0.02012556,8.74059999999999
"Cooking Oil 1L, Ghee 500ml, Toor Dal 1kg",Poha 500g,0.03,0.1698,0.027,0.9,5.30035335689046,0.021906,8.302000000000003
Poha 500g,"Cooking Oil 1L, Ghee 500ml, Toor Dal 1kg",0.1698,0.03,0.027,0.15901060070671377,5.30035335689046,0.021906,1.1534033613445378
"Cooking Oil 1L, Ghee 500ml",Poha 500g,0.0376,0.1698,0.0338,0.8989361702127658,5.294088163797207,0.027415519999999995,8.21461052631578
Poha 500g,"Cooking Oil 1L, Ghee 500ml",0.1698,0.0376,0.0338,0.199057714958775,5.294088163797207,0.027415519999999995,1.201584705882353
"Basmati Rice 5kg, Cooking Oil 1L, Ghee 500ml",Poha 500g,0.0276,0.1698,0.0248,0.8985507246376812,5.291818166299653,0.02011352,8.1834
Poha 500g,"Basmati Rice 5kg, Cooking Oil 1L, Ghee 500ml",0.1698,0.0276,0.0248,0.14605418138987042,5.291818166299653,0.02011352,1.1387139310344827
"Ghee 500ml, Toor Dal 1kg",Poha 500g,0.0392,0.1698,0.035,0.892857142857143,5.258287060407202,0.028343840000000002,7.748533333333345
Poha 500g,"Ghee 500ml, Toor Dal 1kg",0.1698,0.0392,0.035,0.20612485276796233,5.258287060407202,0.028343840000000002,1.21026587537092
Poha 500g,"Basmati Rice 5kg, Ghee 500ml",0.1698,0.0366,0.0326,0.19199057714958773,5.2456441844149655,0.026385319999999997,1.1923128279883384
"Basmati Rice 5kg, Ghee 500ml",Poha 500g,0.0366,0.1698,0.0326,0.8907103825136611,5.245644184414965,0.026385319999999997,7.596329999999992
"Face Wash 100ml, Ghee 500ml",Poha 500g,0.0268,0.1698,0.0238,0.8880597014925373,5.230033577694566,0.01924936,7.416453333333334
Poha 500g,"Face Wash 100ml, Ghee 500ml",0.1698,0.0268,0.0238,0.14016489988221437,5.230033577694566,0.01924936,1.1318449315068493
"Basmati Rice 5kg, Ghee 500ml, Toor Dal 1kg",Poha 500g,0.0288,0.1698,0.0254,0.8819444444444444,5.194019107446669,0.02050976,7.032282352941175
Poha 500g,"Basmati Rice 5kg, Ghee 500ml, Toor Dal 1kg",0.1698,0.0288,0.0254,0.14958775029446406,5.194019107446668,0.02050976,1.1420343490304707
"Basmati Rice 5kg, Poha 500g",Ghee 500ml,0.0368,0.1706,0.0326,0.8858695652173912,5.192670370559151,0.02632192,7.267123809523806
Ghee 500ml,"Basmati Rice 5kg, Poha 500g",0.1706,0.0368,0.0326,0.19109026963657677,5.192670370559151,0.02632192,1.1907385507246377
"Cooking Oil 1L, Poha 500g",Ghee 500ml,0.0382,0.1706,0.0338,0.8848167539267016,5.186499143767301,0.027283079999999998,7.200699999999999
Ghee 500ml,"Cooking Oil 1L, Poha 500g",0.1706,0.0382,0.0338,0.19812426729191088,5.186499143767301,0.027283079999999998,1.1994377192982455
"Hand Sanitizer 200ml, Poha 500g",Face Wash 100ml,0.0268,0.157,0.0218,0.8134328358208955,5.181100865101246,0.0175924,4.51848
Face Wash 100ml,"Hand Sanitizer 200ml, Poha 500g",0.157,0.0268,0.0218,0.13885350318471337,5.181100865101245,0.0175924,1.130121301775148
"Hand Sanitizer 200ml, Poha 500g",Ghee 500ml,0.0268,0.1706,0.0236,0.8805970149253731,5.161764448566079,0.01902792,6.946224999999999
Ghee 500ml,"Hand Sanitizer 200ml, Poha 500g",0.1706,0.0268,0.0236,0.13833528722157093,5.161764448566079,0.01902792,1.1294416326530612
"Choco Cookies 150g, Instant Coffee 100g, Poha 500g",Ghee 500ml,0.0266,0.1706,0.0234,0.8796992481203009,5.156502040564483,0.01886204,6.894387500000007
Ghee 500ml,"Choco Cookies 150g, Instant Coffee 100g, Poha 500g",0.1706,0.0266,0.0234,0.13716295427901523,5.156502040564483,0.01886204,1.1281388586956522
"Face Wash 100ml, Instant Coffee 100g",Hand Sanitizer 200ml,0.0278,0.1662,0.0238,0.8561151079136692,5.15111376602689,0.01917964,5.794910000000004
Hand Sanitizer 200ml,"Face Wash 100ml, Instant Coffee 100g",0.1662,0.0278,0.0238,0.14320096269554755,5.15111376602689,0.01917964,1.1346884831460673
"Ghee 500ml, Hand Sanitizer 200ml",Poha 500g,0.027,0.1698,0.0236,0.8740740740740741,5.147668280766043,0.0190154,6.592764705882355
Poha 500g,"Ghee 500ml, Hand Sanitizer 200ml",0.1698,0.027,0.0236,0.13898704358068315,5.147668280766043,0.0190154,1.1300642954856361
"Basmati Rice 5kg, Choco Cookies 150g, Toor Dal 1kg",Instant Coffee 100g,0.0266,0.177,0.0242,0.9097744360902256,5.1399685654815,0.0194918,9.121583333333334
Instant Coffee 100g,"Basmati Rice 5kg, Choco Cookies 150g, Toor Dal 1kg",0.177,0.0266,0.0242,0.1367231638418079,5.1399685654815,0.0194918,1.1275641361256545
"Choco Cookies 150g, Face Wash 100ml",Hand Sanitizer 200ml,0.0274,0.1662,0.0234,0.8540145985401459,5.1384753221428765,0.01884612,5.711529999999998
Hand Sanitizer 200ml,"Choco Cookies 150g, Face Wash 100ml",0.1662,0.0274,0.0234,0.1407942238267148,5.138475322142876,0.01884612,1.131975630252101
Hand Sanitizer 200ml,"Face Wash 100ml, Toor Dal 1kg",0.1662,0.0334,0.0284,0.17087845968712398,5.1161215475186825,0.02284892,1.165812191582003
"Face Wash 100ml, Toor Dal 1kg",Hand Sanitizer 200ml,0.0334,0.1662,0.0284,0.8502994011976048,5.116121547518682,0.02284892,5.569784000000001
"Cooking Oil 1L, Face Wash 100ml, Toor Dal 1kg",Hand Sanitizer 200ml,0.024,0.1662,0.0204,0.8500000000000001,5.114320096269556,0.0164112,5.55866666666667
Hand Sanitizer 200ml,"Cooking Oil 1L, Face Wash 100ml, Toor Dal 1kg",0.1662,0.024,0.0204,0.12274368231046934,5.114320096269555,0.0164112,1.112559670781893
Choco Cookies 150g,"Basmati Rice 5kg, Cooking Oil 1L, Instant Coffee 100g",0.1776,0.026,0.0236,0.13288288288288289,5.110880110880111,0.0189824,1.1232623376623376
"Basmati Rice 5kg, Cooking Oil 1L, Instant Coffee 100g",Choco Cookies 150g,0.026,0.1776,0.0236,0.9076923076923077,5.11088011088011,0.0189824,8.909333333333333
"Ghee 500ml, Instant Coffee 100g, Poha 500g",Choco Cookies 150g,0.0258,0.1776,0.0234,0.9069767441860466,5.106851037083596,0.018817920000000002,8.840800000000005
Choco Cookies 150g,"Ghee 500ml, Instant Coffee 100g, Poha 500g",0.1776,0.0258,0.0234,0.13175675675675674,5.106851037083595,0.018817920000000002,1.1220357976653696
"Cooking Oil 1L, Poha 500g, Toor Dal 1kg",Ghee 500ml,0.031,0.1706,0.027,0.8709677419354839,5.105320878871535,0.0217114,6.42785
Ghee 500ml,"Cooking Oil 1L, Poha 500g, Toor Dal 1kg",0.1706,0.031,0.027,0.15826494724501758,5.1053208788715345,0.0217114,1.1511935933147632
"Poha 500g, Potato Chips 90g",Ghee 500ml,0.0356,0.1706,0.031,0.8707865168539326,5.104258598205935,0.02492664,6.418834782608696
Ghee 500ml,"Poha 500g, Potato Chips 90g",0.1706,0.0356,0.031,0.1817116060961313,5.104258598205935,0.02492664,1.178557593123209
Poha 500g,"Choco Cookies 150g, Ghee 500ml, Instant Coffee 100g",0.1698,0.027,0.0234,0.13780918727915195,5.104043973301924,0.0188154,1.1285204918032787
"Choco Cookies 150g, Ghee 500ml, Instant Coffee 100g",Poha 500g,0.027,0.1698,0.0234,0.8666666666666667,5.104043973301923,0.0188154,6.2265000000000015
"Ghee 500ml, Instant Coffee 100g",Choco Cookies 150g,0.0298,0.1776,0.027,0.9060402684563759,5.10157808815527,0.02170752,8.752685714285716
Choco Cookies 150g,"Ghee 500ml, Instant Coffee 100g",0.1776,0.0298,0.027,0.15202702702702703,5.10157808815527,0.02170752,1.1441402390438247
"Basmati Rice 5kg, Poha 500g, Toor Dal 1kg",Ghee 500ml,0.0292,0.1706,0.0254,0.8698630136986301,5.098845332348359,0.02041848,6.373284210526312
Ghee 500ml,"Basmati Rice 5kg, Poha 500g, Toor Dal 1kg",0.1706,0.0292,0.0254,0.1488862837045721,5.098845332348359,0.02041848,1.1406231404958678
"Ghee 500ml, Instant Coffee 100g",Poha 500g,0.0298,0.1698,0.0258,0.8657718120805369,5.098773922735789,0.02073996,6.184989999999999
Poha 500g,"Ghee 500ml, Instant Coffee 100g",0.1698,0.0298,0.0258,0.1519434628975265,5.098773922735789,0.02073996,1.1440275
Ghee 500ml,"Face Wash 100ml, Poha 500g",0.1706,0.0274,0.0238,0.13950762016412663,5.091518984092213,0.01912556,1.13028310626703
"Face Wash 100ml, Poha 500g",Ghee 500ml,0.0274,0.1706,0.0238,0.8686131386861314,5.091518984092212,0.01912556,6.312655555555558
"Choco Cookies 150g, Ghee 500ml, Poha 500g",Instant Coffee 100g,0.026,0.177,0.0234,0.9,5.084745762711865,0.018798000000000002,8.230000000000002
Instant Coffee 100g,"Choco Cookies 150g, Ghee 500ml, Poha 500g",0.177,0.026,0.0234,0.13220338983050847,5.084745762711864,0.018798000000000002,1.1223828125
"Choco Cookies 150g, Face Wash 100ml, Instant Coffee 100g",Hand Sanitizer 200ml,0.0244,0.1662,0.0206,0.8442622950819672,5.0797972026592495,0.01654472,5.353873684210524
Hand Sanitizer 200ml,"Choco Cookies 150g, Face Wash 100ml, Instant Coffee 100g",0.1662,0.0244,0.0206,0.1239470517448857,5.0797972026592495,0.01654472,1.1136313186813187
"Cola 750ml, Poha 500g, Potato Chips 90g",Ghee 500ml,0.0314,0.1706,0.0272,0.8662420382165605,5.077620388139276,0.02184316,6.200752380952382
Ghee 500ml,"Cola 750ml, Poha 500g, Potato Chips 90g",0.1706,0.0314,0.0272,0.15943728018757325,5.077620388139276,0.02184316,1.1523232914923291
"Cooking Oil 1L, Instant Coffee 100g",Choco Cookies 150g,0.0366,0.1776,0.033,0.9016393442622951,5.076798109584995,0.02649984,8.361066666666668
Choco Cookies 150g,"Cooking Oil 1L, Instant Coffee 100g",0.1776,0.0366,0.033,0.1858108108108108,5.076798109584995,0.02649984,1.183263070539419
"Cooking Oil 1L, Hand Sanitizer 200ml, Toor Dal 1kg",Face Wash 100ml,0.0256,0.157,0.0204,0.796875,5.0756369426751595,0.0163808,4.150153846153846
Face Wash 100ml,"Cooking Oil 1L, Hand Sanitizer 200ml, Toor Dal 1kg",0.157,0.0256,0.0204,0.12993630573248408,5.075636942675159,0.0163808,1.119918008784773
"Face Wash 100ml, Toned Milk 1L",Hand Sanitizer 200ml,0.0396,0.1662,0.0334,0.8434343434343433,5.074815544129623,0.02681848,5.325561290322576
Hand Sanitizer 200ml,"Face Wash 100ml, Toned Milk 1L",0.1662,0.0396,0.0334,0.2009626955475331,5.074815544129623,0.02681848,1.2019463855421688
Poha 500g,Ghee 500ml,0.1698,0.1706,0.1468,0.8645465253239105,5.067681860046369,0.11783212000000001,6.123135652173915
Ghee 500ml,Poha 500g,0.1706,0.1698,0.1468,0.8604923798358735,5.067681860046369,0.11783212000000001,5.950929411764709
Choco Cookies 150g,"Basmati Rice 5kg, Instant Coffee 100g",0.1776,0.0338,0.0304,0.17117117117117117,5.064235833466603,0.02439712,1.165741304347826
"Basmati Rice 5kg, Instant Coffee 100g",Choco Cookies 150g,0.0338,0.1776,0.0304,0.8994082840236687,5.064235833466602,0.02439712,8.175623529411768
"Cooking Oil 1L, Face Wash 100ml",Hand Sanitizer 200ml,0.0314,0.1662,0.0264,0.8407643312101911,5.058750488629309,0.02118132,5.236264000000001
Hand Sanitizer 200ml,"Cooking Oil 1L, Face Wash 100ml",0.1662,0.0314,0.0264,0.1588447653429603,5.058750488629309,0.02118132,1.1515115879828326
Face Wash 100ml,Hand Sanitizer 200ml,0.157,0.1662,0.1318,0.8394904458598726,5.051085715161689,0.1057066,5.19470634920635
Hand Sanitizer 200ml,Face Wash 100ml,0.1662,0.157,0.1318,0.7930204572803852,5.051085715161689,0.1057066,4.072866279069769
"Ghee 500ml, Hand Sanitizer 200ml",Face Wash 100ml,0.027,0.157,0.0214,0.7925925925925925,5.048360462373201,0.017161,4.064464285714284
Face Wash 100ml,"Ghee 500ml, Hand Sanitizer 200ml",0.157,0.027,0.0214,0.13630573248407643,5.048360462373201,0.017161,1.1265560471976401
"Choco Cookies 150g, Poha 500g",Ghee 500ml,0.0302,0.1706,0.026,0.8609271523178808,5.046466309014542,0.02084788,5.963780952380951
Ghee 500ml,"Choco Cookies 150g, Poha 500g",0.1706,0.0302,0.026,0.15240328253223914,5.046466309014541,0.02084788,1.1441762102351314
"Cola 750ml, Poha 500g",Ghee 500ml,0.0344,0.1706,0.0296,0.8604651162790699,5.043758008669812,0.02373136,5.944033333333337
Ghee 500ml,"Cola 750ml, Poha 500g",0.1706,0.0344,0.0296,0.17350527549824152,5.043758008669812,0.02373136,1.1683075177304967
Ghee 500ml,"Instant Coffee 100g, Poha 500g",0.1706,0.03,0.0258,0.15123094958968347,5.041031652989449,0.020682,1.1428314917127071
"Instant Coffee 100g, Poha 500g",Ghee 500ml,0.03,0.1706,0.0258,0.86,5.0410316529894486,0.020682,5.9242857142857135
"Choco Cookies 150g, Toned Milk 1L",Instant Coffee 100g,0.0442,0.177,0.0394,0.8914027149321265,5.036173530689981,0.031576599999999996,7.578458333333321
Instant Coffee 100g,"Choco Cookies 150g, Toned Milk 1L",0.177,0.0442,0.0394,0.22259887005649717,5.036173530689981,0.031576599999999996,1.2294811046511627
Instant Coffee 100g,"Choco Cookies 150g, Face Wash 100ml",0.177,0.0274,0.0244,0.1378531073446328,5.031135304548642,0.019550200000000004,1.1281140235910878
"Choco Cookies 150g, Face Wash 100ml",Instant Coffee 100g,0.0274,0.177,0.0244,0.8905109489051095,5.031135304548641,0.019550200000000004,7.516733333333335
"Poha 500g, Toor Dal 1kg",Ghee 500ml,0.0408,0.1706,0.035,0.857843137254902,5.028388846746202,0.028039520000000002,5.834400000000002
Ghee 500ml,"Poha 500g, Toor Dal 1kg",0.1706,0.0408,0.035,0.20515826494724504,5.028388846746202,0.028039520000000002,1.2067811209439527
"Ghee 500ml, Toned Milk 1L, White Bread 400g",Poha 500g,0.0342,0.1698,0.0292,0.8538011695906432,5.028275439285296,0.023392839999999998,5.6785679999999985
Poha 500g,"Ghee 500ml, Toned Milk 1L, White Bread 400g",0.1698,0.0342,0.0292,0.17196702002355713,5.028275439285296,0.023392839999999998,1.1663786628733996
Hand Sanitizer 200ml,"Face Wash 100ml, Toned Milk 1L, White Bread 400g",0.1662,0.0364,0.0304,0.18291215403128763,5.025059176683726,0.02435032,1.1793101620029456
"Face Wash 100ml, Toned Milk 1L, White Bread 400g",Hand Sanitizer 200ml,0.0364,0.1662,0.0304,0.8351648351648351,5.025059176683725,0.02435032,5.058386666666664
Instant Coffee 100g,"Choco Cookies 150g, Toned Milk 1L, White Bread 400g",0.177,0.0414,0.0368,0.20790960451977403,5.02197112366604,0.0294722,1.2102154065620543
"Choco Cookies 150g, Toned Milk 1L, White Bread 400g",Instant Coffee 100g,0.0414,0.177,0.0368,0.8888888888888888,5.021971123666039,0.0294722,7.4069999999999965
"Basmati Rice 5kg, Choco Cookies 150g",Instant Coffee 100g,0.0342,0.177,0.0304,0.8888888888888888,5.021971123666039,0.0243466,7.4069999999999965
Instant Coffee 100g,"Basmati Rice 5kg, Choco Cookies 150g",0.177,0.0342,0.0304,0.17175141242937855,5.021971123666039,0.0243466,1.166075034106412
"Ghee 500ml, White Bread 400g",Poha 500g,0.0366,0.1698,0.0312,0.8524590163934426,5.02037112128058,0.02498532,5.626911111111109
Poha 500g,"Ghee 500ml, White Bread 400g",0.1698,0.0366,0.0312,0.18374558303886923,5.02037112128058,0.02498532,1.180269264069264
"Ghee 500ml, Toned Milk 1L",Poha 500g,0.0364,0.1698,0.031,0.8516483516483516,5.015596888388408,0.02481928,5.596162962962962
Poha 500g,"Ghee 500ml, Toned Milk 1L",0.1698,0.0364,0.031,0.18256772673733804,5.015596888388408,0.02481928,1.1788132564841498
"Cooking Oil 1L, Instant Coffee 100g, Toor Dal 1kg",Choco Cookies 150g,0.029,0.1776,0.0258,0.8896551724137931,5.009319664492078,0.0206496,7.453
Choco Cookies 150g,"Cooking Oil 1L, Instant Coffee 100g, Toor Dal 1kg",0.1776,0.029,0.0258,0.14527027027027026,5.009319664492078,0.0206496,1.1360316205533596
"Hand Sanitizer 200ml, Toor Dal 1kg",Face Wash 100ml,0.0362,0.157,0.0284,0.7845303867403315,4.997008832740965,0.0227166,3.912384615384615
Face Wash 100ml,"Hand Sanitizer 200ml, Toor Dal 1kg",0.157,0.0362,0.0284,0.18089171974522295,4.997008832740965,0.0227166,1.1766454121306376
"Choco Cookies 150g, White Bread 400g",Instant Coffee 100g,0.045,0.177,0.0398,0.8844444444444445,4.996861268047709,0.031835,7.122115384615387
Instant Coffee 100g,"Choco Cookies 150g, White Bread 400g",0.177,0.045,0.0398,0.22485875706214692,4.996861268047709,0.031835,1.232033527696793
Choco Cookies 150g,"Instant Coffee 100g, Poha 500g",0.1776,0.03,0.0266,0.14977477477477477,4.9924924924924925,0.021272,1.1408741721854303
"Instant Coffee 100g, Poha 500g",Choco Cookies 150g,0.03,0.1776,0.0266,0.8866666666666666,4.992492492492492,0.021272,7.25647058823529
Hand Sanitizer 200ml,"Face Wash 100ml, White Bread 400g",0.1662,0.0382,0.0316,0.19013237063778585,4.977287189470834,0.025251160000000005,1.187601485884101
"Face Wash 100ml, White Bread 400g",Hand Sanitizer 200ml,0.0382,0.1662,0.0316,0.8272251308900525,4.977287189470833,0.025251160000000005,4.825933333333336
"Choco Cookies 150g, Poha 500g",Instant Coffee 100g,0.0302,0.177,0.0266,0.8807947019867549,4.976241254162457,0.0212546,6.904055555555552
Instant Coffee 100g,"Choco Cookies 150g, Poha 500g",0.177,0.0302,0.0266,0.15028248587570622,4.976241254162457,0.0212546,1.1413204787234044
"Basmati Rice 5kg, Choco Cookies 150g, Cooking Oil 1L",Instant Coffee 100g,0.0268,0.177,0.0236,0.8805970149253731,4.975124378109453,0.0188564,6.892624999999999
Instant Coffee 100g,"Basmati Rice 5kg, Choco Cookies 150g, Cooking Oil 1L",0.177,0.0268,0.0236,0.13333333333333333,4.975124378109452,0.0188564,1.122923076923077
"Cooking Oil 1L, Hand Sanitizer 200ml",Face Wash 100ml,0.0338,0.157,0.0264,0.7810650887573966,4.97493687106622,0.021093399999999998,3.850459459459461
Face Wash 100ml,"Cooking Oil 1L, Hand Sanitizer 200ml",0.157,0.0338,0.0264,0.1681528662420382,4.97493687106622,0.021093399999999998,1.161511485451761
"Choco Cookies 150g, Face Wash 100ml, Hand Sanitizer 200ml",Instant Coffee 100g,0.0234,0.177,0.0206,0.8803418803418803,4.973682939784635,0.0164582,6.87792857142857
Instant Coffee 100g,"Choco Cookies 150g, Face Wash 100ml, Hand Sanitizer 200ml",0.177,0.0234,0.0206,0.11638418079096045,4.973682939784634,0.0164582,1.1052314578005116
"Basmati Rice 5kg, Instant Coffee 100g, Toor Dal 1kg",Choco Cookies 150g,0.0274,0.1776,0.0242,0.8832116788321167,4.973038732162819,0.01933376,7.041799999999995
Choco Cookies 150g,"Basmati Rice 5kg, Instant Coffee 100g, Toor Dal 1kg",0.1776,0.0274,0.0242,0.13626126126126126,4.973038732162819,0.01933376,1.1260349413298567
"Choco Cookies 150g, Ghee 500ml",Poha 500g,0.0308,0.1698,0.026,0.8441558441558441,4.9714714025668085,0.02077016,5.327116666666665
Poha 500g,"Choco Cookies 150g, Ghee 500ml",0.1698,0.0308,0.026,0.1531213191990577,4.971471402566808,0.02077016,1.1444378303198885
"Poha 500g, White Bread 400g",Ghee 500ml,0.0368,0.1706,0.0312,0.8478260869565217,4.969672256486059,0.02492192,5.450342857142857
Ghee 500ml,"Poha 500g, White Bread 400g",0.1706,0.0368,0.0312,0.18288393903868697,4.969672256486059,0.02492192,1.1787799139167863
Poha 500g,"Ghee 500ml, Potato Chips 90g",0.1698,0.0368,0.031,0.18256772673733804,4.961079530905925,0.02475136,1.1783239193083574
"Ghee 500ml, Potato Chips 90g",Poha 500g,0.0368,0.1698,0.031,0.842391304347826,4.961079530905924,0.02475136,5.267475862068965
"Choco Cookies 150g, Cooking Oil 1L, Toor Dal 1kg",Instant Coffee 100g,0.0294,0.177,0.0258,0.8775510204081632,4.957915369537646,0.020596200000000002,6.721166666666665
Instant Coffee 100g,"Choco Cookies 150g, Cooking Oil 1L, Toor Dal 1kg",0.177,0.0294,0.0258,0.14576271186440679,4.957915369537646,0.020596200000000002,1.136218253968254
"Basmati Rice 5kg, Face Wash 100ml",Hand Sanitizer 200ml,0.0306,0.1662,0.0252,0.823529411764706,4.955050612302684,0.020114280000000002,4.724866666666668
Hand Sanitizer 200ml,"Basmati Rice 5kg, Face Wash 100ml",0.1662,0.0306,0.0252,0.1516245487364621,4.955050612302683,0.020114280000000002,1.1426544680851065
"Choco Cookies 150g, Ghee 500ml",Instant Coffee 100g,0.0308,0.177,0.027,0.8766233766233766,4.952674444199868,0.0215484,6.6706315789473685
Instant Coffee 100g,"Choco Cookies 150g, Ghee 500ml",0.177,0.0308,0.027,0.15254237288135594,4.952674444199868,0.0215484,1.143656
Choco Cookies 150g,"Instant Coffee 100g, Toor Dal 1kg",0.1776,0.0378,0.0332,0.18693693693693694,4.945421612088279,0.02648672,1.1834260387811633
"Instant Coffee 100g, Toor Dal 1kg",Choco Cookies 150g,0.0378,0.1776,0.0332,0.8783068783068783,4.945421612088278,0.02648672,6.75798260869565
"Cola 750ml, Ghee 500ml, Potato Chips 90g",Poha 500g,0.0324,0.1698,0.0272,0.8395061728395061,4.944088179266821,0.02169848,5.172784615384614
Poha 500g,"Cola 750ml, Ghee 500ml, Potato Chips 90g",0.1698,0.0324,0.0272,0.16018845700824497,4.94408817926682,0.02169848,1.1521632538569426
"Face Wash 100ml, Instant Coffee 100g",Choco Cookies 150g,0.0278,0.1776,0.0244,0.8776978417266188,4.941992352064295,0.019462720000000003,6.724329411764711
Choco Cookies 150g,"Face Wash 100ml, Instant Coffee 100g",0.1776,0.0278,0.0244,0.1373873873873874,4.941992352064295,0.019462720000000003,1.1270412532637075
Hand Sanitizer 200ml,"Face Wash 100ml, Potato Chips 90g",0.1662,0.0324,0.0266,0.16004813477737667,4.93975724621533,0.02121512,1.1519707736389686
"Face Wash 100ml, Potato Chips 90g",Hand Sanitizer 200ml,0.0324,0.1662,0.0266,0.8209876543209876,4.939757246215329,0.02121512,4.657779310344827
Instant Coffee 100g,"Choco Cookies 150g, Cola 750ml",0.177,0.0366,0.032,0.18079096045197743,4.9396437281961045,0.0255218,1.1760124137931034
"Choco Cookies 150g, Cola 750ml",Instant Coffee 100g,0.0366,0.177,0.032,0.8743169398907104,4.939643728196104,0.0255218,6.5482173913043455
"Poha 500g, Toned Milk 1L",Ghee 500ml,0.0368,0.1706,0.031,0.842391304347826,4.937815383047046,0.02472192,5.262399999999999
Ghee 500ml,"Poha 500g, Toned Milk 1L",0.1706,0.0368,0.031,0.1817116060961313,4.937815383047046,0.02472192,1.17709111747851
"Choco Cookies 150g, Toor Dal 1kg",Instant Coffee 100g,0.038,0.177,0.0332,0.8736842105263158,4.936068986024384,0.026474,6.515416666666669
Instant Coffee 100g,"Choco Cookies 150g, Toor Dal 1kg",0.177,0.038,0.0332,0.18757062146892656,4.936068986024384,0.026474,1.1841029207232268
"Poha 500g, Toned Milk 1L, White Bread 400g",Ghee 500ml,0.0348,0.1706,0.0292,0.839080459770115,4.918408322216384,0.02326312,5.154128571428575
Ghee 500ml,"Poha 500g, Toned Milk 1L, White Bread 400g",0.1706,0.0348,0.0292,0.17116060961313012,4.918408322216383,0.02326312,1.1645199434229139
"Choco Cookies 150g, Cola 750ml, Potato Chips 90g",Instant Coffee 100g,0.0334,0.177,0.029,0.8682634730538923,4.905443350586962,0.023088200000000003,6.247318181818184
Instant Coffee 100g,"Choco Cookies 150g, Cola 750ml, Potato Chips 90g",0.177,0.0334,0.029,0.16384180790960454,4.905443350586962,0.023088200000000003,1.1560013513513514
Choco Cookies 150g,"Instant Coffee 100g, White Bread 400g",0.1776,0.0458,0.0398,0.2240990990990991,4.892993430111335,0.03166592,1.2297962264150943
"Instant Coffee 100g, White Bread 400g",Choco Cookies 150g,0.0458,0.1776,0.0398,0.868995633187773,4.892993430111334,0.03166592,6.277653333333335
"Instant Coffee 100g, Toned Milk 1L",Choco Cookies 150g,0.0454,0.1776,0.0394,0.8678414096916298,4.886494423939357,0.03133696,6.22282666666666
Choco Cookies 150g,"Instant Coffee 100g, Toned Milk 1L",0.1776,0.0454,0.0394,0.22184684684684683,4.886494423939357,0.03133696,1.2267507959479016
Instant Coffee 100g,"Choco Cookies 150g, Cooking Oil 1L",0.177,0.0382,0.033,0.18644067796610173,4.8806460200550195,0.0262386,1.1822125
"Choco Cookies 150g, Cooking Oil 1L",Instant Coffee 100g,0.0382,0.177,0.033,0.8638743455497383,4.880646020055019,0.0262386,6.045884615384619
"Face Wash 100ml, Hand Sanitizer 200ml, Instant Coffee 100g",Choco Cookies 150g,0.0238,0.1776,0.0206,0.8655462184873949,4.873571050041638,0.016373119999999998,6.1165999999999965
Choco Cookies 150g,"Face Wash 100ml, Hand Sanitizer 200ml, Instant Coffee 100g",0.1776,0.0238,0.0206,0.11599099099099099,4.873571050041638,0.016373119999999998,1.1042873885350317
"Cola 750ml, Ghee 500ml",Poha 500g,0.0358,0.1698,0.0296,0.8268156424581006,4.869350073369261,0.02352116,4.793735483870968
Poha 500g,"Cola 750ml, Ghee 500ml",0.1698,0.0358,0.0296,0.17432273262661954,4.869350073369261,0.02352116,1.167768616262482
"Hand Sanitizer 200ml, Potato Chips 90g",Face Wash 100ml,0.0348,0.157,0.0266,0.764367816091954,4.868584815872318,0.0211364,3.577609756097561
Face Wash 100ml,"Hand Sanitizer 200ml, Potato Chips 90g",0.157,0.0348,0.0266,0.16942675159235668,4.868584815872318,0.0211364,1.1620889570552146
"Choco Cookies 150g, Potato Chips 90g",Instant Coffee 100g,0.0374,0.177,0.0322,0.8609625668449197,4.864195292909151,0.025580199999999997,5.919269230769226
Instant Coffee 100g,"Choco Cookies 150g, Potato Chips 90g",0.177,0.0374,0.0322,0.18192090395480226,4.864195292909151,0.025580199999999997,1.1766588397790054
"Instant Coffee 100g, Toned Milk 1L, White Bread 400g",Choco Cookies 150g,0.0426,0.1776,0.0368,0.863849765258216,4.864018948525991,0.029234239999999998,6.040386206896553
Choco Cookies 150g,"Instant Coffee 100g, Toned Milk 1L, White Bread 400g",0.1776,0.0426,0.0368,0.2072072072072072,4.864018948525991,0.029234239999999998,1.2076295454545454
"Basmati Rice 5kg, Hand Sanitizer 200ml",Face Wash 100ml,0.033,0.157,0.0252,0.7636363636363636,4.863925883034163,0.020019000000000002,3.5665384615384603
Face Wash 100ml,"Basmati Rice 5kg, Hand Sanitizer 200ml",0.157,0.033,0.0252,0.16050955414012738,4.863925883034163,0.020019000000000002,1.1518892261001517
"Cola 750ml, Face Wash 100ml, Potato Chips 90g",Hand Sanitizer 200ml,0.0292,0.1662,0.0236,0.8082191780821918,4.862931276066137,0.01874696,4.347671428571429
Hand Sanitizer 200ml,"Cola 750ml, Face Wash 100ml, Potato Chips 90g",0.1662,0.0292,0.0236,0.14199759326113118,4.862931276066136,0.01874696,1.1314653576437588
"Cola 750ml, Face Wash 100ml",Hand Sanitizer 200ml,0.0318,0.1662,0.0256,0.8050314465408805,4.843751182556442,0.02031484,4.276587096774194
Hand Sanitizer 200ml,"Cola 750ml, Face Wash 100ml",0.1662,0.0318,0.0256,0.15403128760529486,4.843751182556442,0.02031484,1.1444867709815079
Instant Coffee 100g,Choco Cookies 150g,0.177,0.1776,0.152,0.8587570621468926,4.835343818394666,0.1205648,5.822591999999998
Choco Cookies 150g,Instant Coffee 100g,0.1776,0.177,0.152,0.8558558558558558,4.835343818394666,0.1205648,5.709562499999996
"Face Wash 100ml, Ghee 500ml",Hand Sanitizer 200ml,0.0268,0.1662,0.0214,0.7985074626865671,4.804497368751909,0.01694584,4.138118518518518
Hand Sanitizer 200ml,"Face Wash 100ml, Ghee 500ml",0.1662,0.0268,0.0214,0.12876052948255115,4.804497368751909,0.01694584,1.1170292817679557
"Cola 750ml, Instant Coffee 100g, Potato Chips 90g",Choco Cookies 150g,0.034,0.1776,0.029,0.8529411764705882,4.80259671436142,0.0229616,5.592319999999999
Choco Cookies 150g,"Cola 750ml, Instant Coffee 100g, Potato Chips 90g",0.1776,0.034,0.029,0.16328828828828829,4.80259671436142,0.0229616,1.1545195154777925
"Instant Coffee 100g, Potato Chips 90g",Choco Cookies 150g,0.0378,0.1776,0.0322,0.8518518518518519,4.796463129796463,0.025486719999999997,5.551200000000001
Choco Cookies 150g,"Instant Coffee 100g, Potato Chips 90g",0.1776,0.0378,0.0322,0.1813063063063063,4.796463129796463,0.025486719999999997,1.1752869325997248
"Hand Sanitizer 200ml, Toned Milk 1L, White Bread 400g",Face Wash 100ml,0.0404,0.157,0.0304,0.7524752475247525,4.792835971495239,0.0240572,3.40572
Face Wash 100ml,"Hand Sanitizer 200ml, Toned Milk 1L, White Bread 400g",0.157,0.0404,0.0304,0.19363057324840766,4.792835971495239,0.0240572,1.1900252764612953
"Hand Sanitizer 200ml, White Bread 400g",Face Wash 100ml,0.042,0.157,0.0316,0.7523809523809524,4.792235365483773,0.025006000000000004,3.4044230769230768
Face Wash 100ml,"Hand Sanitizer 200ml, White Bread 400g",0.157,0.042,0.0316,0.20127388535031848,4.792235365483773,0.025006000000000004,1.1994098883572566
"Hand Sanitizer 200ml, Toned Milk 1L",Face Wash 100ml,0.0444,0.157,0.0334,0.7522522522522522,4.791415619441097,0.0264292,3.402654545454545
Face Wash 100ml,"Hand Sanitizer 200ml, Toned Milk 1L",0.157,0.0444,0.0334,0.2127388535031847,4.791415619441096,0.0264292,1.2138284789644012
"Choco Cookies 150g, Hand Sanitizer 200ml",Instant Coffee 100g,0.0276,0.177,0.0234,0.8478260869565217,4.789977892409728,0.0185148,5.4082857142857135
Instant Coffee 100g,"Choco Cookies 150g, Hand Sanitizer 200ml",0.177,0.0276,0.0234,0.13220338983050847,4.789977892409727,0.0185148,1.1205390625
"Cola 750ml, Hand Sanitizer 200ml, Potato Chips 90g",Face Wash 100ml,0.0314,0.157,0.0236,0.7515923566878981,4.787212462980243,0.018670199999999998,3.3936153846153854
Face Wash 100ml,"Cola 750ml, Hand Sanitizer 200ml, Potato Chips 90g",0.157,0.0314,0.0236,0.1503184713375796,4.787212462980243,0.018670199999999998,1.1399565217391303
"Face Wash 100ml, Poha 500g",Hand Sanitizer 200ml,0.0274,0.1662,0.0218,0.7956204379562044,4.7871265821672955,0.01724612,4.079664285714286
Hand Sanitizer 200ml,"Face Wash 100ml, Poha 500g",0.1662,0.0274,0.0218,0.1311672683513839,4.7871265821672955,0.01724612,1.1194329639889198
Face Wash 100ml,"Cola 750ml, Hand Sanitizer 200ml",0.157,0.0342,0.0256,0.16305732484076435,4.767758036279659,0.0202306,1.1539619482496195
"Cola 750ml, Hand Sanitizer 200ml",Face Wash 100ml,0.0342,0.157,0.0256,0.7485380116959064,4.767758036279658,0.0202306,3.3523953488372085
"Cola 750ml, Instant Coffee 100g",Choco Cookies 150g,0.038,0.1776,0.032,0.8421052631578948,4.74158368895211,0.0252512,5.208533333333335
Choco Cookies 150g,"Cola 750ml, Instant Coffee 100g",0.1776,0.038,0.032,0.18018018018018017,4.74158368895211,0.0252512,1.1734285714285713
"Hand Sanitizer 200ml, Instant Coffee 100g",Choco Cookies 150g,0.028,0.1776,0.0234,0.8357142857142857,4.705598455598455,0.0184272,5.0059130434782615
Choco Cookies 150g,"Hand Sanitizer 200ml, Instant Coffee 100g",0.1776,0.028,0.0234,0.13175675675675674,4.705598455598455,0.0184272,1.119501945525292
"Basmati Rice 5kg, Cola 750ml, Toor Dal 1kg",Potato Chips 90g,0.0348,0.2184,0.0322,0.9252873563218391,4.23666371942234,0.02459968,10.461415384615389
Potato Chips 90g,"Basmati Rice 5kg, Cola 750ml, Toor Dal 1kg",0.2184,0.0348,0.0322,0.14743589743589744,4.23666371942234,0.02459968,1.1321142857142859
"Basmati Rice 5kg, Potato Chips 90g, Toor Dal 1kg",Cola 750ml,0.0352,0.2164,0.0322,0.9147727272727272,4.227230717526465,0.02458272,9.19423999999999
Cola 750ml,"Basmati Rice 5kg, Potato Chips 90g, Toor Dal 1kg",0.2164,0.0352,0.0322,0.1487985212569316,4.227230717526465,0.02458272,1.13345667752443
"Basmati Rice 5kg, Cola 750ml, Cooking Oil 1L, Toor Dal 1kg",Potato Chips 90g,0.0258,0.2184,0.0238,0.9224806201550388,4.223812363347247,0.018165280000000002,10.08264000000001
Potato Chips 90g,"Basmati Rice 5kg, Cola 750ml, Cooking Oil 1L, Toor Dal 1kg",0.2184,0.0258,0.0238,0.10897435897435898,4.223812363347247,0.018165280000000002,1.093346762589928
"Cola 750ml, Face Wash 100ml, Hand Sanitizer 200ml",Potato Chips 90g,0.0256,0.2184,0.0236,0.9218749999999999,4.221039377289377,0.018008959999999997,10.004479999999985
Potato Chips 90g,"Cola 750ml, Face Wash 100ml, Hand Sanitizer 200ml",0.2184,0.0256,0.0236,0.10805860805860805,4.221039377289377,0.018008959999999997,1.0924484599589321
"Cola 750ml, Toor Dal 1kg",Potato Chips 90g,0.0472,0.2184,0.0434,0.9194915254237288,4.2101260321599305,0.03309152,9.708294736842104
Potato Chips 90g,"Cola 750ml, Toor Dal 1kg",0.2184,0.0472,0.0434,0.1987179487179487,4.2101260321599305,0.03309152,1.1890943999999999
"Cola 750ml, Ghee 500ml, Poha 500g",Potato Chips 90g,0.0296,0.2184,0.0272,0.9189189189189189,4.207504207504207,0.020735359999999998,9.639733333333325
Potato Chips 90g,"Cola 750ml, Ghee 500ml, Poha 500g",0.2184,0.0296,0.0272,0.12454212454212453,4.207504207504207,0.020735359999999998,1.1084485355648537
Potato Chips 90g,"Cola 750ml, Face Wash 100ml",0.2184,0.0318,0.0292,0.1336996336996337,4.204390996843827,0.022254879999999998,1.1176262156448202
"Cola 750ml, Face Wash 100ml",Potato Chips 90g,0.0318,0.2184,0.0292,0.9182389937106917,4.204390996843826,0.022254879999999998,9.559569230769219
"Cola 750ml, Hand Sanitizer 200ml",Potato Chips 90g,0.0342,0.2184,0.0314,0.9181286549707601,4.203885782833151,0.023930719999999996,9.546685714285701
Potato Chips 90g,"Cola 750ml, Hand Sanitizer 200ml",0.2184,0.0342,0.0314,0.14377289377289376,4.203885782833151,0.023930719999999996,1.1279717647058822
"Basmati Rice 5kg, Potato Chips 90g",Cola 750ml,0.0438,0.2164,0.0398,0.9086757990867581,4.199056372859325,0.030321680000000004,8.58042000000001
Cola 750ml,"Basmati Rice 5kg, Potato Chips 90g",0.2164,0.0438,0.0398,0.18391866913123844,4.199056372859325,0.030321680000000004,1.1716969422423558
"Cola 750ml, Cooking Oil 1L, Toor Dal 1kg",Potato Chips 90g,0.036,0.2184,0.033,0.9166666666666667,4.197191697191697,0.025137600000000003,9.379200000000008
"Basmati Rice 5kg, Cola 750ml, Cooking Oil 1L",Potato Chips 90g,0.0336,0.2184,0.0308,0.9166666666666667,4.197191697191697,0.02346176,9.379200000000008
Potato Chips 90g,"Cola 750ml, Cooking Oil 1L, Toor Dal 1kg",0.2184,0.036,0.033,0.1510989010989011,4.197191697191697,0.025137600000000003,1.1355857605177992
Potato Chips 90g,"Basmati Rice 5kg, Cola 750ml, Cooking Oil 1L",0.2184,0.0336,0.0308,0.14102564102564102,4.197191697191697,0.02346176,1.1250626865671642
"Potato Chips 90g, Toor Dal 1kg",Cola 750ml,0.0478,0.2164,0.0434,0.9079497907949791,4.1957014362060026,0.03305608,8.512745454545453
Cola 750ml,"Potato Chips 90g, Toor Dal 1kg",0.2164,0.0478,0.0434,0.20055452865064693,4.1957014362060026,0.03305608,1.1910756069364161
"Cooking Oil 1L, Potato Chips 90g",Cola 750ml,0.0456,0.2164,0.0414,0.9078947368421052,4.195447027921004,0.03153216,8.507657142857136
Cola 750ml,"Cooking Oil 1L, Potato Chips 90g",0.2164,0.0456,0.0414,0.19131238447319776,4.195447027921003,0.03153216,1.1801837714285714
"Cooking Oil 1L, Potato Chips 90g, Toor Dal 1kg",Cola 750ml,0.0364,0.2164,0.033,0.9065934065934066,4.189433487030529,0.02512304,8.389129411764705
Cola 750ml,"Cooking Oil 1L, Potato Chips 90g, Toor Dal 1kg",0.2164,0.0364,0.033,0.15249537892791126,4.189433487030529,0.02512304,1.1369849509269356
"Basmati Rice 5kg, Cola 750ml",Potato Chips 90g,0.0436,0.2184,0.0398,0.9128440366972478,4.179688812716336,0.03027776,8.967831578947376
Potato Chips 90g,"Basmati Rice 5kg, Cola 750ml",0.2184,0.0436,0.0398,0.18223443223443223,4.179688812716336,0.03027776,1.1695283314669653
"Cola 750ml, Poha 500g",Potato Chips 90g,0.0344,0.2184,0.0314,0.9127906976744186,4.17944458642133,0.02388704,8.962346666666662
Potato Chips 90g,"Cola 750ml, Poha 500g",0.2184,0.0344,0.0314,0.14377289377289376,4.17944458642133,0.02388704,1.1277381818181818
"Choco Cookies 150g, Cola 750ml",Potato Chips 90g,0.0366,0.2184,0.0334,0.912568306010929,4.17842630957385,0.025406559999999998,8.93955
Potato Chips 90g,"Choco Cookies 150g, Cola 750ml",0.2184,0.0366,0.0334,0.15293040293040291,4.17842630957385,0.025406559999999998,1.1373327567567568
Cola 750ml,Potato Chips 90g,0.2164,0.2184,0.1974,0.9121996303142328,4.176738234039528,0.15013823999999998,8.902012631578936
Potato Chips 90g,Cola 750ml,0.2184,0.2164,0.1974,0.9038461538461537,4.176738234039528,0.15013823999999998,8.149439999999991
"Hand Sanitizer 200ml, Potato Chips 90g",Cola 750ml,0.0348,0.2164,0.0314,0.9022988505747126,4.169588034079078,0.02386928,8.02037647058823
Cola 750ml,"Hand Sanitizer 200ml, Potato Chips 90g",0.2164,0.0348,0.0314,0.14510166358595192,4.169588034079078,0.02386928,1.1290231351351352
"Basmati Rice 5kg, Cooking Oil 1L, Potato Chips 90g, Toor Dal 1kg",Cola 750ml,0.0264,0.2164,0.0238,0.9015151515151516,4.165966504228981,0.018087040000000002,7.956553846153853
Cola 750ml,"Basmati Rice 5kg, Cooking Oil 1L, Potato Chips 90g, Toor Dal 1kg",0.2164,0.0264,0.0238,0.1099815157116451,4.165966504228981,0.018087040000000002,1.0939098650051922
"Face Wash 100ml, Potato Chips 90g",Cola 750ml,0.0324,0.2164,0.0292,0.9012345679012346,4.164669907122156,0.02218864,7.93395
Cola 750ml,"Face Wash 100ml, Potato Chips 90g",0.2164,0.0324,0.0292,0.13493530499075784,4.164669907122156,0.02218864,1.1185290598290598
"Choco Cookies 150g, Instant Coffee 100g, Potato Chips 90g",Cola 750ml,0.0322,0.2164,0.029,0.9006211180124224,4.161835110963135,0.022031920000000003,7.8849750000000025
Cola 750ml,"Choco Cookies 150g, Instant Coffee 100g, Potato Chips 90g",0.2164,0.0322,0.029,0.13401109057301294,4.161835110963135,0.022031920000000003,1.1175662753468516
Cola 750ml,"Basmati Rice 5kg, Cooking Oil 1L, Potato Chips 90g",0.2164,0.0342,0.0308,0.1423290203327172,4.161667261190561,0.023399120000000002,1.1260728448275863
"Basmati Rice 5kg, Cooking Oil 1L, Potato Chips 90g",Cola 750ml,0.0342,0.2164,0.0308,0.9005847953216374,4.16166726119056,0.023399120000000002,7.882094117647054
"Cola 750ml, Toned Milk 1L",Potato Chips 90g,0.057,0.2184,0.0518,0.9087719298245613,4.161043634727845,0.039351199999999996,8.567538461538456
Potato Chips 90g,"Cola 750ml, Toned Milk 1L",0.2184,0.057,0.0518,0.23717948717948717,4.161043634727845,0.039351199999999996,1.2362016806722689
"Cola 750ml, Cooking Oil 1L",Potato Chips 90g,0.0456,0.2184,0.0414,0.9078947368421052,4.157027183342972,0.03144096,8.48594285714285
Potato Chips 90g,"Cola 750ml, Cooking Oil 1L",0.2184,0.0456,0.0414,0.18956043956043955,4.157027183342972,0.03144096,1.1776325423728813
Cola 750ml,"Instant Coffee 100g, Potato Chips 90g",0.2164,0.0378,0.034,0.15711645101663588,4.15651986816497,0.025820080000000002,1.1415574561403508
"Instant Coffee 100g, Potato Chips 90g",Cola 750ml,0.0378,0.2164,0.034,0.8994708994708995,4.1565198681649695,0.025820080000000002,7.794757894736846
"Choco Cookies 150g, Cola 750ml, Instant Coffee 100g",Potato Chips 90g,0.032,0.2184,0.029,0.90625,4.149496336996337,0.0220112,8.337066666666667
Potato Chips 90g,"Choco Cookies 150g, Cola 750ml, Instant Coffee 100g",0.2184,0.032,0.029,0.13278388278388278,4.149496336996337,0.0220112,1.1162154171066525
"Cola 750ml, Ghee 500ml",Potato Chips 90g,0.0358,0.2184,0.0324,0.9050279329608939,4.143900791945485,0.024581279999999997,8.229788235294121
Potato Chips 90g,"Cola 750ml, Ghee 500ml",0.2184,0.0358,0.0324,0.14835164835164832,4.143900791945484,0.024581279999999997,1.1321574193548385
"Cola 750ml, White Bread 400g",Potato Chips 90g,0.0568,0.2184,0.0514,0.9049295774647887,4.143450446267347,0.038994879999999996,8.221274074074074
Potato Chips 90g,"Cola 750ml, White Bread 400g",0.2184,0.0568,0.0514,0.23534798534798534,4.143450446267347,0.038994879999999996,1.2335022754491018
"Cola 750ml, Toned Milk 1L, White Bread 400g",Potato Chips 90g,0.0536,0.2184,0.0484,0.9029850746268656,4.134547044994806,0.03669376,8.056492307692302
Potato Chips 90g,"Cola 750ml, Toned Milk 1L, White Bread 400g",0.2184,0.0536,0.0484,0.2216117216117216,4.134547044994806,0.03669376,1.2158456470588235
"Choco Cookies 150g, Potato Chips 90g",Cola 750ml,0.0374,0.2164,0.0334,0.8930481283422459,4.126839779770083,0.02530664,7.326659999999993
Cola 750ml,"Choco Cookies 150g, Potato Chips 90g",0.2164,0.0374,0.0334,0.1543438077634011,4.126839779770083,0.02530664,1.138287650273224
"Face Wash 100ml, Hand Sanitizer 200ml, Potato Chips 90g",Cola 750ml,0.0266,0.2164,0.0236,0.887218045112782,4.099898544883466,0.01784376,6.947920000000003
Cola 750ml,"Face Wash 100ml, Hand Sanitizer 200ml, Potato Chips 90g",0.2164,0.0266,0.0236,0.10905730129390018,4.099898544883466,0.01784376,1.092550622406639
"Potato Chips 90g, Toned Milk 1L",Cola 750ml,0.0584,0.2164,0.0518,0.886986301369863,4.098827640341326,0.03916224,6.933672727272726
Cola 750ml,"Potato Chips 90g, Toned Milk 1L",0.2164,0.0584,0.0518,0.23937153419593343,4.098827640341326,0.03916224,1.2379236938031593
"Cola 750ml, Instant Coffee 100g",Potato Chips 90g,0.038,0.2184,0.034,0.8947368421052633,4.096780412569887,0.025700800000000003,7.425200000000008
Potato Chips 90g,"Cola 750ml, Instant Coffee 100g",0.2184,0.038,0.034,0.15567765567765568,4.096780412569887,0.025700800000000003,1.1393752711496745
"Potato Chips 90g, White Bread 400g",Cola 750ml,0.058,0.2164,0.0514,0.8862068965517241,4.095225954490407,0.0388488,6.886181818181818
Cola 750ml,"Potato Chips 90g, White Bread 400g",0.2164,0.058,0.0514,0.23752310536044363,4.095225954490407,0.0388488,1.2354472727272727
"Poha 500g, Potato Chips 90g",Cola 750ml,0.0356,0.2164,0.0314,0.8820224719101123,4.075889426571683,0.023696159999999997,6.641942857142853
Cola 750ml,"Poha 500g, Potato Chips 90g",0.2164,0.0356,0.0314,0.14510166358595192,4.075889426571683,0.023696159999999997,1.1280873513513514
"Ghee 500ml, Potato Chips 90g",Cola 750ml,0.0368,0.2164,0.0324,0.8804347826086956,4.06855259985534,0.024436479999999997,6.553745454545449
Cola 750ml,"Ghee 500ml, Potato Chips 90g",0.2164,0.0368,0.0324,0.1497227356746765,4.06855259985534,0.024436479999999997,1.1328069565217391
"Potato Chips 90g, Toned Milk 1L, White Bread 400g",Cola 750ml,0.055,0.2164,0.0484,0.88,4.066543438077634,0.036497999999999996,6.53
Cola 750ml,"Potato Chips 90g, Toned Milk 1L, White Bread 400g",0.2164,0.055,0.0484,0.22365988909426984,4.066543438077633,0.036497999999999996,1.21725
"Ghee 500ml, Poha 500g, Potato Chips 90g",Cola 750ml,0.031,0.2164,0.0272,0.8774193548387096,4.054618090751893,0.0204916,6.3925263157894685
Cola 750ml,"Ghee 500ml, Poha 500g, Potato Chips 90g",0.2164,0.031,0.0272,0.12569316081330867,4.054618090751893,0.0204916,1.1083065539112051
"Basmati Rice 5kg, Toned Milk 1L, White Bread 400g",Toor Dal 1kg,0.0454,0.2068,0.0374,0.8237885462555066,3.9835036085856217,0.02801128,4.501409999999999
Toor Dal 1kg,"Basmati Rice 5kg, Toned Milk 1L, White Bread 400g",0.2068,0.0454,0.0374,0.18085106382978725,3.9835036085856217,0.02801128,1.165355844155844
"Basmati Rice 5kg, Instant Coffee 100g","Cooking Oil 1L, Toor Dal 1kg",0.0338,0.1544,0.0206,0.6094674556213019,3.947328080448846,0.01538128,2.1652484848484854
"Cooking Oil 1L, Toor Dal 1kg","Basmati Rice 5kg, Instant Coffee 100g",0.1544,0.0338,0.0206,0.133419689119171,3.947328080448846,0.01538128,1.1149572496263078
"Cooking Oil 1L, Toned Milk 1L, White Bread 400g",Toor Dal 1kg,0.0434,0.2068,0.0354,0.815668202764977,3.944236957277451,0.026424879999999998,4.30311
Toor Dal 1kg,"Cooking Oil 1L, Toned Milk 1L, White Bread 400g",0.2068,0.0434,0.0354,0.17117988394584138,3.944236957277451,0.026424879999999998,1.1541708284714118
"Basmati Rice 5kg, White Bread 400g",Toor Dal 1kg,0.048,0.2068,0.039,0.8125,3.928916827852998,0.029073599999999998,4.2304
Toor Dal 1kg,"Basmati Rice 5kg, White Bread 400g",0.2068,0.048,0.039,0.1885880077369439,3.928916827852998,0.029073599999999998,1.1732634088200238
"Basmati Rice 5kg, Choco Cookies 150g",Cooking Oil 1L,0.0342,0.1996,0.0268,0.783625730994152,3.9259806162031663,0.01997368,3.6991459459459453
Cooking Oil 1L,"Basmati Rice 5kg, Choco Cookies 150g",0.1996,0.0342,0.0268,0.1342685370741483,3.9259806162031663,0.01997368,1.1155884259259259
"Cooking Oil 1L, Poha 500g",Toor Dal 1kg,0.0382,0.2068,0.031,0.8115183246073299,3.92416984819792,0.02310024,4.2083666666666675
Toor Dal 1kg,"Cooking Oil 1L, Poha 500g",0.2068,0.0382,0.031,0.14990328820116053,3.92416984819792,0.02310024,1.1314006825938565
"Basmati Rice 5kg, Instant Coffee 100g",Toor Dal 1kg,0.0338,0.2068,0.0274,0.8106508875739646,3.919975278404084,0.02041016,4.189087500000003
Toor Dal 1kg,"Basmati Rice 5kg, Instant Coffee 100g",0.2068,0.0338,0.0274,0.13249516441005801,3.9199752784040838,0.02041016,1.1137690078037903
"Cooking Oil 1L, White Bread 400g",Toor Dal 1kg,0.0464,0.2068,0.0376,0.810344827586207,3.918495297805643,0.02800448,4.1823272727272744
Toor Dal 1kg,"Cooking Oil 1L, White Bread 400g",0.2068,0.0464,0.0376,0.18181818181818182,3.918495297805643,0.02800448,1.1655111111111112
"Basmati Rice 5kg, Toned Milk 1L",Toor Dal 1kg,0.0484,0.2068,0.0392,0.8099173553719008,3.916428217465671,0.02919088,4.172921739130434
Toor Dal 1kg,"Basmati Rice 5kg, Toned Milk 1L",0.2068,0.0484,0.0392,0.18955512572533847,3.916428217465671,0.02919088,1.1741699284009546
"Basmati Rice 5kg, Cola 750ml, Potato Chips 90g",Toor Dal 1kg,0.0398,0.2068,0.0322,0.8090452261306532,3.9122109580785938,0.02396936,4.153863157894736
Toor Dal 1kg,"Basmati Rice 5kg, Cola 750ml, Potato Chips 90g",0.2068,0.0398,0.0322,0.15570599613152802,3.9122109580785933,0.02396936,1.1372815578465063
"Basmati Rice 5kg, Potato Chips 90g",Cooking Oil 1L,0.0438,0.1996,0.0342,0.7808219178082192,3.911933455953002,0.02545752,3.651825
Cooking Oil 1L,"Basmati Rice 5kg, Potato Chips 90g",0.1996,0.0438,0.0342,0.1713426853707415,3.911933455953002,0.02545752,1.1539148730350666
"Cooking Oil 1L, Toor Dal 1kg","Basmati Rice 5kg, Potato Chips 90g",0.1544,0.0438,0.0264,0.17098445595854922,3.9037547022499823,0.01963728,1.15341625
"Basmati Rice 5kg, Potato Chips 90g","Cooking Oil 1L, Toor Dal 1kg",0.0438,0.1544,0.0264,0.6027397260273972,3.903754702249982,0.01963728,2.1285793103448274
"Choco Cookies 150g, Instant Coffee 100g, Toor Dal 1kg",Cooking Oil 1L,0.0332,0.1996,0.0258,0.7771084337349398,3.8933288263273536,0.01917328,3.5909837837837837
Cooking Oil 1L,"Choco Cookies 150g, Instant Coffee 100g, Toor Dal 1kg",0.1996,0.0332,0.0258,0.12925851703406813,3.893328826327353,0.01917328,1.1103180667433832
"Basmati Rice 5kg, Choco Cookies 150g, Instant Coffee 100g",Cooking Oil 1L,0.0304,0.1996,0.0236,0.7763157894736842,3.8893576626938087,0.017532159999999998,3.5782588235294113
Cooking Oil 1L,"Basmati Rice 5kg, Choco Cookies 150g, Instant Coffee 100g",0.1996,0.0304,0.0236,0.11823647294589178,3.8893576626938087,0.017532159999999998,1.0996145454545454
"Basmati Rice 5kg, Potato Chips 90g",Toor Dal 1kg,0.0438,0.2068,0.0352,0.8036529680365297,3.8861362090741283,0.02614216,4.0397860465116295
Toor Dal 1kg,"Basmati Rice 5kg, Potato Chips 90g",0.2068,0.0438,0.0352,0.1702127659574468,3.8861362090741283,0.02614216,1.1523435897435899
"Basmati Rice 5kg, Cola 750ml, Potato Chips 90g",Cooking Oil 1L,0.0398,0.1996,0.0308,0.7738693467336684,3.8771009355394206,0.022855920000000002,3.539546666666667
Cooking Oil 1L,"Basmati Rice 5kg, Cola 750ml, Potato Chips 90g",0.1996,0.0398,0.0308,0.15430861723446895,3.8771009355394206,0.022855920000000002,1.1354023696682465
Cooking Oil 1L,"Choco Cookies 150g, Toor Dal 1kg",0.1996,0.038,0.0294,0.14729458917835672,3.87617339943044,0.0218152,1.1281739130434782
"Choco Cookies 150g, Toor Dal 1kg",Cooking Oil 1L,0.038,0.1996,0.0294,0.7736842105263158,3.8761733994304395,0.0218152,3.536651162790697
"Basmati Rice 5kg, Cola 750ml, Potato Chips 90g","Cooking Oil 1L, Toor Dal 1kg",0.0398,0.1544,0.0238,0.5979899497487438,3.87299190251777,0.01765488,2.1034300000000004
"Cooking Oil 1L, Toor Dal 1kg","Basmati Rice 5kg, Cola 750ml, Potato Chips 90g",0.1544,0.0398,0.0238,0.15414507772020725,3.8729919025177697,0.01765488,1.1351828483920368
"Ghee 500ml, Poha 500g, Toor Dal 1kg",Cooking Oil 1L,0.035,0.1996,0.027,0.7714285714285714,3.864872602347552,0.020013999999999997,3.501749999999999
Cooking Oil 1L,"Ghee 500ml, Poha 500g, Toor Dal 1kg",0.1996,0.035,0.027,0.13527054108216433,3.864872602347552,0.020013999999999997,1.1159559675550406
"Cooking Oil 1L, Toned Milk 1L",Toor Dal 1kg,0.0468,0.2068,0.0374,0.7991452991452992,3.8643389707219495,0.02772176,3.94912340425532
Toor Dal 1kg,"Cooking Oil 1L, Toned Milk 1L",0.2068,0.0468,0.0374,0.18085106382978725,3.8643389707219495,0.02772176,1.1636467532467534
Toor Dal 1kg,"Cooking Oil 1L, Ghee 500ml, Poha 500g",0.2068,0.0338,0.027,0.13056092843326886,3.862749361931032,0.02001016,1.111291212458287
"Cooking Oil 1L, Ghee 500ml, Poha 500g",Toor Dal 1kg,0.0338,0.2068,0.027,0.7988165680473374,3.8627493619310314,0.02001016,3.9426705882352957
Cooking Oil 1L,"Basmati Rice 5kg, Cola 750ml",0.1996,0.0436,0.0336,0.1683366733466934,3.8609328749241603,0.02489744,1.149984578313253
"Basmati Rice 5kg, Cola 750ml",Cooking Oil 1L,0.0436,0.1996,0.0336,0.7706422018348623,3.86093287492416,0.02489744,3.489743999999999
"Cooking Oil 1L, Potato Chips 90g",Toor Dal 1kg,0.0456,0.2068,0.0364,0.7982456140350878,3.859988462452068,0.02696992,3.9315130434782617
Toor Dal 1kg,"Cooking Oil 1L, Potato Chips 90g",0.2068,0.0456,0.0364,0.1760154738878143,3.8599884624520677,0.02696992,1.158274178403756
"Basmati Rice 5kg, Cola 750ml",Toor Dal 1kg,0.0436,0.2068,0.0348,0.7981651376146789,3.859599311482973,0.025783519999999997,3.929945454545454
Toor Dal 1kg,"Basmati Rice 5kg, Cola 750ml",0.2068,0.0436,0.0348,0.16827852998065762,3.859599311482973,0.025783519999999997,1.1499041860465116
"Cooking Oil 1L, Ghee 500ml",Toor Dal 1kg,0.0376,0.2068,0.03,0.7978723404255319,3.858183464340096,0.02222432,3.924252631578947
Toor Dal 1kg,"Cooking Oil 1L, Ghee 500ml",0.2068,0.0376,0.03,0.1450676982591876,3.858183464340096,0.02222432,1.1257031674208144
"Cola 750ml, Cooking Oil 1L, Potato Chips 90g",Toor Dal 1kg,0.0414,0.2068,0.033,0.7971014492753624,3.8544557508479804,0.024438480000000002,3.909342857142859
Toor Dal 1kg,"Cola 750ml, Cooking Oil 1L, Potato Chips 90g",0.2068,0.0414,0.033,0.1595744680851064,3.8544557508479804,0.024438480000000002,1.140612658227848
"Basmati Rice 5kg, Instant Coffee 100g",Cooking Oil 1L,0.0338,0.1996,0.026,0.7692307692307693,3.853861569292431,0.01925352,3.468400000000001
Cooking Oil 1L,"Basmati Rice 5kg, Instant Coffee 100g",0.1996,0.0338,0.026,0.13026052104208416,3.853861569292431,0.01925352,1.1109073732718893
"Basmati Rice 5kg, Choco Cookies 150g, Instant Coffee 100g",Toor Dal 1kg,0.0304,0.2068,0.0242,0.7960526315789473,3.8493840985442325,0.01791328,3.889238709677419
Toor Dal 1kg,"Basmati Rice 5kg, Choco Cookies 150g, Instant Coffee 100g",0.2068,0.0304,0.0242,0.11702127659574467,3.8493840985442325,0.01791328,1.098101204819277
"Instant Coffee 100g, Toor Dal 1kg",Cooking Oil 1L,0.0378,0.1996,0.029,0.7671957671957672,3.843666168315467,0.02145512,3.4380818181818182
Cooking Oil 1L,"Instant Coffee 100g, Toor Dal 1kg",0.1996,0.0378,0.029,0.14529058116232466,3.843666168315467,0.02145512,1.1257627198124267
"Basmati Rice 5kg, Poha 500g",Toor Dal 1kg,0.0368,0.2068,0.0292,0.7934782608695652,3.8369354974350345,0.02158976,3.8407578947368415
Toor Dal 1kg,"Basmati Rice 5kg, Poha 500g",0.2068,0.0368,0.0292,0.14119922630560927,3.8369354974350345,0.02158976,1.1215639639639639
"Ghee 500ml, Toor Dal 1kg",Cooking Oil 1L,0.0392,0.1996,0.03,0.7653061224489796,3.8341990102654284,0.02217568,3.4103999999999997
Cooking Oil 1L,"Ghee 500ml, Toor Dal 1kg",0.1996,0.0392,0.03,0.1503006012024048,3.8341990102654284,0.02217568,1.1307528301886793
"Basmati Rice 5kg, Cola 750ml","Cooking Oil 1L, Toor Dal 1kg",0.0436,0.1544,0.0258,0.591743119266055,3.832533155868232,0.01906816,2.0712449438202247
"Cooking Oil 1L, Toor Dal 1kg","Basmati Rice 5kg, Cola 750ml",0.1544,0.0436,0.0258,0.1670984455958549,3.832533155868232,0.01906816,1.1482749611197511
"Cooking Oil 1L, Instant Coffee 100g",Toor Dal 1kg,0.0366,0.2068,0.029,0.7923497267759563,3.831478369322806,0.02143112,3.8198842105263155
Toor Dal 1kg,"Cooking Oil 1L, Instant Coffee 100g",0.2068,0.0366,0.029,0.1402321083172147,3.831478369322806,0.02143112,1.1205349831271092
"Basmati Rice 5kg, Cooking Oil 1L, Instant Coffee 100g",Toor Dal 1kg,0.026,0.2068,0.0206,0.7923076923076924,3.831275107870853,0.0152232,3.8191111111111127
Toor Dal 1kg,"Basmati Rice 5kg, Cooking Oil 1L, Instant Coffee 100g",0.2068,0.026,0.0206,0.09961315280464217,3.831275107870853,0.0152232,1.0817572502685284
"Cooking Oil 1L, Toor Dal 1kg","Basmati Rice 5kg, Choco Cookies 150g",0.1544,0.0342,0.0202,0.13082901554404144,3.825409811229282,0.014919519999999999,1.1111737704918032
"Basmati Rice 5kg, Choco Cookies 150g","Cooking Oil 1L, Toor Dal 1kg",0.0342,0.1544,0.0202,0.5906432748538011,3.8254098112292816,0.014919519999999999,2.0656799999999995
"Cola 750ml, Toor Dal 1kg",Cooking Oil 1L,0.0472,0.1996,0.036,0.7627118644067796,3.821201725484868,0.02657888,3.3731142857142853
Cooking Oil 1L,"Cola 750ml, Toor Dal 1kg",0.1996,0.0472,0.036,0.18036072144288576,3.821201725484868,0.02657888,1.1624625916870415
"Cola 750ml, Cooking Oil 1L",Toor Dal 1kg,0.0456,0.2068,0.036,0.7894736842105262,3.8175710068207263,0.026569919999999997,3.7676999999999983
Toor Dal 1kg,"Cola 750ml, Cooking Oil 1L",0.2068,0.0456,0.036,0.17408123791102512,3.8175710068207263,0.026569919999999997,1.1555615925058549
"Potato Chips 90g, Toor Dal 1kg",Cooking Oil 1L,0.0478,0.1996,0.0364,0.7615062761506276,3.815161704161461,0.02685912,3.3560631578947366
Cooking Oil 1L,"Potato Chips 90g, Toor Dal 1kg",0.1996,0.0478,0.0364,0.18236472945891785,3.815161704161461,0.02685912,1.1645779411764707
"Basmati Rice 5kg, Ghee 500ml, Poha 500g",Cooking Oil 1L,0.0326,0.1996,0.0248,0.7607361963190185,3.8113035887726374,0.01829304,3.345261538461539
Cooking Oil 1L,"Basmati Rice 5kg, Ghee 500ml, Poha 500g",0.1996,0.0326,0.0248,0.12424849699398798,3.8113035887726374,0.01829304,1.1046512585812358
"Cola 750ml, Potato Chips 90g, Toor Dal 1kg",Cooking Oil 1L,0.0434,0.1996,0.033,0.7603686635944701,3.809462242457265,0.024337360000000002,3.3401307692307696
Cooking Oil 1L,"Cola 750ml, Potato Chips 90g, Toor Dal 1kg",0.1996,0.0434,0.033,0.1653306613226453,3.809462242457265,0.024337360000000002,1.146082593037215
"Poha 500g, Toor Dal 1kg",Cooking Oil 1L,0.0408,0.1996,0.031,0.7598039215686274,3.806632873590318,0.02285632,3.332277551020408
Cooking Oil 1L,"Poha 500g, Toor Dal 1kg",0.1996,0.0408,0.031,0.15531062124248496,3.8066328735903174,0.02285632,1.1355653618030843
Toor Dal 1kg,"Basmati Rice 5kg, Ghee 500ml",0.2068,0.0366,0.0288,0.13926499032882012,3.8050543805688557,0.02123112,1.1192759550561797
"Basmati Rice 5kg, Ghee 500ml",Toor Dal 1kg,0.0366,0.2068,0.0288,0.7868852459016393,3.8050543805688553,0.02123112,3.7219384615384614
"Basmati Rice 5kg, Choco Cookies 150g, Toor Dal 1kg",Cooking Oil 1L,0.0266,0.1996,0.0202,0.7593984962406015,3.8046016845721518,0.01489064,3.3266625000000003
Cooking Oil 1L,"Basmati Rice 5kg, Choco Cookies 150g, Toor Dal 1kg",0.1996,0.0266,0.0202,0.10120240480961923,3.8046016845721518,0.01489064,1.0830024526198438
"Basmati Rice 5kg, Cooking Oil 1L, Toned Milk 1L, White Bread 400g",Toor Dal 1kg,0.0298,0.2068,0.0234,0.785234899328859,3.7970739812807497,0.01723736,3.6933374999999997
Toor Dal 1kg,"Basmati Rice 5kg, Cooking Oil 1L, Toned Milk 1L, White Bread 400g",0.2068,0.0298,0.0234,0.11315280464216634,3.7970739812807497,0.01723736,1.093987786259542
"Face Wash 100ml, Hand Sanitizer 200ml, White Bread 400g",Toned Milk 1L,0.0316,0.254,0.0304,0.9620253164556961,3.7875012458885675,0.0223736,19.64466666666662
Toned Milk 1L,"Face Wash 100ml, Hand Sanitizer 200ml, White Bread 400g",0.254,0.0316,0.0304,0.11968503937007874,3.7875012458885675,0.0223736,1.1000608228980324
"Hand Sanitizer 200ml, White Bread 400g",Toned Milk 1L,0.042,0.254,0.0404,0.9619047619047618,3.7870266216722905,0.029731999999999998,19.582499999999957
Toned Milk 1L,"Hand Sanitizer 200ml, White Bread 400g",0.254,0.042,0.0404,0.1590551181102362,3.7870266216722905,0.029731999999999998,1.139194756554307
"Cooking Oil 1L, Toor Dal 1kg","Basmati Rice 5kg, Ghee 500ml",0.1544,0.0366,0.0214,0.13860103626943004,3.786913559274045,0.01574896,1.1184132330827068
"Basmati Rice 5kg, Ghee 500ml","Cooking Oil 1L, Toor Dal 1kg",0.0366,0.1544,0.0214,0.5846994535519126,3.7869135592740446,0.01574896,2.0361157894736843
"Cooking Oil 1L, Potato Chips 90g",Basmati Rice 5kg,0.0456,0.1982,0.0342,0.75,3.784056508577195,0.025162080000000003,3.2072000000000003
Basmati Rice 5kg,"Cooking Oil 1L, Potato Chips 90g",0.1982,0.0456,0.0342,0.1725529767911201,3.784056508577195,0.025162080000000003,1.1534273170731708
Toor Dal 1kg,"Basmati Rice 5kg, Hand Sanitizer 200ml",0.2068,0.033,0.0258,0.12475822050290135,3.780552136451556,0.0189756,1.1048375690607735
Toor Dal 1kg,"Choco Cookies 150g, Cooking Oil 1L, Instant Coffee 100g",0.2068,0.033,0.0258,0.12475822050290135,3.780552136451556,0.0189756,1.1048375690607735
"Basmati Rice 5kg, Hand Sanitizer 200ml",Toor Dal 1kg,0.033,0.2068,0.0258,0.7818181818181817,3.7805521364515555,0.0189756,3.635499999999999
"Choco Cookies 150g, Cooking Oil 1L, Instant Coffee 100g",Toor Dal 1kg,0.033,0.2068,0.0258,0.7818181818181817,3.7805521364515555,0.0189756,3.635499999999999
Cooking Oil 1L,"Basmati Rice 5kg, Ghee 500ml",0.1996,0.0366,0.0276,0.13827655310621242,3.7780478990768422,0.02029464,1.1179920930232559
"Basmati Rice 5kg, Ghee 500ml",Cooking Oil 1L,0.0366,0.1996,0.0276,0.7540983606557377,3.778047899076842,0.02029464,3.254959999999999
"Potato Chips 90g, Toor Dal 1kg","Basmati Rice 5kg, Cooking Oil 1L",0.0478,0.1462,0.0264,0.5523012552301255,3.777710364091146,0.01941164,1.9070859813084111
"Basmati Rice 5kg, Cooking Oil 1L","Potato Chips 90g, Toor Dal 1kg",0.1462,0.0478,0.0264,0.18057455540355677,3.7777103640911456,0.01941164,1.1620337228714523
Toor Dal 1kg,"Basmati Rice 5kg, Cooking Oil 1L, Poha 500g",0.2068,0.0274,0.0214,0.1034816247582205,3.776701633511697,0.01573368,1.084863430420712
"Basmati Rice 5kg, Cooking Oil 1L, Poha 500g",Toor Dal 1kg,0.0274,0.2068,0.0214,0.7810218978102189,3.7767016335116965,0.01573368,3.622279999999999
"Basmati Rice 5kg, Toor Dal 1kg, White Bread 400g",Toned Milk 1L,0.039,0.254,0.0374,0.958974358974359,3.775489602261256,0.027494000000000005,18.183750000000014
Toned Milk 1L,"Basmati Rice 5kg, Toor Dal 1kg, White Bread 400g",0.254,0.039,0.0374,0.14724409448818898,3.775489602261256,0.027494000000000005,1.1269344413665743
"Cooking Oil 1L, Potato Chips 90g","Basmati Rice 5kg, Toor Dal 1kg",0.0456,0.1534,0.0264,0.5789473684210527,3.7741027928360666,0.01940496,2.010675
"Basmati Rice 5kg, Toor Dal 1kg","Cooking Oil 1L, Potato Chips 90g",0.1534,0.0456,0.0264,0.17209908735332463,3.774102792836066,0.01940496,1.1527949606299213
"Basmati Rice 5kg, Ghee 500ml, Poha 500g",Toor Dal 1kg,0.0326,0.2068,0.0254,0.7791411042944786,3.767606887304055,0.01865832,3.591433333333334
Toor Dal 1kg,"Basmati Rice 5kg, Ghee 500ml, Poha 500g",0.2068,0.0326,0.0254,0.12282398452611218,3.767606887304055,0.01865832,1.1028573318632857
"Basmati Rice 5kg, Instant Coffee 100g, Toor Dal 1kg",Cooking Oil 1L,0.0274,0.1996,0.0206,0.7518248175182481,3.766657402396033,0.015130959999999999,3.2251411764705877
Cooking Oil 1L,"Basmati Rice 5kg, Instant Coffee 100g, Toor Dal 1kg",0.1996,0.0274,0.0206,0.10320641282565131,3.766657402396033,0.015130959999999999,1.084530502793296
"Basmati Rice 5kg, Poha 500g","Cooking Oil 1L, Toor Dal 1kg",0.0368,0.1544,0.0214,0.5815217391304348,3.7663325073214686,0.01571808,2.0206545454545455
"Cooking Oil 1L, Toor Dal 1kg","Basmati Rice 5kg, Poha 500g",0.1544,0.0368,0.0214,0.13860103626943004,3.7663325073214686,0.01571808,1.118181052631579
"Toned Milk 1L, Toor Dal 1kg",White Bread 400g,0.0534,0.2546,0.0512,0.9588014981273408,3.7659131898167355,0.03760436,18.092890909090915
White Bread 400g,"Toned Milk 1L, Toor Dal 1kg",0.2546,0.0534,0.0512,0.20109976433621368,3.7659131898167355,0.03760436,1.1848788593903639
"Basmati Rice 5kg, Choco Cookies 150g",Toor Dal 1kg,0.0342,0.2068,0.0266,0.7777777777777777,3.761014399312271,0.01952744,3.5693999999999986
Toor Dal 1kg,"Basmati Rice 5kg, Choco Cookies 150g",0.2068,0.0342,0.0266,0.12862669245647967,3.761014399312271,0.01952744,1.1083653718091009
"Basmati Rice 5kg, Potato Chips 90g, Toor Dal 1kg",Cooking Oil 1L,0.0352,0.1996,0.0264,0.75,3.7575150300601203,0.01937408,3.2016
Cooking Oil 1L,"Basmati Rice 5kg, Potato Chips 90g, Toor Dal 1kg",0.1996,0.0352,0.0264,0.13226452905811623,3.75751503006012,0.01937408,1.111859584295612
"Cola 750ml, Cooking Oil 1L, Potato Chips 90g",Basmati Rice 5kg,0.0414,0.1982,0.0308,0.7439613526570049,3.7535890648688444,0.02259452,3.131558490566039
Basmati Rice 5kg,"Cola 750ml, Cooking Oil 1L, Potato Chips 90g",0.1982,0.0414,0.0308,0.15539858728557016,3.7535890648688444,0.02259452,1.1349732377538828
"Face Wash 100ml, White Bread 400g",Toned Milk 1L,0.0382,0.254,0.0364,0.9528795811518326,3.751494413983593,0.026697200000000004,15.831777777777816
Toned Milk 1L,"Face Wash 100ml, White Bread 400g",0.254,0.0382,0.0364,0.14330708661417324,3.751494413983593,0.026697200000000004,1.122689338235294
"Cola 750ml, Potato Chips 90g, Toor Dal 1kg","Basmati Rice 5kg, Cooking Oil 1L",0.0434,0.1462,0.0238,0.5483870967741936,3.750937734433609,0.017454920000000002,1.890557142857143
"Basmati Rice 5kg, Cooking Oil 1L","Cola 750ml, Potato Chips 90g, Toor Dal 1kg",0.1462,0.0434,0.0238,0.16279069767441862,3.7509377344336086,0.017454920000000002,1.1426055555555557
"Basmati Rice 5kg, Cooking Oil 1L, Ghee 500ml",Toor Dal 1kg,0.0276,0.2068,0.0214,0.7753623188405797,3.749334230370308,0.01569232,3.5310193548387097
Toor Dal 1kg,"Basmati Rice 5kg, Cooking Oil 1L, Ghee 500ml",0.2068,0.0276,0.0214,0.1034816247582205,3.749334230370308,0.01569232,1.0846403451995685
"Basmati Rice 5kg, Toor Dal 1kg","Cola 750ml, Cooking Oil 1L, Potato Chips 90g",0.1534,0.0414,0.0238,0.15514993481095177,3.7475829664481104,0.01744924,1.1346391975308643
"Cola 750ml, Cooking Oil 1L, Potato Chips 90g","Basmati Rice 5kg, Toor Dal 1kg",0.0414,0.1534,0.0238,0.5748792270531401,3.74758296644811,0.01744924,1.9914340909090908
"Basmati Rice 5kg, Toned Milk 1L, Toor Dal 1kg",White Bread 400g,0.0392,0.2546,0.0374,0.9540816326530613,3.7473748336726684,0.027419680000000002,16.233155555555598
White Bread 400g,"Basmati Rice 5kg, Toned Milk 1L, Toor Dal 1kg",0.2546,0.0392,0.0374,0.1468970934799686,3.7473748336726684,0.027419680000000002,1.126241620626151
"Basmati Rice 5kg, Cooking Oil 1L, Toor Dal 1kg, White Bread 400g",Toned Milk 1L,0.0246,0.254,0.0234,0.951219512195122,3.744958709429614,0.0171516,15.29300000000002
Toned Milk 1L,"Basmati Rice 5kg, Cooking Oil 1L, Toor Dal 1kg, White Bread 400g",0.254,0.0246,0.0234,0.09212598425196851,3.744958709429614,0.0171516,1.0743781439722464
"Cola 750ml, Potato Chips 90g, Toor Dal 1kg",Basmati Rice 5kg,0.0434,0.1982,0.0322,0.7419354838709677,3.7433677289150746,0.02359812,3.1069750000000003
Basmati Rice 5kg,"Cola 750ml, Potato Chips 90g, Toor Dal 1kg",0.1982,0.0434,0.0322,0.16246215943491424,3.7433677289150746,0.02359812,1.1421573493975905
Basmati Rice 5kg,Toor Dal 1kg,0.1982,0.2068,0.1534,0.773965691220989,3.7425807119003336,0.11241224000000001,3.5092017857142874
Toor Dal 1kg,Basmati Rice 5kg,0.2068,0.1982,0.1534,0.741779497098646,3.742580711900333,0.11241224000000001,3.1050981273408236
"Basmati Rice 5kg, Cooking Oil 1L, White Bread 400g",Toor Dal 1kg,0.0318,0.2068,0.0246,0.7735849056603773,3.740739389073391,0.01802376,3.503299999999999
Toor Dal 1kg,"Basmati Rice 5kg, Cooking Oil 1L, White Bread 400g",0.2068,0.0318,0.0246,0.11895551257253384,3.740739389073391,0.01802376,1.0989229418221735
Toor Dal 1kg,Cooking Oil 1L,0.2068,0.1996,0.1544,0.746615087040619,3.7405565482996943,0.11312272000000001,3.158830534351145
Cooking Oil 1L,Toor Dal 1kg,0.1996,0.2068,0.1544,0.7735470941883767,3.740556548299694,0.11312272000000001,3.5027150442477875
"Basmati Rice 5kg, Cooking Oil 1L","Cola 750ml, Toor Dal 1kg",0.1462,0.0472,0.0258,0.17647058823529413,3.738783649052842,0.01889936,1.1569714285714285
"Cola 750ml, Toor Dal 1kg","Basmati Rice 5kg, Cooking Oil 1L",0.0472,0.1462,0.0258,0.5466101694915254,3.7387836490528414,0.01889936,1.8831476635514017
"Cooking Oil 1L, Face Wash 100ml, Hand Sanitizer 200ml",Toor Dal 1kg,0.0264,0.2068,0.0204,0.7727272727272728,3.736592227888166,0.01494048,3.4900800000000016
Toor Dal 1kg,"Basmati Rice 5kg, Cola 750ml, Cooking Oil 1L, Potato Chips 90g",0.2068,0.0308,0.0238,0.11508704061895551,3.736592227888166,0.01743056,1.0952489617486338
Toor Dal 1kg,"Cooking Oil 1L, Face Wash 100ml, Hand Sanitizer 200ml",0.2068,0.0264,0.0204,0.09864603481624758,3.736592227888166,0.01494048,1.0801527896995708
"Basmati Rice 5kg, Cola 750ml, Cooking Oil 1L, Potato Chips 90g",Toor Dal 1kg,0.0308,0.2068,0.0238,0.7727272727272727,3.7365922278881656,0.01743056,3.49008
"Ghee 500ml, Toor Dal 1kg","Basmati Rice 5kg, Cooking Oil 1L",0.0392,0.1462,0.0214,0.5459183673469388,3.7340517602389793,0.01566896,1.8802786516853933
"Basmati Rice 5kg, Cooking Oil 1L","Ghee 500ml, Toor Dal 1kg",0.1462,0.0392,0.0214,0.14637482900136797,3.734051760238979,0.01566896,1.125552564102564
"Potato Chips 90g, White Bread 400g",Toned Milk 1L,0.058,0.254,0.055,0.9482758620689655,3.733369535704589,0.040268,14.422666666666668
Toned Milk 1L,"Potato Chips 90g, White Bread 400g",0.254,0.058,0.055,0.21653543307086615,3.7333695357045884,0.040268,1.2023517587939698
"Toor Dal 1kg, White Bread 400g",Toned Milk 1L,0.054,0.254,0.0512,0.9481481481481482,3.7328667249927094,0.037484,14.387142857142868
Toned Milk 1L,"Toor Dal 1kg, White Bread 400g",0.254,0.054,0.0512,0.2015748031496063,3.7328667249927094,0.037484,1.1848323471400395
"Basmati Rice 5kg, Cooking Oil 1L, Potato Chips 90g",Toor Dal 1kg,0.0342,0.2068,0.0264,0.7719298245614035,3.7327360955580438,0.01932744,3.4778769230769226
Toor Dal 1kg,"Basmati Rice 5kg, Cooking Oil 1L, Potato Chips 90g",0.2068,0.0342,0.0264,0.1276595744680851,3.7327360955580438,0.01932744,1.1071365853658537
"Basmati Rice 5kg, Cooking Oil 1L, Toned Milk 1L",Toor Dal 1kg,0.0324,0.2068,0.025,0.771604938271605,3.7311650786828094,0.018299680000000002,3.4729297297297315
Toor Dal 1kg,"Basmati Rice 5kg, Cooking Oil 1L, Toned Milk 1L",0.2068,0.0324,0.025,0.12088974854932302,3.7311650786828094,0.018299680000000002,1.100658305830583
"Basmati Rice 5kg, Poha 500g",Cooking Oil 1L,0.0368,0.1996,0.0274,0.7445652173913044,3.730286660277076,0.02005472,3.133480851063831
Cooking Oil 1L,"Basmati Rice 5kg, Poha 500g",0.1996,0.0368,0.0274,0.1372745490981964,3.730286660277076,0.02005472,1.1164617886178863
"Basmati Rice 5kg, Cooking Oil 1L","Instant Coffee 100g, Toor Dal 1kg",0.1462,0.0378,0.0206,0.1409028727770178,3.727589226905233,0.01507364,1.1200130573248408
"Instant Coffee 100g, Toor Dal 1kg","Basmati Rice 5kg, Cooking Oil 1L",0.0378,0.1462,0.0206,0.544973544973545,3.7275892269052324,0.01507364,1.8763744186046514
"Basmati Rice 5kg, White Bread 400g",Toned Milk 1L,0.048,0.254,0.0454,0.9458333333333334,3.723753280839895,0.033208,13.772307692307713
Toned Milk 1L,"Basmati Rice 5kg, White Bread 400g",0.254,0.048,0.0454,0.17874015748031497,3.723753280839895,0.033208,1.1591946308724832
"Poha 500g, White Bread 400g",Toned Milk 1L,0.0368,0.254,0.0348,0.9456521739130435,3.7230400547757614,0.025452799999999998,13.726399999999995
Toned Milk 1L,"Poha 500g, White Bread 400g",0.254,0.0368,0.0348,0.13700787401574802,3.7230400547757614,0.025452799999999998,1.1161167883211678
"Basmati Rice 5kg, Ghee 500ml, Toor Dal 1kg",Cooking Oil 1L,0.0288,0.1996,0.0214,0.7430555555555556,3.7227232242262303,0.01565152,3.1150702702702704
Cooking Oil 1L,"Basmati Rice 5kg, Ghee 500ml, Toor Dal 1kg",0.1996,0.0288,0.0214,0.10721442885771543,3.7227232242262303,0.01565152,1.0878312008978677
"Choco Cookies 150g, Cooking Oil 1L",Toor Dal 1kg,0.0382,0.2068,0.0294,0.7696335078534031,3.721632049581253,0.021500239999999997,3.443209090909091
Toor Dal 1kg,"Choco Cookies 150g, Cooking Oil 1L",0.2068,0.0382,0.0294,0.14216634429400385,3.721632049581253,0.021500239999999997,1.1211963923337092
Basmati Rice 5kg,"Cola 750ml, Toor Dal 1kg",0.1982,0.0472,0.0348,0.17558022199798184,3.719919957584361,0.02544496,1.1557219094247246
"Cola 750ml, Toor Dal 1kg",Basmati Rice 5kg,0.0472,0.1982,0.0348,0.7372881355932203,3.7199199575843607,0.02544496,3.0520129032258057
"Cooking Oil 1L, Toned Milk 1L, Toor Dal 1kg",White Bread 400g,0.0374,0.2546,0.0354,0.946524064171123,3.717690746940782,0.02587796,13.938980000000003
White Bread 400g,"Cooking Oil 1L, Toned Milk 1L, Toor Dal 1kg",0.2546,0.0374,0.0354,0.13904163393558525,3.717690746940782,0.02587796,1.1180563868613138
"Cola 750ml, Cooking Oil 1L",Basmati Rice 5kg,0.0456,0.1982,0.0336,0.7368421052631579,3.7176695522863668,0.02456208,3.04684
Basmati Rice 5kg,"Cola 750ml, Cooking Oil 1L",0.1982,0.0456,0.0336,0.16952573158425832,3.7176695522863668,0.02456208,1.1492228432563791
"Potato Chips 90g, Toor Dal 1kg",Basmati Rice 5kg,0.0478,0.1982,0.0352,0.7364016736401674,3.7154473947536197,0.025726040000000002,3.041749206349207
Basmati Rice 5kg,"Potato Chips 90g, Toor Dal 1kg",0.1982,0.0478,0.0352,0.17759838546922302,3.7154473947536193,0.025726040000000002,1.1578284662576688
"Cola 750ml, White Bread 400g",Toned Milk 1L,0.0568,0.254,0.0536,0.9436619718309859,3.7152046135078183,0.0391728,13.241499999999991
Toned Milk 1L,"Cola 750ml, White Bread 400g",0.254,0.0568,0.0536,0.2110236220472441,3.7152046135078183,0.0391728,1.1954730538922156
"Basmati Rice 5kg, Cola 750ml, Toor Dal 1kg",Cooking Oil 1L,0.0348,0.1996,0.0258,0.7413793103448276,3.714325202128395,0.01885392,3.0948800000000003
Cooking Oil 1L,"Basmati Rice 5kg, Cola 750ml, Toor Dal 1kg",0.1996,0.0348,0.0258,0.12925851703406813,3.7143252021283946,0.01885392,1.1084805523590333
"Poha 500g, Toned Milk 1L",White Bread 400g,0.0368,0.2546,0.0348,0.9456521739130435,3.714266197616039,0.025430719999999997,13.715359999999997
White Bread 400g,"Poha 500g, Toned Milk 1L",0.2546,0.0368,0.0348,0.13668499607227022,3.7142661976160385,0.025430719999999997,1.1156993630573249
"Basmati Rice 5kg, Cola 750ml, Cooking Oil 1L",Toor Dal 1kg,0.0336,0.2068,0.0258,0.7678571428571429,3.713042276872064,0.01885152,3.4168615384615393
Toor Dal 1kg,"Basmati Rice 5kg, Cola 750ml, Cooking Oil 1L",0.2068,0.0336,0.0258,0.12475822050290135,3.713042276872064,0.01885152,1.104152044198895
"Basmati Rice 5kg, Toor Dal 1kg","Cooking Oil 1L, Ghee 500ml",0.1534,0.0376,0.0214,0.1395045632333768,3.7102277455685315,0.01563216,1.1184254545454546
"Cooking Oil 1L, Ghee 500ml","Basmati Rice 5kg, Toor Dal 1kg",0.0376,0.1534,0.0214,0.5691489361702127,3.710227745568531,0.01563216,1.9649481481481477
"Cola 750ml, Potato Chips 90g, White Bread 400g",Toned Milk 1L,0.0514,0.254,0.0484,0.9416342412451362,3.7072214222249453,0.0353444,12.781466666666663
Toned Milk 1L,"Cola 750ml, Potato Chips 90g, White Bread 400g",0.254,0.0514,0.0484,0.1905511811023622,3.7072214222249453,0.0353444,1.171908560311284
"Ghee 500ml, Toor Dal 1kg",Basmati Rice 5kg,0.0392,0.1982,0.0288,0.7346938775510204,3.7068308655450077,0.02103056,3.0221692307692316
Basmati Rice 5kg,"Ghee 500ml, Toor Dal 1kg",0.1982,0.0392,0.0288,0.14530776992936428,3.7068308655450073,0.02103056,1.1241473435655254
"Cooking Oil 1L, Toor Dal 1kg, White Bread 400g",Toned Milk 1L,0.0376,0.254,0.0354,0.9414893617021276,3.706651030323337,0.0258496,12.749818181818169
Toned Milk 1L,"Cooking Oil 1L, Toor Dal 1kg, White Bread 400g",0.254,0.0376,0.0354,0.13937007874015747,3.7066510303233366,0.0258496,1.1182506861848125
"Toned Milk 1L, Toor Dal 1kg",Basmati Rice 5kg,0.0534,0.1982,0.0392,0.7340823970037452,3.703745696285294,0.02861612,3.0152197183098584
Basmati Rice 5kg,"Toned Milk 1L, Toor Dal 1kg",0.1982,0.0534,0.0392,0.1977800201816347,3.703745696285294,0.02861612,1.1799755974842767
"Cooking Oil 1L, Ghee 500ml",Basmati Rice 5kg,0.0376,0.1982,0.0276,0.7340425531914894,3.7035446679691697,0.02014768,3.014768
Basmati Rice 5kg,"Cooking Oil 1L, Ghee 500ml",0.1982,0.0376,0.0276,0.13925327951564076,3.703544667969169,0.02014768,1.1180989449003516
"Basmati Rice 5kg, Cola 750ml, Potato Chips 90g, Toor Dal 1kg",Cooking Oil 1L,0.0322,0.1996,0.0238,0.7391304347826088,3.703058290494032,0.01737288,3.068200000000001
Cooking Oil 1L,"Basmati Rice 5kg, Cola 750ml, Potato Chips 90g, Toor Dal 1kg",0.1996,0.0322,0.0238,0.11923847695390782,3.703058290494032,0.01737288,1.0988218430034131
"Cooking Oil 1L, Ghee 500ml, Poha 500g",Basmati Rice 5kg,0.0338,0.1982,0.0248,0.7337278106508877,3.7019566632234495,0.01810084,3.0112044444444455
Basmati Rice 5kg,"Cooking Oil 1L, Ghee 500ml, Poha 500g",0.1982,0.0338,0.0248,0.12512613521695257,3.701956663223449,0.01810084,1.1043877739331027
White Bread 400g,"Ghee 500ml, Poha 500g, Toned Milk 1L",0.2546,0.031,0.0292,0.11468970934799687,3.69966804348377,0.0213074,1.0945314995563442
"Ghee 500ml, Poha 500g, Toned Milk 1L",White Bread 400g,0.031,0.2546,0.0292,0.9419354838709677,3.6996680434837694,0.0213074,12.837444444444436
"Potato Chips 90g, Toned Milk 1L",White Bread 400g,0.0584,0.2546,0.055,0.9417808219178082,3.6990605731257196,0.040131360000000005,12.803341176470587
White Bread 400g,"Potato Chips 90g, Toned Milk 1L",0.2546,0.0584,0.055,0.21602513747054203,3.6990605731257196,0.040131360000000005,1.2010589178356712
"Cooking Oil 1L, Face Wash 100ml",Toor Dal 1kg,0.0314,0.2068,0.024,0.7643312101910829,3.6959923123359903,0.01750648,3.3657405405405414
Toor Dal 1kg,"Cooking Oil 1L, Face Wash 100ml",0.2068,0.0314,0.024,0.11605415860735009,3.6959923123359903,0.01750648,1.095768490153173
Basmati Rice 5kg,Cooking Oil 1L,0.1982,0.1996,0.1462,0.7376387487386479,3.69558491352028,0.10663928,3.050755384615385
Cooking Oil 1L,Basmati Rice 5kg,0.1996,0.1982,0.1462,0.7324649298597194,3.69558491352028,0.10663928,2.996990262172285
"Cola 750ml, Toned Milk 1L",White Bread 400g,0.057,0.2546,0.0536,0.9403508771929825,3.6934441366574333,0.039087800000000006,12.496411764705892
White Bread 400g,"Cola 750ml, Toned Milk 1L",0.2546,0.057,0.0536,0.2105263157894737,3.6934441366574333,0.039087800000000006,1.1944666666666666
"Ghee 500ml, Toned Milk 1L",White Bread 400g,0.0364,0.2546,0.0342,0.9395604395604396,3.6903395112350337,0.02493256,12.332981818181818
White Bread 400g,"Ghee 500ml, Toned Milk 1L",0.2546,0.0364,0.0342,0.13432835820895522,3.6903395112350332,0.02493256,1.1131241379310344
Toned Milk 1L,"Basmati Rice 5kg, Cooking Oil 1L, White Bread 400g",0.254,0.0318,0.0298,0.1173228346456693,3.68939731590155,0.0217228,1.0968902765388047
"Basmati Rice 5kg, Cooking Oil 1L, White Bread 400g",Toned Milk 1L,0.0318,0.254,0.0298,0.9371069182389936,3.6893973159015494,0.0217228,11.861399999999982
"Cola 750ml, Cooking Oil 1L","Basmati Rice 5kg, Toor Dal 1kg",0.0456,0.1534,0.0258,0.5657894736842105,3.6883277293625194,0.01880496,1.9497454545454544
"Basmati Rice 5kg, Toor Dal 1kg","Cola 750ml, Cooking Oil 1L",0.1534,0.0456,0.0258,0.1681877444589309,3.6883277293625194,0.01880496,1.1473742946708465
Toned Milk 1L,White Bread 400g,0.254,0.2546,0.2384,0.9385826771653544,3.6864991247657284,0.17373159999999999,12.136641025641035
White Bread 400g,Toned Milk 1L,0.2546,0.254,0.2384,0.9363707776904949,3.686499124765728,0.17373159999999999,11.72417283950618
"Toned Milk 1L, Toor Dal 1kg, White Bread 400g",Basmati Rice 5kg,0.0512,0.1982,0.0374,0.73046875,3.6855133703329974,0.027252160000000004,2.974794202898551
Basmati Rice 5kg,"Toned Milk 1L, Toor Dal 1kg, White Bread 400g",0.1982,0.0512,0.0374,0.18869828456104948,3.6855133703329974,0.027252160000000004,1.1694786069651741
"Instant Coffee 100g, Toned Milk 1L",White Bread 400g,0.0454,0.2546,0.0426,0.9383259911894273,3.685490931615975,0.031041159999999998,12.086128571428565
White Bread 400g,"Instant Coffee 100g, Toned Milk 1L",0.2546,0.0454,0.0426,0.16732128829536527,3.6854909316159747,0.031041159999999998,1.1464205660377358
"Ghee 500ml, Poha 500g, White Bread 400g",Toned Milk 1L,0.0312,0.254,0.0292,0.9358974358974359,3.684635574399354,0.0212752,11.6376
Toned Milk 1L,"Ghee 500ml, Poha 500g, White Bread 400g",0.254,0.0312,0.0292,0.11496062992125984,3.684635574399354,0.0212752,1.0946405693950179
"Basmati Rice 5kg, Toned Milk 1L",White Bread 400g,0.0484,0.2546,0.0454,0.9380165289256199,3.6842754474690493,0.03307736,12.025786666666686
White Bread 400g,"Basmati Rice 5kg, Toned Milk 1L",0.2546,0.0484,0.0454,0.17831893165750198,3.6842754474690493,0.03307736,1.1581135755258127
"Cooking Oil 1L, White Bread 400g",Toned Milk 1L,0.0464,0.254,0.0434,0.935344827586207,3.682459951126799,0.0316144,11.538133333333345
Toned Milk 1L,"Cooking Oil 1L, White Bread 400g",0.254,0.0464,0.0434,0.17086614173228346,3.682459951126799,0.0316144,1.1501158594491927
"Choco Cookies 150g, Toned Milk 1L",White Bread 400g,0.0442,0.2546,0.0414,0.9366515837104071,3.6789143115098475,0.03014668,11.76667142857141
White Bread 400g,"Choco Cookies 150g, Toned Milk 1L",0.2546,0.0442,0.0414,0.16260801256873528,3.6789143115098475,0.03014668,1.141400938086304
"Ghee 500ml, White Bread 400g",Toned Milk 1L,0.0366,0.254,0.0342,0.9344262295081968,3.6788434232606173,0.0249036,11.376500000000007
Toned Milk 1L,"Ghee 500ml, White Bread 400g",0.254,0.0366,0.0342,0.1346456692913386,3.6788434232606173,0.0249036,1.1133011828935395
"Choco Cookies 150g, Instant Coffee 100g, Toor Dal 1kg",Basmati Rice 5kg,0.0332,0.1982,0.0242,0.7289156626506024,3.6776774099424947,0.017619759999999998,2.957751111111111
Basmati Rice 5kg,"Choco Cookies 150g, Instant Coffee 100g, Toor Dal 1kg",0.1982,0.0332,0.0242,0.12209889001009082,3.6776774099424947,0.017619759999999998,1.101262988505747
"Basmati Rice 5kg, Cooking Oil 1L, Toned Milk 1L, Toor Dal 1kg",White Bread 400g,0.025,0.2546,0.0234,0.9359999999999999,3.676355066771406,0.017035,11.64687499999999
White Bread 400g,"Basmati Rice 5kg, Cooking Oil 1L, Toned Milk 1L, Toor Dal 1kg",0.2546,0.025,0.0234,0.09190887666928516,3.676355066771406,0.017035,1.0736807958477508
"Basmati Rice 5kg, Poha 500g, Toor Dal 1kg",Cooking Oil 1L,0.0292,0.1996,0.0214,0.732876712328767,3.671727015675186,0.01557168,2.99636923076923
Cooking Oil 1L,"Basmati Rice 5kg, Poha 500g, Toor Dal 1kg",0.1996,0.0292,0.0214,0.10721442885771543,3.671727015675186,0.01557168,1.0873831649831651
"Cola 750ml, Potato Chips 90g, Toned Milk 1L",White Bread 400g,0.0518,0.2546,0.0484,0.9343629343629344,3.6699251153296717,0.03521172,11.356388235294123
White Bread 400g,"Cola 750ml, Potato Chips 90g, Toned Milk 1L",0.2546,0.0518,0.0484,0.19010212097407697,3.6699251153296713,0.03521172,1.170764888457808
"Basmati Rice 5kg, Toor Dal 1kg","Cooking Oil 1L, Instant Coffee 100g",0.1534,0.0366,0.0206,0.13428943937418514,3.669110365414894,0.01498556,1.1128430722891567
"Cooking Oil 1L, Instant Coffee 100g","Basmati Rice 5kg, Toor Dal 1kg",0.0366,0.1534,0.0206,0.5628415300546448,3.6691103654148938,0.01498556,1.9365975
"Choco Cookies 150g, Instant Coffee 100g, Toned Milk 1L",White Bread 400g,0.0394,0.2546,0.0368,0.934010152284264,3.668539482656182,0.026768760000000003,11.295676923076929
White Bread 400g,"Choco Cookies 150g, Instant Coffee 100g, Toned Milk 1L",0.2546,0.0394,0.0368,0.14454045561665357,3.668539482656182,0.026768760000000003,1.1229052341597796
"Basmati Rice 5kg, Face Wash 100ml",Toor Dal 1kg,0.0306,0.2068,0.0232,0.7581699346405228,3.666198910253979,0.01687192,3.279989189189189
Toor Dal 1kg,"Basmati Rice 5kg, Face Wash 100ml",0.2068,0.0306,0.0232,0.11218568665377175,3.666198910253979,0.01687192,1.0918949891067538
"Cooking Oil 1L, Hand Sanitizer 200ml",Toor Dal 1kg,0.0338,0.2068,0.0256,0.7573964497041421,3.6624586542753486,0.01861016,3.2695317073170744
Toor Dal 1kg,"Cooking Oil 1L, Hand Sanitizer 200ml",0.2068,0.0338,0.0256,0.12379110251450677,3.6624586542753486,0.01861016,1.1027050772626932
"Instant Coffee 100g, White Bread 400g",Toned Milk 1L,0.0458,0.254,0.0426,0.9301310043668122,3.6619330880583156,0.0309668,10.677124999999991
Toned Milk 1L,"Instant Coffee 100g, White Bread 400g",0.254,0.0458,0.0426,0.16771653543307086,3.6619330880583156,0.0309668,1.146484389782403
"Ghee 500ml, Poha 500g, Toor Dal 1kg",Basmati Rice 5kg,0.035,0.1982,0.0254,0.7257142857142856,3.6615251549661236,0.018463,2.9232291666666663
Basmati Rice 5kg,"Ghee 500ml, Poha 500g, Toor Dal 1kg",0.1982,0.035,0.0254,0.12815338042381433,3.661525154966123,0.018463,1.1068460648148148
"Cooking Oil 1L, Potato Chips 90g, Toor Dal 1kg",Basmati Rice 5kg,0.0364,0.1982,0.0264,0.7252747252747253,3.659307392909815,0.01918552,2.918552
Basmati Rice 5kg,"Cooking Oil 1L, Potato Chips 90g, Toor Dal 1kg",0.1982,0.0364,0.0264,0.13319878910191726,3.659307392909815,0.01918552,1.1116735739231665
"Instant Coffee 100g, Toor Dal 1kg",Basmati Rice 5kg,0.0378,0.1982,0.0274,0.7248677248677249,3.6572539095243437,0.019908040000000002,2.9142346153846157
Basmati Rice 5kg,"Instant Coffee 100g, Toor Dal 1kg",0.1982,0.0378,0.0274,0.1382441977800202,3.6572539095243437,0.019908040000000002,1.1165576112412177
"Basmati Rice 5kg, Toor Dal 1kg","Cooking Oil 1L, Poha 500g",0.1534,0.0382,0.0214,0.1395045632333768,3.6519519171041046,0.01554012,1.117728181818182
"Cooking Oil 1L, Poha 500g","Basmati Rice 5kg, Toor Dal 1kg",0.0382,0.1534,0.0214,0.5602094240837696,3.651951917104104,0.01554012,1.925007142857143
"Basmati Rice 5kg, Choco Cookies 150g, Cooking Oil 1L",Toor Dal 1kg,0.0268,0.2068,0.0202,0.753731343283582,3.6447357025318277,0.014657759999999999,3.220872727272727
Toor Dal 1kg,"Basmati Rice 5kg, Choco Cookies 150g, Cooking Oil 1L",0.2068,0.0268,0.0202,0.09767891682785299,3.6447357025318277,0.014657759999999999,1.078551768488746
Basmati Rice 5kg,"Toor Dal 1kg, White Bread 400g",0.1982,0.054,0.039,0.19677093844601415,3.6439062675187808,0.0282972,1.177746231155779
"Toor Dal 1kg, White Bread 400g",Basmati Rice 5kg,0.054,0.1982,0.039,0.7222222222222222,3.6439062675187803,0.0282972,2.88648
"Cooking Oil 1L, Toned Milk 1L",White Bread 400g,0.0468,0.2546,0.0434,0.9273504273504274,3.642381882758945,0.03148472,10.260211764705888
White Bread 400g,"Cooking Oil 1L, Toned Milk 1L",0.2546,0.0468,0.0434,0.17046347211311863,3.642381882758945,0.03148472,1.149075378787879
Toned Milk 1L,"Choco Cookies 150g, Instant Coffee 100g, White Bread 400g",0.254,0.0398,0.0368,0.14488188976377953,3.6402484865271236,0.0266908,1.1228858195211786
"Choco Cookies 150g, Instant Coffee 100g, White Bread 400g",Toned Milk 1L,0.0398,0.254,0.0368,0.9246231155778893,3.640248486527123,0.0266908,9.896933333333319
"Cola 750ml, Cooking Oil 1L, Potato Chips 90g, Toor Dal 1kg",Basmati Rice 5kg,0.033,0.1982,0.0238,0.7212121212121212,3.638809895116656,0.0172594,2.876021739130435
Basmati Rice 5kg,"Cola 750ml, Cooking Oil 1L, Potato Chips 90g, Toor Dal 1kg",0.1982,0.033,0.0238,0.12008072653884966,3.638809895116656,0.0172594,1.0989644495412845
"Choco Cookies 150g, Toor Dal 1kg","Basmati Rice 5kg, Cooking Oil 1L",0.038,0.1462,0.0202,0.531578947368421,3.635970912232702,0.014644399999999998,1.8227191011235955
"Basmati Rice 5kg, Cooking Oil 1L","Choco Cookies 150g, Toor Dal 1kg",0.1462,0.038,0.0202,0.13816689466484267,3.6359709122327017,0.014644399999999998,1.1162253968253968
"Basmati Rice 5kg, Cooking Oil 1L",Toor Dal 1kg,0.1462,0.2068,0.1098,0.7510259917920656,3.6316537320699496,0.07956584,3.185874725274725
Toor Dal 1kg,"Basmati Rice 5kg, Cooking Oil 1L",0.2068,0.1462,0.1098,0.5309477756286266,3.6316537320699496,0.07956584,1.820266391752577
"Choco Cookies 150g, White Bread 400g",Toned Milk 1L,0.045,0.254,0.0414,0.92,3.6220472440944884,0.02997,9.325000000000005
Toned Milk 1L,"Choco Cookies 150g, White Bread 400g",0.254,0.045,0.0414,0.16299212598425197,3.6220472440944884,0.02997,1.1409689557855127
"Cooking Oil 1L, Poha 500g",Basmati Rice 5kg,0.0382,0.1982,0.0274,0.7172774869109948,3.6189580570685917,0.01982876,2.835996296296297
Basmati Rice 5kg,"Cooking Oil 1L, Poha 500g",0.1982,0.0382,0.0274,0.1382441977800202,3.6189580570685917,0.01982876,1.1160934426229507
"Cola 750ml, Cooking Oil 1L, Toor Dal 1kg",Basmati Rice 5kg,0.036,0.1982,0.0258,0.7166666666666667,3.6158762193070975,0.018664800000000002,2.8298823529411767
Basmati Rice 5kg,"Cola 750ml, Cooking Oil 1L, Toor Dal 1kg",0.1982,0.036,0.0258,0.1301715438950555,3.6158762193070975,0.018664800000000002,1.1082645011600927
"Basmati Rice 5kg, Cooking Oil 1L, Toned Milk 1L",White Bread 400g,0.0324,0.2546,0.0298,0.9197530864197532,3.6125415805960457,0.02155096,9.28883076923078
White Bread 400g,"Basmati Rice 5kg, Cooking Oil 1L, Toned Milk 1L",0.2546,0.0324,0.0298,0.11704634721131187,3.6125415805960452,0.02155096,1.095867259786477
Basmati Rice 5kg,"Poha 500g, Toor Dal 1kg",0.1982,0.0408,0.0292,0.14732593340060546,3.610929740210918,0.02111344,1.124931597633136
"Poha 500g, Toor Dal 1kg",Basmati Rice 5kg,0.0408,0.1982,0.0292,0.7156862745098038,3.6109297402109175,0.02111344,2.8201241379310336
"Face Wash 100ml, Toned Milk 1L",White Bread 400g,0.0396,0.2546,0.0364,0.9191919191919191,3.6103374673681037,0.026317840000000002,9.224324999999991
White Bread 400g,"Face Wash 100ml, Toned Milk 1L",0.2546,0.0396,0.0364,0.1429693637077769,3.6103374673681032,0.026317840000000002,1.1206133822181485
"Choco Cookies 150g, Cooking Oil 1L, Instant Coffee 100g",Basmati Rice 5kg,0.033,0.1982,0.0236,0.7151515151515151,3.608231660703911,0.0170594,2.8148297872340424
Basmati Rice 5kg,"Choco Cookies 150g, Cooking Oil 1L, Instant Coffee 100g",0.1982,0.033,0.0236,0.11907164480322907,3.608231660703911,0.0170594,1.097705612829324
Cooking Oil 1L,"Face Wash 100ml, Toor Dal 1kg",0.1996,0.0334,0.024,0.12024048096192386,3.6000144000576006,0.01733336,1.098709339407745
"Face Wash 100ml, Toor Dal 1kg",Cooking Oil 1L,0.0334,0.1996,0.024,0.718562874251497,3.6000144000576,0.01733336,2.8439744680851065
"Cooking Oil 1L, Ghee 500ml, Toor Dal 1kg",Basmati Rice 5kg,0.03,0.1982,0.0214,0.7133333333333334,3.599058190380088,0.015453999999999999,2.7969767441860474
Basmati Rice 5kg,"Cooking Oil 1L, Ghee 500ml, Toor Dal 1kg",0.1982,0.03,0.0214,0.10797174571140263,3.5990581903800876,0.015453999999999999,1.0874095022624435
"Face Wash 100ml, Hand Sanitizer 200ml, Toor Dal 1kg",Cooking Oil 1L,0.0284,0.1996,0.0204,0.7183098591549296,3.598746789353355,0.014731360000000002,2.8414200000000003
Cooking Oil 1L,"Face Wash 100ml, Hand Sanitizer 200ml, Toor Dal 1kg",0.1996,0.0284,0.0204,0.10220440881763528,3.5987467893533545,0.014731360000000002,1.08220625
"Hand Sanitizer 200ml, Toor Dal 1kg",Basmati Rice 5kg,0.0362,0.1982,0.0258,0.712707182320442,3.5958990026258424,0.01862516,2.790880769230769
Basmati Rice 5kg,"Hand Sanitizer 200ml, Toor Dal 1kg",0.1982,0.0362,0.0258,0.1301715438950555,3.5958990026258424,0.01862516,1.1080345707656611
"Cooking Oil 1L, Toor Dal 1kg",Basmati Rice 5kg,0.1544,0.1982,0.1098,0.711139896373057,3.5879914045058374,0.07919791999999999,2.775738116591928
Basmati Rice 5kg,"Cooking Oil 1L, Toor Dal 1kg",0.1982,0.1544,0.1098,0.5539858728557013,3.5879914045058374,0.07919791999999999,1.8959040723981901
"Poha 500g, Toor Dal 1kg","Basmati Rice 5kg, Cooking Oil 1L",0.0408,0.1462,0.0214,0.5245098039215685,3.587618357876666,0.015435039999999999,1.7956206185567007
"Basmati Rice 5kg, Cooking Oil 1L","Poha 500g, Toor Dal 1kg",0.1462,0.0408,0.0214,0.14637482900136797,3.5876183578766656,0.015435039999999999,1.1236782051282053
"Basmati Rice 5kg, Toor Dal 1kg",Cooking Oil 1L,0.1534,0.1996,0.1098,0.7157757496740547,3.5860508500704142,0.07918135999999999,2.816086238532109
Cooking Oil 1L,"Basmati Rice 5kg, Toor Dal 1kg",0.1996,0.1534,0.1098,0.5501002004008015,3.5860508500704142,0.07918135999999999,1.8817523385300665
Basmati Rice 5kg,"Cooking Oil 1L, Instant Coffee 100g",0.1982,0.0366,0.026,0.1311806256306761,3.5841700991988,0.01874588,1.1088610917537747
"Cooking Oil 1L, Instant Coffee 100g",Basmati Rice 5kg,0.0366,0.1982,0.026,0.7103825136612021,3.5841700991987997,0.01874588,2.768479245283018
"Cooking Oil 1L, Instant Coffee 100g, Toor Dal 1kg",Basmati Rice 5kg,0.029,0.1982,0.0206,0.7103448275862069,3.5839799575489755,0.0148522,2.768119047619048
Basmati Rice 5kg,"Cooking Oil 1L, Instant Coffee 100g, Toor Dal 1kg",0.1982,0.029,0.0206,0.10393541876892029,3.5839799575489755,0.0148522,1.0836272522522523
"Face Wash 100ml, Hand Sanitizer 200ml, Toned Milk 1L",White Bread 400g,0.0334,0.2546,0.0304,0.9101796407185629,3.5749396728930205,0.02189636,8.298786666666674
White Bread 400g,"Face Wash 100ml, Hand Sanitizer 200ml, Toned Milk 1L",0.2546,0.0334,0.0304,0.11940298507462686,3.57493967289302,0.02189636,1.097664406779661
"Hand Sanitizer 200ml, Toned Milk 1L",White Bread 400g,0.0444,0.2546,0.0404,0.9099099099099098,3.573880243165396,0.02909576,8.273939999999994
White Bread 400g,"Hand Sanitizer 200ml, Toned Milk 1L",0.2546,0.0444,0.0404,0.1586802827965436,3.5738802431653958,0.02909576,1.1358345471521942
"Hand Sanitizer 200ml, Toor Dal 1kg",Cooking Oil 1L,0.0362,0.1996,0.0256,0.7071823204419889,3.5429975974047543,0.01837448,2.733441509433962
Cooking Oil 1L,"Hand Sanitizer 200ml, Toor Dal 1kg",0.1996,0.0362,0.0256,0.12825651302605212,3.5429975974047543,0.01837448,1.105600459770115
"Choco Cookies 150g, Cooking Oil 1L",Basmati Rice 5kg,0.0382,0.1982,0.0268,0.7015706806282723,3.539710800344462,0.01922876,2.686733333333334
Basmati Rice 5kg,"Choco Cookies 150g, Cooking Oil 1L",0.1982,0.0382,0.0268,0.13521695257315844,3.5397108003444617,0.01922876,1.112186464410735
Basmati Rice 5kg,"Choco Cookies 150g, Toor Dal 1kg",0.1982,0.038,0.0266,0.13420787083753785,3.531786074672049,0.0190684,1.111121212121212
"Choco Cookies 150g, Toor Dal 1kg",Basmati Rice 5kg,0.038,0.1982,0.0266,0.7,3.5317860746720484,0.0190684,2.6726666666666663
"Cooking Oil 1L, Toned Milk 1L, White Bread 400g","Basmati Rice 5kg, Toor Dal 1kg",0.0434,0.1534,0.0234,0.5391705069124424,3.5148012184644224,0.01674244,1.837122
"Basmati Rice 5kg, Toor Dal 1kg","Cooking Oil 1L, Toned Milk 1L, White Bread 400g",0.1534,0.0434,0.0234,0.15254237288135591,3.514801218464422,0.01674244,1.1287880000000001
"Toned Milk 1L, Toor Dal 1kg",Cooking Oil 1L,0.0534,0.1996,0.0374,0.700374531835206,3.5088904400561427,0.026741360000000002,2.6713350000000005
Cooking Oil 1L,"Toned Milk 1L, Toor Dal 1kg",0.1996,0.0534,0.0374,0.18737474949899802,3.5088904400561423,0.026741360000000002,1.1648665844636252
Basmati Rice 5kg,"Face Wash 100ml, Toor Dal 1kg",0.1982,0.0334,0.0232,0.1170534813319879,3.5045952494607158,0.01658012,1.0947435428571428
"Face Wash 100ml, Toor Dal 1kg",Basmati Rice 5kg,0.0334,0.1982,0.0232,0.6946107784431137,3.5045952494607153,0.01658012,2.6255019607843133
"Cooking Oil 1L, Toned Milk 1L",Basmati Rice 5kg,0.0468,0.1982,0.0324,0.6923076923076923,3.4929752386866415,0.023124239999999997,2.60585
Basmati Rice 5kg,"Cooking Oil 1L, Toned Milk 1L",0.1982,0.0468,0.0324,0.16347124117053483,3.4929752386866415,0.023124239999999997,1.1394706875753922
"Toor Dal 1kg, White Bread 400g",Cooking Oil 1L,0.054,0.1996,0.0376,0.6962962962962963,3.4884583982780377,0.0268216,2.6354634146341462
Cooking Oil 1L,"Toor Dal 1kg, White Bread 400g",0.1996,0.054,0.0376,0.18837675350701402,3.4884583982780373,0.0268216,1.1655654320987654
"Cooking Oil 1L, Poha 500g, Toor Dal 1kg",Basmati Rice 5kg,0.031,0.1982,0.0214,0.6903225806451613,3.482959539077504,0.0152558,2.5891458333333333
Basmati Rice 5kg,"Cooking Oil 1L, Poha 500g, Toor Dal 1kg",0.1982,0.031,0.0214,0.10797174571140263,3.482959539077504,0.0152558,1.0862884615384616
"Cooking Oil 1L, Toned Milk 1L","Basmati Rice 5kg, Toor Dal 1kg",0.0468,0.1534,0.025,0.5341880341880342,3.482320952985881,0.01782088,1.8174715596330275
"Basmati Rice 5kg, Toor Dal 1kg","Cooking Oil 1L, Toned Milk 1L",0.1534,0.0468,0.025,0.16297262059973924,3.482320952985881,0.01782088,1.1387919003115266
"Basmati Rice 5kg, Face Wash 100ml",Cooking Oil 1L,0.0306,0.1996,0.0212,0.6928104575163399,3.4709942761339674,0.01509224,2.6055574468085103
Cooking Oil 1L,"Basmati Rice 5kg, Face Wash 100ml",0.1996,0.0306,0.0212,0.1062124248496994,3.4709942761339674,0.01509224,1.0845977578475337
"Choco Cookies 150g, Cooking Oil 1L, Toor Dal 1kg",Basmati Rice 5kg,0.0294,0.1982,0.0202,0.6870748299319728,3.466573309444868,0.01437292,2.5622739130434784
Basmati Rice 5kg,"Choco Cookies 150g, Cooking Oil 1L, Toor Dal 1kg",0.1982,0.0294,0.0202,0.10191725529767912,3.466573309444868,0.01437292,1.0807467415730339
"Cooking Oil 1L, Toned Milk 1L, White Bread 400g",Basmati Rice 5kg,0.0434,0.1982,0.0298,0.6866359447004609,3.4643589540891067,0.02119812,2.5586852941176477
Basmati Rice 5kg,"Cooking Oil 1L, Toned Milk 1L, White Bread 400g",0.1982,0.0434,0.0298,0.15035317860746722,3.464358954089106,0.02119812,1.1258795724465558
"Toned Milk 1L, Toor Dal 1kg, White Bread 400g",Cooking Oil 1L,0.0512,0.1996,0.0354,0.69140625,3.4639591683366735,0.025180479999999998,2.593701265822785
Cooking Oil 1L,"Toned Milk 1L, Toor Dal 1kg, White Bread 400g",0.1996,0.0512,0.0354,0.17735470941883769,3.4639591683366735,0.025180479999999998,1.153352496954933
"Basmati Rice 5kg, Hand Sanitizer 200ml",Cooking Oil 1L,0.033,0.1996,0.0228,0.6909090909090909,3.461468391328111,0.0162132,2.589529411764706
Cooking Oil 1L,"Basmati Rice 5kg, Hand Sanitizer 200ml",0.1996,0.033,0.0228,0.11422845691382766,3.461468391328111,0.0162132,1.0917036199095023
"Cooking Oil 1L, White Bread 400g",Basmati Rice 5kg,0.0464,0.1982,0.0318,0.685344827586207,3.4578447405964026,0.022603520000000002,2.5481863013698636
Basmati Rice 5kg,"Cooking Oil 1L, White Bread 400g",0.1982,0.0464,0.0318,0.16044399596367306,3.4578447405964026,0.022603520000000002,1.1358384615384616
"Cooking Oil 1L, White Bread 400g","Basmati Rice 5kg, Toor Dal 1kg",0.0464,0.1534,0.0246,0.5301724137931035,3.4561435058220566,0.01748224,1.8019376146788995
"Basmati Rice 5kg, Toor Dal 1kg","Cooking Oil 1L, White Bread 400g",0.1534,0.0464,0.0246,0.16036505867014342,3.4561435058220566,0.01748224,1.1357316770186334
"Choco Cookies 150g, Cooking Oil 1L","Basmati Rice 5kg, Toor Dal 1kg",0.0382,0.1534,0.0202,0.5287958115183247,3.4471695666122857,0.01434012,1.7966733333333336
"Basmati Rice 5kg, Toor Dal 1kg","Choco Cookies 150g, Cooking Oil 1L",0.1534,0.0382,0.0202,0.13168187744458928,3.4471695666122852,0.01434012,1.1076585585585585
Basmati Rice 5kg,"Cooking Oil 1L, Face Wash 100ml",0.1982,0.0314,0.0212,0.10696266397578205,3.406454266744652,0.01497652,1.0846131073446328
"Cooking Oil 1L, Face Wash 100ml",Basmati Rice 5kg,0.0314,0.1982,0.0212,0.6751592356687899,3.4064542667446513,0.01497652,2.4682862745098046
"Cooking Oil 1L, Hand Sanitizer 200ml",Basmati Rice 5kg,0.0338,0.1982,0.0228,0.6745562130177516,3.40341177102801,0.01610084,2.4637127272727284
Basmati Rice 5kg,"Cooking Oil 1L, Hand Sanitizer 200ml",0.1982,0.0338,0.0228,0.11503531786074674,3.40341177102801,0.01610084,1.0917949828962372
"Cooking Oil 1L, Toned Milk 1L, Toor Dal 1kg",Basmati Rice 5kg,0.0374,0.1982,0.025,0.6684491978609626,3.372599383758641,0.01758732,2.4183322580645163
Basmati Rice 5kg,"Cooking Oil 1L, Toned Milk 1L, Toor Dal 1kg",0.1982,0.0374,0.025,0.12613521695257318,3.372599383758641,0.01758732,1.1015434180138568
"Basmati Rice 5kg, Toned Milk 1L",Cooking Oil 1L,0.0484,0.1996,0.0324,0.6694214876033058,3.3538150681528345,0.02273936,2.42121
Cooking Oil 1L,"Basmati Rice 5kg, Toned Milk 1L",0.1996,0.0484,0.0324,0.1623246492985972,3.3538150681528345,0.02273936,1.1360009569377991
"Basmati Rice 5kg, Toned Milk 1L","Cooking Oil 1L, Toor Dal 1kg",0.0484,0.1544,0.025,0.5165289256198348,3.3453945959833855,0.01752704,1.7490188034188037
"Cooking Oil 1L, Toor Dal 1kg","Basmati Rice 5kg, Toned Milk 1L",0.1544,0.0484,0.025,0.16191709844559585,3.3453945959833855,0.01752704,1.1354485316846987
"Basmati Rice 5kg, Toned Milk 1L, White Bread 400g","Cooking Oil 1L, Toor Dal 1kg",0.0454,0.1544,0.0234,0.5154185022026432,3.3382027344730774,0.01639024,1.7450109090909092
"Cooking Oil 1L, Toor Dal 1kg","Basmati Rice 5kg, Toned Milk 1L, White Bread 400g",0.1544,0.0454,0.0234,0.1515544041450777,3.338202734473077,0.01639024,1.1251163358778626
"Cooking Oil 1L, Toned Milk 1L, Toor Dal 1kg, White Bread 400g",Basmati Rice 5kg,0.0354,0.1982,0.0234,0.6610169491525424,3.3351006516273585,0.01638372,2.3653100000000005
Basmati Rice 5kg,"Cooking Oil 1L, Toned Milk 1L, Toor Dal 1kg, White Bread 400g",0.1982,0.0354,0.0234,0.11806256306760848,3.335100651627358,0.01638372,1.0937283752860412
"Cooking Oil 1L, Toor Dal 1kg","Basmati Rice 5kg, White Bread 400g",0.1544,0.048,0.0246,0.1593264248704663,3.319300518134715,0.0171888,1.1324252696456085
"Basmati Rice 5kg, White Bread 400g","Cooking Oil 1L, Toor Dal 1kg",0.048,0.1544,0.0246,0.5125,3.3193005181347144,0.0171888,1.7345641025641025
Cooking Oil 1L,"Basmati Rice 5kg, White Bread 400g",0.1996,0.048,0.0318,0.15931863727454912,3.319138276553107,0.0222192,1.132414779499404
"Basmati Rice 5kg, White Bread 400g",Cooking Oil 1L,0.048,0.1996,0.0318,0.6625,3.319138276553106,0.0222192,2.371555555555555
"Cooking Oil 1L, Toor Dal 1kg, White Bread 400g",Basmati Rice 5kg,0.0376,0.1982,0.0246,0.6542553191489362,3.3009854649290427,0.01714768,2.319052307692308
Basmati Rice 5kg,"Cooking Oil 1L, Toor Dal 1kg, White Bread 400g",0.1982,0.0376,0.0246,0.124117053481332,3.300985464929042,0.01714768,1.0987769585253455
"Basmati Rice 5kg, Toned Milk 1L, White Bread 400g",Cooking Oil 1L,0.0454,0.1996,0.0298,0.6563876651982379,3.2885153567045986,0.02073816,2.3293692307692306
Cooking Oil 1L,"Basmati Rice 5kg, Toned Milk 1L, White Bread 400g",0.1996,0.0454,0.0298,0.1492985971943888,3.2885153567045986,0.02073816,1.1221328621908127
"Toned Milk 1L, Toor Dal 1kg","Basmati Rice 5kg, Cooking Oil 1L",0.0534,0.1462,0.025,0.4681647940074906,3.20222157323865,0.01719292,1.6053845070422537
"Basmati Rice 5kg, Cooking Oil 1L","Toned Milk 1L, Toor Dal 1kg",0.1462,0.0534,0.025,0.17099863201094392,3.20222157323865,0.01719292,1.1418557755775578
"Basmati Rice 5kg, Toned Milk 1L, Toor Dal 1kg",Cooking Oil 1L,0.0392,0.1996,0.025,0.6377551020408164,3.195165841887858,0.017175680000000002,2.2095549295774655
Cooking Oil 1L,"Basmati Rice 5kg, Toned Milk 1L, Toor Dal 1kg",0.1996,0.0392,0.025,0.12525050100200402,3.195165841887858,0.017175680000000002,1.0983715922107673
"Basmati Rice 5kg, Toor Dal 1kg, White Bread 400g",Cooking Oil 1L,0.039,0.1996,0.0246,0.6307692307692307,3.160166486819793,0.0168156,2.16775
Cooking Oil 1L,"Basmati Rice 5kg, Toor Dal 1kg, White Bread 400g",0.1996,0.039,0.0246,0.12324649298597194,3.160166486819793,0.0168156,1.0960891428571429
"Basmati Rice 5kg, Toned Milk 1L, Toor Dal 1kg, White Bread 400g",Cooking Oil 1L,0.0374,0.1996,0.0234,0.6256684491978609,3.134611468927159,0.015934959999999998,2.138211428571428
Cooking Oil 1L,"Basmati Rice 5kg, Toned Milk 1L, Toor Dal 1kg, White Bread 400g",0.1996,0.0374,0.0234,0.11723446893787576,3.134611468927159,0.015934959999999998,1.0904367763904654
"Toned Milk 1L, Toor Dal 1kg, White Bread 400g","Basmati Rice 5kg, Cooking Oil 1L",0.0512,0.1462,0.0234,0.45703125,3.1260687414500685,0.01591456,1.5724661870503598
"Basmati Rice 5kg, Cooking Oil 1L","Toned Milk 1L, Toor Dal 1kg, White Bread 400g",0.1462,0.0512,0.0234,0.1600547195622435,3.1260687414500685,0.01591456,1.1295973941368078
"Toor Dal 1kg, White Bread 400g","Basmati Rice 5kg, Cooking Oil 1L",0.054,0.1462,0.0246,0.45555555555555555,3.1159750721994226,0.0167052,1.5682040816326528
"Basmati Rice 5kg, Cooking Oil 1L","Toor Dal 1kg, White Bread 400g",0.1462,0.054,0.0246,0.16826265389876882,3.1159750721994226,0.0167052,1.1373782894736841
"Cooking Oil 1L, Toor Dal 1kg","Ghee 500ml, Poha 500g",0.1544,0.1468,0.027,0.1748704663212435,1.1912157106351737,0.004334079999999997,1.0340194662480375
"Ghee 500ml, Poha 500g","Cooking Oil 1L, Toor Dal 1kg",0.1468,0.1544,0.027,0.1839237057220708,1.1912157106351735,0.004334079999999997,1.036177629382304
"Cooking Oil 1L, Toor Dal 1kg",Poha 500g,0.1544,0.1698,0.031,0.20077720207253885,1.1824334633247282,0.004782879999999996,1.0387591572123178
Poha 500g,"Cooking Oil 1L, Toor Dal 1kg",0.1698,0.1544,0.031,0.18256772673733804,1.1824334633247282,0.004782879999999996,1.0344587896253603
Poha 500g,Toor Dal 1kg,0.1698,0.2068,0.0408,0.2402826855123675,1.1619085372938467,0.00568536,1.044072558139535
Toor Dal 1kg,Poha 500g,0.2068,0.1698,0.0408,0.19729206963249515,1.1619085372938465,0.00568536,1.034249156626506
"Basmati Rice 5kg, Cooking Oil 1L","Ghee 500ml, Poha 500g",0.1462,0.1468,0.0248,0.16963064295485636,1.1555220909731359,0.003337839999999998,1.0274945634266885
"Ghee 500ml, Poha 500g","Basmati Rice 5kg, Cooking Oil 1L",0.1468,0.1462,0.0248,0.16893732970027245,1.1555220909731359,0.003337839999999998,1.027359344262295
"Ghee 500ml, Poha 500g",Cooking Oil 1L,0.1468,0.1996,0.0338,0.23024523160762939,1.1535332244871213,0.004498719999999994,1.039811681415929
Cooking Oil 1L,"Ghee 500ml, Poha 500g",0.1996,0.1468,0.0338,0.1693386773547094,1.153533224487121,0.004498719999999994,1.0271334137515078
"Ghee 500ml, Poha 500g",Toor Dal 1kg,0.1468,0.2068,0.035,0.23841961852861035,1.1528995093259689,0.004641759999999998,1.0415184257602863
Toor Dal 1kg,"Ghee 500ml, Poha 500g",0.2068,0.1468,0.035,0.16924564796905223,1.1528995093259686,0.004641759999999998,1.0270183934807917
"Basmati Rice 5kg, Cooking Oil 1L, Toor Dal 1kg",Poha 500g,0.1098,0.1698,0.0214,0.19489981785063754,1.1478198931132952,0.0027559599999999983,1.0311760180995477
Poha 500g,"Basmati Rice 5kg, Cooking Oil 1L, Toor Dal 1kg",0.1698,0.1098,0.0214,0.1260306242638398,1.147819893113295,0.0027559599999999983,1.0185711590296496
"Basmati Rice 5kg, Cooking Oil 1L, Toor Dal 1kg",Ghee 500ml,0.1098,0.1706,0.0214,0.19489981785063754,1.1424373848220255,0.0026681199999999995,1.0301823529411767
Ghee 500ml,"Basmati Rice 5kg, Cooking Oil 1L, Toor Dal 1kg",0.1706,0.1098,0.0214,0.1254396248534584,1.1424373848220255,0.0026681199999999995,1.0178828418230563
"Cooking Oil 1L, Toor Dal 1kg",Ghee 500ml,0.1544,0.1706,0.03,0.194300518134715,1.1389244908248242,0.003659359999999997,1.0294160771704182
Ghee 500ml,"Cooking Oil 1L, Toor Dal 1kg",0.1706,0.1544,0.03,0.17584994138335286,1.1389244908248242,0.003659359999999997,1.0260267425320058
"Ghee 500ml, Poha 500g","Basmati Rice 5kg, Toor Dal 1kg",0.1468,0.1534,0.0254,0.17302452316076292,1.1279303987011924,0.0028808799999999954,1.0237304777594727
"Basmati Rice 5kg, Toor Dal 1kg","Ghee 500ml, Poha 500g",0.1534,0.1468,0.0254,0.16558018252933507,1.1279303987011924,0.0028808799999999954,1.022506875
Poha 500g,Cooking Oil 1L,0.1698,0.1996,0.0382,0.2249705535924617,1.1271069819261608,0.00430792,1.0327349544072948
Cooking Oil 1L,Poha 500g,0.1996,0.1698,0.0382,0.19138276553106212,1.1271069819261608,0.00430792,1.0266909541511773
"Basmati Rice 5kg, Toor Dal 1kg",Poha 500g,0.1534,0.1698,0.0292,0.19035202086049544,1.1210366363986775,0.003152679999999998,1.0253838969404188
Poha 500g,"Basmati Rice 5kg, Toor Dal 1kg",0.1698,0.1534,0.0292,0.17196702002355713,1.1210366363986775,0.003152679999999998,1.0224230440967284
"Ghee 500ml, Poha 500g",Basmati Rice 5kg,0.1468,0.1982,0.0326,0.22207084468664845,1.1204381669356633,0.0035042399999999953,1.0306851138353765
Basmati Rice 5kg,"Ghee 500ml, Poha 500g",0.1982,0.1468,0.0326,0.16448032290615539,1.1204381669356633,0.0035042399999999953,1.0211608695652172
Toor Dal 1kg,Ghee 500ml,0.2068,0.1706,0.0392,0.18955512572533847,1.1111085915904952,0.003919919999999993,1.0233885441527446
Ghee 500ml,Toor Dal 1kg,0.1706,0.2068,0.0392,0.2297772567409144,1.111108591590495,0.003919919999999993,1.0298319634703197
"Basmati Rice 5kg, Cooking Oil 1L",Ghee 500ml,0.1462,0.1706,0.0276,0.18878248974008208,1.106579658499895,0.002658279999999999,1.0224138279932546
Ghee 500ml,"Basmati Rice 5kg, Cooking Oil 1L",0.1706,0.1462,0.0276,0.16178194607268465,1.106579658499895,0.002658279999999999,1.0185893706293705
Ghee 500ml,Cooking Oil 1L,0.1706,0.1996,0.0376,0.22039859320046895,1.1042013687398244,0.003548240000000001,1.0266784962406015
Cooking Oil 1L,Ghee 500ml,0.1996,0.1706,0.0376,0.18837675350701402,1.1042013687398242,0.003548240000000001,1.0219027160493828
"Basmati Rice 5kg, Cooking Oil 1L",Poha 500g,0.1462,0.1698,0.0274,0.18741450068399454,1.103736753144844,0.0025752399999999995,1.0216771043771045
Poha 500g,"Basmati Rice 5kg, Cooking Oil 1L",0.1698,0.1462,0.0274,0.16136631330977622,1.103736753144844,0.0025752399999999995,1.0180845505617977
"Basmati Rice 5kg, Cooking Oil 1L, Toor Dal 1kg",Potato Chips 90g,0.1098,0.2184,0.0264,0.24043715846994537,1.1009027402470026,0.0024196800000000004,1.0290129496402878
Potato Chips 90g,"Basmati Rice 5kg, Cooking Oil 1L, Toor Dal 1kg",0.2184,0.1098,0.0264,0.12087912087912087,1.1009027402470024,0.0024196800000000004,1.0126025
Ghee 500ml,"Basmati Rice 5kg, Toor Dal 1kg",0.1706,0.1534,0.0288,0.16881594372801875,1.1004950699349332,0.002629959999999997,1.0185469675599437
"Basmati Rice 5kg, Toor Dal 1kg",Ghee 500ml,0.1534,0.1706,0.0288,0.18774445893089958,1.100495069934933,0.002629959999999997,1.0211072231139648
"Choco Cookies 150g, Instant Coffee 100g","Cooking Oil 1L, Toor Dal 1kg",0.152,0.1544,0.0258,0.16973684210526316,1.099331878920098,0.0023311999999999986,1.018472266244057
"Cooking Oil 1L, Toor Dal 1kg","Choco Cookies 150g, Instant Coffee 100g",0.1544,0.152,0.0258,0.1670984455958549,1.099331878920098,0.0023311999999999986,1.018127527216174
"Basmati Rice 5kg, Cooking Oil 1L, Toor Dal 1kg","Cola 750ml, Potato Chips 90g",0.1098,0.1974,0.0238,0.21675774134790532,1.0980635326641608,0.0021254800000000025,1.0247148837209303
"Cola 750ml, Potato Chips 90g","Basmati Rice 5kg, Cooking Oil 1L, Toor Dal 1kg",0.1974,0.1098,0.0238,0.12056737588652483,1.0980635326641606,0.0021254800000000025,1.0122435483870968
Poha 500g,Basmati Rice 5kg,0.1698,0.1982,0.0368,0.2167255594817432,1.0934690185758993,0.003145639999999998,1.0236514285714287
Basmati Rice 5kg,Poha 500g,0.1982,0.1698,0.0368,0.1856710393541877,1.0934690185758993,0.003145639999999998,1.0194897149938043
"Choco Cookies 150g, Instant Coffee 100g",Cooking Oil 1L,0.152,0.1996,0.033,0.21710526315789475,1.0877017192279297,0.0026608000000000014,1.022359663865546
Cooking Oil 1L,"Choco Cookies 150g, Instant Coffee 100g",0.1996,0.152,0.033,0.1653306613226453,1.0877017192279295,0.0026608000000000014,1.0159711884753901
"Basmati Rice 5kg, Cooking Oil 1L, Toor Dal 1kg",Cola 750ml,0.1098,0.2164,0.0258,0.23497267759562843,1.085825682050039,0.002039280000000001,1.0242771428571429
Cola 750ml,"Basmati Rice 5kg, Cooking Oil 1L, Toor Dal 1kg",0.2164,0.1098,0.0258,0.11922365988909427,1.085825682050039,0.002039280000000001,1.0106992654774396
"Cooking Oil 1L, Toor Dal 1kg","Cola 750ml, Potato Chips 90g",0.1544,0.1974,0.033,0.21373056994818654,1.0827283178732854,0.00252144,1.020769686985173
"Cola 750ml, Potato Chips 90g","Cooking Oil 1L, Toor Dal 1kg",0.1974,0.1544,0.033,0.16717325227963528,1.0827283178732854,0.00252144,1.0153372262773723
Ghee 500ml,Basmati Rice 5kg,0.1706,0.1982,0.0366,0.21453692848769051,1.0824264807653408,0.0027870800000000043,1.0207991044776121
Basmati Rice 5kg,Ghee 500ml,0.1982,0.1706,0.0366,0.18466195761856713,1.0824264807653408,0.0027870800000000043,1.0172467821782178
"Cooking Oil 1L, Toor Dal 1kg",Potato Chips 90g,0.1544,0.2184,0.0364,0.23575129533678757,1.079447322970639,0.0026790400000000006,1.0227037288135592
Potato Chips 90g,"Cooking Oil 1L, Toor Dal 1kg",0.2184,0.1544,0.0364,0.16666666666666666,1.079447322970639,0.0026790400000000006,1.01472
Cooking Oil 1L,Choco Cookies 150g,0.1996,0.1776,0.0382,0.19138276553106212,1.0776056617739984,0.0027510399999999963,1.0170448574969022
Choco Cookies 150g,Cooking Oil 1L,0.1776,0.1996,0.0382,0.21509009009009006,1.0776056617739982,0.0027510399999999963,1.0197348637015782
"Cooking Oil 1L, Toor Dal 1kg",Cola 750ml,0.1544,0.2164,0.036,0.233160621761658,1.0774520414124675,0.002587839999999994,1.0218567567567567
Cola 750ml,"Cooking Oil 1L, Toor Dal 1kg",0.2164,0.1544,0.036,0.166358595194085,1.0774520414124675,0.002587839999999994,1.0143450110864745
"Cooking Oil 1L, Toor Dal 1kg",Choco Cookies 150g,0.1544,0.1776,0.0294,0.1904145077720207,1.072153759977594,0.0019785599999999973,1.0158284800000001
Choco Cookies 150g,"Cooking Oil 1L, Toor Dal 1kg",0.1776,0.1544,0.0294,0.16554054054054052,1.0721537599775939,0.0019785599999999973,1.0133506072874494
"Basmati Rice 5kg, Cooking Oil 1L",Potato Chips 90g,0.1462,0.2184,0.0342,0.23392612859097128,1.0710903323762422,0.0022699200000000017,1.0202671428571428
Potato Chips 90g,"Basmati Rice 5kg, Cooking Oil 1L",0.2184,0.1462,0.0342,0.1565934065934066,1.0710903323762422,0.0022699200000000017,1.0123231270358306
"Basmati Rice 5kg, Cooking Oil 1L","Cola 750ml, Potato Chips 90g",0.1462,0.1974,0.0308,0.21067031463748292,1.0672255047491537,0.0019401200000000035,1.0168121317157712
"Cola 750ml, Potato Chips 90g","Basmati Rice 5kg, Cooking Oil 1L",0.1974,0.1462,0.0308,0.15602836879432624,1.0672255047491535,0.0019401200000000035,1.0116453781512604
"Cola 750ml, Potato Chips 90g","Basmati Rice 5kg, Toor Dal 1kg",0.1974,0.1534,0.0322,0.16312056737588654,1.0633674535585824,0.001918839999999998,1.0116152542372883
"Basmati Rice 5kg, Toor Dal 1kg","Cola 750ml, Potato Chips 90g",0.1534,0.1974,0.0322,0.20990873533246412,1.0633674535585822,0.001918839999999998,1.01583201320132
"Cola 750ml, Potato Chips 90g",Toor Dal 1kg,0.1974,0.2068,0.0434,0.2198581560283688,1.0631438879514932,0.002577679999999999,1.0167381818181818
Toor Dal 1kg,"Cola 750ml, Potato Chips 90g",0.2068,0.1974,0.0434,0.20986460348162475,1.0631438879514932,0.002577679999999999,1.0157752753977967
Cola 750ml,"Basmati Rice 5kg, Cooking Oil 1L",0.2164,0.1462,0.0336,0.15526802218114602,1.0620247755208347,0.0019623199999999966,1.0107347921225383
"Basmati Rice 5kg, Cooking Oil 1L",Cola 750ml,0.1462,0.2164,0.0336,0.22982216142270862,1.0620247755208345,0.0019623199999999966,1.0174273534635878
"Basmati Rice 5kg, Cooking Oil 1L","Choco Cookies 150g, Instant Coffee 100g",0.1462,0.152,0.0236,0.16142270861833105,1.0619915040679675,0.0013775999999999997,1.011236541598695
"Choco Cookies 150g, Instant Coffee 100g","Basmati Rice 5kg, Cooking Oil 1L",0.152,0.1462,0.0236,0.15526315789473685,1.0619915040679675,0.0013775999999999997,1.010728971962617
"Cooking Oil 1L, Toor Dal 1kg",Instant Coffee 100g,0.1544,0.177,0.029,0.1878238341968912,1.0611516056321537,0.0016712000000000012,1.0133269537480063
Instant Coffee 100g,"Cooking Oil 1L, Toor Dal 1kg",0.177,0.1544,0.029,0.16384180790960454,1.0611516056321537,0.0016712000000000012,1.011291891891892
"Basmati Rice 5kg, Cooking Oil 1L, Toor Dal 1kg",Instant Coffee 100g,0.1098,0.177,0.0206,0.1876138433515483,1.059965216675414,0.0011654000000000005,1.0130650224215247
Instant Coffee 100g,"Basmati Rice 5kg, Cooking Oil 1L, Toor Dal 1kg",0.177,0.1098,0.0206,0.11638418079096045,1.059965216675414,0.0011654000000000005,1.0074514066496163
Toor Dal 1kg,Potato Chips 90g,0.2068,0.2184,0.0478,0.2311411992263056,1.058338824296271,0.002634879999999999,1.0165715723270439
Potato Chips 90g,Toor Dal 1kg,0.2184,0.2068,0.0478,0.21886446886446886,1.058338824296271,0.002634879999999999,1.0154447831184057
Potato Chips 90g,"Toned Milk 1L, White Bread 400g",0.2184,0.2384,0.055,0.2518315018315018,1.0563401922462325,0.0029334399999999955,1.0179525091799266
"Toned Milk 1L, White Bread 400g",Potato Chips 90g,0.2384,0.2184,0.055,0.2307046979865772,1.0563401922462325,0.0029334399999999955,1.0159947655398036
"Choco Cookies 150g, Instant Coffee 100g",Toor Dal 1kg,0.152,0.2068,0.0332,0.21842105263157896,1.0561946452204012,0.0017664000000000013,1.014868686868687
Toor Dal 1kg,"Choco Cookies 150g, Instant Coffee 100g",0.2068,0.152,0.0332,0.16054158607350097,1.0561946452204012,0.0017664000000000013,1.0101751152073732
Cooking Oil 1L,Cola 750ml,0.1996,0.2164,0.0456,0.22845691382765532,1.0557158679651355,0.002406560000000002,1.0156270129870129
Cola 750ml,Cooking Oil 1L,0.2164,0.1996,0.0456,0.21072088724584104,1.0557158679651355,0.002406560000000002,1.0140899297423887
Toor Dal 1kg,Cola 750ml,0.2068,0.2164,0.0472,0.22823984526112184,1.0547127784709882,0.002448479999999996,1.0153413533834585
Cola 750ml,Toor Dal 1kg,0.2164,0.2068,0.0472,0.21811460258780035,1.0547127784709882,0.002448479999999996,1.0144709219858157
Hand Sanitizer 200ml,Toor Dal 1kg,0.1662,0.2068,0.0362,0.21780986762936225,1.0532392051709973,0.0018298400000000062,1.0140756923076923
Toor Dal 1kg,Hand Sanitizer 200ml,0.2068,0.1662,0.0362,0.17504835589941972,1.0532392051709971,0.0018298400000000062,1.0107259085580305
Potato Chips 90g,Toned Milk 1L,0.2184,0.254,0.0584,0.2673992673992674,1.0527530212569582,0.0029263999999999957,1.01829
Toned Milk 1L,Potato Chips 90g,0.254,0.2184,0.0584,0.22992125984251968,1.0527530212569582,0.0029263999999999957,1.014961145194274
Hand Sanitizer 200ml,Toned Milk 1L,0.1662,0.254,0.0444,0.26714801444043323,1.0517638363796584,0.002185200000000005,1.0179408866995074
Toned Milk 1L,Hand Sanitizer 200ml,0.254,0.1662,0.0444,0.17480314960629922,1.0517638363796584,0.002185200000000005,1.0104255725190838
"Cola 750ml, Potato Chips 90g",Cooking Oil 1L,0.1974,0.1996,0.0414,0.20972644376899696,1.0507336862174197,0.001998960000000001,1.012813846153846
Cooking Oil 1L,"Cola 750ml, Potato Chips 90g",0.1996,0.1974,0.0414,0.20741482965931862,1.0507336862174197,0.001998960000000001,1.012635651074589
"Basmati Rice 5kg, Toor Dal 1kg",Potato Chips 90g,0.1534,0.2184,0.0352,0.22946544980443287,1.050665978958026,0.0016974400000000014,1.014360744500846
Potato Chips 90g,"Basmati Rice 5kg, Toor Dal 1kg",0.2184,0.1534,0.0352,0.16117216117216118,1.050665978958026,0.0016974400000000014,1.009265502183406
"Ghee 500ml, Poha 500g","Choco Cookies 150g, Instant Coffee 100g",0.1468,0.152,0.0234,0.15940054495912806,1.0486877957837373,0.0010863999999999978,1.008803889789303
"Choco Cookies 150g, Instant Coffee 100g","Ghee 500ml, Poha 500g",0.152,0.1468,0.0234,0.15394736842105264,1.0486877957837373,0.0010863999999999978,1.008447900466563
Cola 750ml,"Basmati Rice 5kg, Toor Dal 1kg",0.2164,0.1534,0.0348,0.1608133086876155,1.0483266537654206,0.001604239999999993,1.0088339207048458
"Basmati Rice 5kg, Toor Dal 1kg",Cola 750ml,0.1534,0.2164,0.0348,0.226857887874837,1.0483266537654203,0.001604239999999993,1.0135264755480606
Cooking Oil 1L,Potato Chips 90g,0.1996,0.2184,0.0456,0.22845691382765532,1.046048140236517,0.0020073599999999997,1.013034805194805
Potato Chips 90g,Cooking Oil 1L,0.2184,0.1996,0.0456,0.2087912087912088,1.046048140236517,0.0020073599999999997,1.0116166666666666
Potato Chips 90g,White Bread 400g,0.2184,0.2546,0.058,0.26556776556776557,1.0430784193549316,0.002395359999999999,1.0149336658354116
White Bread 400g,Potato Chips 90g,0.2546,0.2184,0.058,0.22780832678711707,1.0430784193549316,0.002395359999999999,1.012183926754832
"Face Wash 100ml, Hand Sanitizer 200ml",Toor Dal 1kg,0.1318,0.2068,0.0284,0.21547799696509864,1.0419632348409025,0.0011437600000000006,1.011061508704062
Toor Dal 1kg,"Face Wash 100ml, Hand Sanitizer 200ml",0.2068,0.1318,0.0284,0.13733075435203096,1.0419632348409025,0.0011437600000000006,1.006411210762332
"Choco Cookies 150g, Instant Coffee 100g",Ghee 500ml,0.152,0.1706,0.027,0.17763157894736842,1.041216758190905,0.0010688000000000017,1.0085504
Ghee 500ml,"Choco Cookies 150g, Instant Coffee 100g",0.1706,0.152,0.027,0.15826494724501758,1.041216758190905,0.0010688000000000017,1.0074428969359333
Cola 750ml,"Toned Milk 1L, White Bread 400g",0.2164,0.2384,0.0536,0.2476894639556377,1.038965872297138,0.0020102399999999965,1.0123479115479117
"Toned Milk 1L, White Bread 400g",Cola 750ml,0.2384,0.2164,0.0536,0.22483221476510068,1.038965872297138,0.0020102399999999965,1.010877922077922
"Toned Milk 1L, White Bread 400g",Toor Dal 1kg,0.2384,0.2068,0.0512,0.21476510067114096,1.038515960692171,0.0018988799999999986,1.0101435897435898
Toor Dal 1kg,"Toned Milk 1L, White Bread 400g",0.2068,0.2384,0.0512,0.24758220502901354,1.0385159606921708,0.0018988799999999986,1.0122035989717224
"Choco Cookies 150g, Instant Coffee 100g","Basmati Rice 5kg, Toor Dal 1kg",0.152,0.1534,0.0242,0.15921052631578947,1.0378782680299183,0.0008831999999999972,1.0069107981220657
"Basmati Rice 5kg, Toor Dal 1kg","Choco Cookies 150g, Instant Coffee 100g",0.1534,0.152,0.0242,0.15775749674054756,1.0378782680299181,0.0008831999999999972,1.0068359133126934
Cola 750ml,Toned Milk 1L,0.2164,0.254,0.057,0.2634011090573013,1.037012240383076,0.0020343999999999987,1.012762860727729
Toned Milk 1L,Cola 750ml,0.254,0.2164,0.057,0.22440944881889766,1.037012240383076,0.0020343999999999987,1.0103269035532996
Instant Coffee 100g,Cooking Oil 1L,0.177,0.1996,0.0366,0.20677966101694917,1.0359702455758977,0.0012708000000000025,1.0090512820512823
Cooking Oil 1L,Instant Coffee 100g,0.1996,0.177,0.0366,0.18336673346693388,1.0359702455758977,0.0012708000000000025,1.007796319018405
"Basmati Rice 5kg, Cooking Oil 1L, Toor Dal 1kg",Choco Cookies 150g,0.1098,0.1776,0.0202,0.18397085610200364,1.0358719375112817,0.0006995199999999986,1.007807142857143
Choco Cookies 150g,"Basmati Rice 5kg, Cooking Oil 1L, Toor Dal 1kg",0.1776,0.1098,0.0202,0.11373873873873873,1.0358719375112817,0.0006995199999999986,1.0044442185514613
Toor Dal 1kg,Choco Cookies 150g,0.2068,0.1776,0.038,0.18375241779497098,1.0346419920888006,0.0012723199999999935,1.0075374407582938
Choco Cookies 150g,Toor Dal 1kg,0.1776,0.2068,0.038,0.21396396396396394,1.0346419920888004,0.0012723199999999935,1.009114040114613
Toned Milk 1L,"Cola 750ml, Potato Chips 90g",0.254,0.1974,0.0518,0.20393700787401575,1.033115541408388,0.0016603999999999994,1.008211671612265
"Cola 750ml, Potato Chips 90g",Toned Milk 1L,0.1974,0.254,0.0518,0.2624113475177305,1.0331155414083877,0.0016603999999999994,1.0114038461538462
Instant Coffee 100g,Toor Dal 1kg,0.177,0.2068,0.0378,0.21355932203389832,1.0326853096416746,0.0011964000000000002,1.0085948275862069
Toor Dal 1kg,Instant Coffee 100g,0.2068,0.177,0.0378,0.1827852998065764,1.0326853096416746,0.0011964000000000002,1.0070792899408283
"Ghee 500ml, Poha 500g",Face Wash 100ml,0.1468,0.157,0.0238,0.16212534059945505,1.0326454815251913,0.0007524000000000003,1.0061170731707316
Face Wash 100ml,"Ghee 500ml, Poha 500g",0.157,0.1468,0.0238,0.1515923566878981,1.0326454815251913,0.0007524000000000003,1.0056486486486487
"Basmati Rice 5kg, Cooking Oil 1L",Choco Cookies 150g,0.1462,0.1776,0.0268,0.18331053351573187,1.0321539049309227,0.0008348799999999997,1.0069922948073702
Choco Cookies 150g,"Basmati Rice 5kg, Cooking Oil 1L",0.1776,0.1462,0.0268,0.1509009009009009,1.0321539049309227,0.0008348799999999997,1.0055363395225465
Cola 750ml,White Bread 400g,0.2164,0.2546,0.0568,0.26247689463955637,1.0309383135882026,0.0017045600000000008,1.0106802005012532
White Bread 400g,Cola 750ml,0.2546,0.2164,0.0568,0.22309505106048705,1.0309383135882026,0.0017045600000000008,1.0086175935288169
"Choco Cookies 150g, Instant Coffee 100g",Poha 500g,0.152,0.1698,0.0266,0.175,1.0306242638398115,0.0007903999999999967,1.0063030303030305
Poha 500g,"Choco Cookies 150g, Instant Coffee 100g",0.1698,0.152,0.0266,0.15665488810365133,1.0306242638398113,0.0007903999999999967,1.0055195530726257
Face Wash 100ml,Toor Dal 1kg,0.157,0.2068,0.0334,0.2127388535031847,1.0287178602668505,0.0009323999999999999,1.0075436893203884
Toor Dal 1kg,Face Wash 100ml,0.2068,0.157,0.0334,0.16150870406189555,1.0287178602668505,0.0009323999999999999,1.0053771626297578
"Cola 750ml, Potato Chips 90g","Toned Milk 1L, White Bread 400g",0.1974,0.2384,0.0484,0.24518743667679838,1.0284707914295235,0.0013398400000000019,1.0089922147651007
"Toned Milk 1L, White Bread 400g","Cola 750ml, Potato Chips 90g",0.2384,0.1974,0.0484,0.2030201342281879,1.0284707914295235,0.0013398400000000019,1.0070517894736841
"Choco Cookies 150g, Instant Coffee 100g",White Bread 400g,0.152,0.2546,0.0398,0.26184210526315793,1.0284450324554515,0.001100800000000006,1.0098110516934047
White Bread 400g,"Choco Cookies 150g, Instant Coffee 100g",0.2546,0.152,0.0398,0.15632364493322862,1.0284450324554515,0.001100800000000006,1.0051247672253258
"Face Wash 100ml, Hand Sanitizer 200ml","Choco Cookies 150g, Instant Coffee 100g",0.1318,0.152,0.0206,0.15629742033383914,1.0282725021963102,0.0005664000000000016,1.005093525179856
"Choco Cookies 150g, Instant Coffee 100g","Face Wash 100ml, Hand Sanitizer 200ml",0.152,0.1318,0.0206,0.1355263157894737,1.0282725021963102,0.0005664000000000016,1.004310502283105
Face Wash 100ml,Poha 500g,0.157,0.1698,0.0274,0.1745222929936306,1.0278109128011224,0.0007413999999999997,1.0057206790123456
Poha 500g,Face Wash 100ml,0.1698,0.157,0.0274,0.16136631330977622,1.0278109128011224,0.0007413999999999997,1.0052064606741573
Toor Dal 1kg,White Bread 400g,0.2068,0.2546,0.054,0.2611218568665377,1.0256160913846728,0.0013487199999999977,1.0088267015706807
White Bread 400g,Toor Dal 1kg,0.2546,0.2068,0.054,0.21209740769835037,1.0256160913846728,0.0013487199999999977,1.0067234297108674
"Cola 750ml, Potato Chips 90g",White Bread 400g,0.1974,0.2546,0.0514,0.26038500506585616,1.0227219366294429,0.0011419600000000044,1.0078216438356165
White Bread 400g,"Cola 750ml, Potato Chips 90g",0.2546,0.1974,0.0514,0.20188531029065201,1.0227219366294429,0.0011419600000000044,1.0056198818897637
"Basmati Rice 5kg, Toor Dal 1kg","Toned Milk 1L, White Bread 400g",0.1534,0.2384,0.0374,0.2438070404172099,1.0226805386627933,0.0008294400000000007,1.0071503448275863
"Toned Milk 1L, White Bread 400g","Basmati Rice 5kg, Toor Dal 1kg",0.2384,0.1534,0.0374,0.1568791946308725,1.0226805386627933,0.0008294400000000007,1.0041265671641793
"Choco Cookies 150g, Instant Coffee 100g",Face Wash 100ml,0.152,0.157,0.0244,0.1605263157894737,1.0224606101240363,0.0005360000000000018,1.0042006269592476
Face Wash 100ml,"Choco Cookies 150g, Instant Coffee 100g",0.157,0.152,0.0244,0.15541401273885352,1.0224606101240363,0.0005360000000000018,1.0040422322775264
"Choco Cookies 150g, Instant Coffee 100g",Toned Milk 1L,0.152,0.254,0.0394,0.25921052631578945,1.0205138831330294,0.000792000000000001,1.0070337477797513
Toned Milk 1L,"Choco Cookies 150g, Instant Coffee 100g",0.254,0.152,0.0394,0.15511811023622046,1.0205138831330294,0.000792000000000001,1.003690587138863
"Face Wash 100ml, Hand Sanitizer 200ml",Instant Coffee 100g,0.1318,0.177,0.0238,0.1805766312594841,1.0202069562682718,0.00047140000000000376,1.0043648148148148
Instant Coffee 100g,"Face Wash 100ml, Hand Sanitizer 200ml",0.177,0.1318,0.0238,0.13446327683615822,1.0202069562682718,0.00047140000000000376,1.0030770234986945
"Toned Milk 1L, White Bread 400g",Hand Sanitizer 200ml,0.2384,0.1662,0.0404,0.16946308724832215,1.0196334972823236,0.0007779200000000014,1.0039288888888889
Hand Sanitizer 200ml,"Toned Milk 1L, White Bread 400g",0.1662,0.2384,0.0404,0.2430806257521059,1.0196334972823233,0.0007779200000000014,1.006183783783784
Hand Sanitizer 200ml,Cooking Oil 1L,0.1662,0.1996,0.0338,0.20336943441636582,1.0188849419657606,0.0006264799999999987,1.0047317220543805
Cooking Oil 1L,Hand Sanitizer 200ml,0.1996,0.1662,0.0338,0.1693386773547094,1.0188849419657606,0.0006264799999999987,1.0037785283474066
"Cola 750ml, Potato Chips 90g",Basmati Rice 5kg,0.1974,0.1982,0.0398,0.2016210739614995,1.0172607162537817,0.000675320000000007,1.0042850253807107
Basmati Rice 5kg,"Cola 750ml, Potato Chips 90g",0.1982,0.1974,0.0398,0.2008072653884965,1.0172607162537817,0.000675320000000007,1.0042633838383839
Toor Dal 1kg,Toned Milk 1L,0.2068,0.254,0.0534,0.25822050290135395,1.016616153154937,0.0008728,1.0056897001303782
Toned Milk 1L,Toor Dal 1kg,0.254,0.2068,0.0534,0.21023622047244095,1.016616153154937,0.0008728,1.0043509471585244
Ghee 500ml,Choco Cookies 150g,0.1706,0.1776,0.0308,0.18053927315357562,1.016549961450313,0.0005014399999999988,1.0035868383404865
Choco Cookies 150g,Ghee 500ml,0.1776,0.1706,0.0308,0.17342342342342343,1.016549961450313,0.0005014399999999988,1.0034158038147138
Basmati Rice 5kg,Cola 750ml,0.1982,0.2164,0.0436,0.2199798183652876,1.016542598730534,0.0007095199999999982,1.0045893919793014
Cola 750ml,Basmati Rice 5kg,0.2164,0.1982,0.0436,0.20147874306839186,1.016542598730534,0.0007095199999999982,1.0041060185185187
Instant Coffee 100g,White Bread 400g,0.177,0.2546,0.0458,0.25875706214689265,1.0163278167592014,0.0007358000000000017,1.0056082317073172
White Bread 400g,Instant Coffee 100g,0.2546,0.177,0.0458,0.17989002356637865,1.0163278167592014,0.0007358000000000017,1.0035239463601533
"Choco Cookies 150g, Instant Coffee 100g","Toned Milk 1L, White Bread 400g",0.152,0.2384,0.0368,0.24210526315789474,1.0155422112327799,0.0005631999999999998,1.004888888888889
"Toned Milk 1L, White Bread 400g","Choco Cookies 150g, Instant Coffee 100g",0.2384,0.152,0.0368,0.15436241610738255,1.0155422112327799,0.0005631999999999998,1.0027936507936508
"Basmati Rice 5kg, Toor Dal 1kg",Hand Sanitizer 200ml,0.1534,0.1662,0.0258,0.1681877444589309,1.0119599546265396,0.0003049200000000002,1.0023896551724139
Hand Sanitizer 200ml,"Basmati Rice 5kg, Toor Dal 1kg",0.1662,0.1534,0.0258,0.1552346570397112,1.0119599546265396,0.0003049200000000002,1.002171794871795
Basmati Rice 5kg,Potato Chips 90g,0.1982,0.2184,0.0438,0.2209889001009082,1.0118539381909715,0.0005131199999999989,1.0033233160621762
Potato Chips 90g,Basmati Rice 5kg,0.2184,0.1982,0.0438,0.20054945054945053,1.0118539381909715,0.0005131199999999989,1.0029388316151202
Instant Coffee 100g,Toned Milk 1L,0.177,0.254,0.0454,0.256497175141243,1.00983139819387,0.0004420000000000049,1.0033586626139819
Toned Milk 1L,Instant Coffee 100g,0.254,0.177,0.0454,0.17874015748031497,1.00983139819387,0.0004420000000000049,1.0021188878235856
"Toned Milk 1L, White Bread 400g",Instant Coffee 100g,0.2384,0.177,0.0426,0.17869127516778524,1.00955522693664,0.0004031999999999994,1.0020592441266598
Instant Coffee 100g,"Toned Milk 1L, White Bread 400g",0.177,0.2384,0.0426,0.24067796610169492,1.0095552269366397,0.0004031999999999994,1.0030000000000001
"Basmati Rice 5kg, Toor Dal 1kg",Instant Coffee 100g,0.1534,0.177,0.0274,0.1786179921773142,1.0091411987418881,0.0002482000000000005,1.0019698412698412
Instant Coffee 100g,"Basmati Rice 5kg, Toor Dal 1kg",0.177,0.1534,0.0274,0.15480225988700566,1.0091411987418881,0.0002482000000000005,1.001659090909091
"Choco Cookies 150g, Instant Coffee 100g",Basmati Rice 5kg,0.152,0.1982,0.0304,0.2,1.0090817356205855,0.0002736000000000023,1.00225
Basmati Rice 5kg,"Choco Cookies 150g, Instant Coffee 100g",0.1982,0.152,0.0304,0.15338042381432898,1.0090817356205855,0.0002736000000000023,1.0016305125148988
"Basmati Rice 5kg, Toor Dal 1kg",Toned Milk 1L,0.1534,0.254,0.0392,0.2555410691003911,1.0060672011826421,0.00023639999999999772,1.0020700525394044
Toned Milk 1L,"Basmati Rice 5kg, Toor Dal 1kg",0.254,0.1534,0.0392,0.15433070866141732,1.0060672011826421,0.00023639999999999772,1.0011005586592179
"Basmati Rice 5kg, Cooking Oil 1L",Instant Coffee 100g,0.1462,0.177,0.026,0.17783857729138167,1.004737724810066,0.00012260000000000049,1.0010199667221298
Instant Coffee 100g,"Basmati Rice 5kg, Cooking Oil 1L",0.177,0.1462,0.026,0.14689265536723164,1.004737724810066,0.00012260000000000049,1.0008119205298014
"Face Wash 100ml, Hand Sanitizer 200ml",Cooking Oil 1L,0.1318,0.1996,0.0264,0.20030349013657056,1.0035244996822172,9.2720000000001e-05,1.0008796963946869
Cooking Oil 1L,"Face Wash 100ml, Hand Sanitizer 200ml",0.1996,0.1318,0.0264,0.13226452905811623,1.0035244996822172,9.2720000000001e-05,1.0005353348729793
"Face Wash 100ml, Hand Sanitizer 200ml","Cooking Oil 1L, Toor Dal 1kg",0.1318,0.1544,0.0204,0.15477996965098637,1.002460943335404,5.008000000000096e-05,1.000449551166966
"Cooking Oil 1L, Toor Dal 1kg","Face Wash 100ml, Hand Sanitizer 200ml",0.1544,0.1318,0.0204,0.13212435233160622,1.0024609433354037,5.008000000000096e-05,1.0003737313432837
Face Wash 100ml,Cooking Oil 1L,0.157,0.1996,0.0314,0.19999999999999998,1.002004008016032,6.27999999999948e-05,1.0005
Cooking Oil 1L,Face Wash 100ml,0.1996,0.157,0.0314,0.15731462925851702,1.002004008016032,6.27999999999948e-05,1.0003733650416171
Hand Sanitizer 200ml,Basmati Rice 5kg,0.1662,0.1982,0.033,0.19855595667870038,1.0017959469157436,5.916000000000948e-05,1.0004441441441443
Basmati Rice 5kg,Hand Sanitizer 200ml,0.1982,0.1662,0.033,0.1664984863773966,1.0017959469157436,5.916000000000948e-05,1.0003581113801454
Choco Cookies 150g,Poha 500g,0.1776,0.1698,0.0302,0.17004504504504506,1.0014431392523266,4.351999999999828e-05,1.000295251017639
Poha 500g,Choco Cookies 150g,0.1698,0.1776,0.0302,0.17785630153121318,1.0014431392523264,4.351999999999828e-05,1.0003117478510029
Face Wash 100ml,Ghee 500ml,0.157,0.1706,0.0268,0.17070063694267518,1.000589900015681,1.5799999999999842e-05,1.000121351766513
Ghee 500ml,Face Wash 100ml,0.1706,0.157,0.0268,0.1570926143024619,1.000589900015681,1.5799999999999842e-05,1.0001098748261474
Face Wash 100ml,Instant Coffee 100g,0.157,0.177,0.0278,0.1770700636942675,1.0003958400806074,1.1000000000000593e-05,1.0000851393188854
Instant Coffee 100g,Face Wash 100ml,0.177,0.157,0.0278,0.15706214689265538,1.0003958400806074,1.1000000000000593e-05,1.000073726541555
